Year,Event Name,Continent,Event Description
1925,South African Rand mine strike,Africa,"In 1925, thousands of African gold‑mine workers on the Witwatersrand launched a coordinated strike demanding higher wages, reduced work hours, and improved living conditions. Organized chiefly by the Industrial and Commercial Workers’ Union and supported by emerging socialist groups, the action spread across major mines such as Randfontein, West Rand, and East Rand. Mine owners responded with lockouts, police repression, and the deployment of armed security, resulting in violent clashes that left dozens injured and many workers arrested. Although the strike was ultimately broken after several weeks, it forced mine owners to grant modest wage increases and highlighted the growing militancy of black labor, influencing subsequent labor legislation and the development of South Africa’s left‑wing political movements."
1926,Birth of Pan-African Congress,Africa,"In 1926, African intellectuals and diaspora leaders formally organized the Pan‑African Congress, creating a trans‑continental platform to coordinate anti‑colonial and anti‑racist activism. Spearheaded by W. E. B. Du Bois, Marcus Garvey’s associates, and West African elites such as J. E. Moore, the movement convened preparatory meetings in London and Paris, drafting a charter that demanded self‑determination for African peoples, the end of European colonial rule, and equal civil rights for Black populations worldwide. Delegates from British and French West Africa, the Caribbean, the United States, and South Africa gathered to exchange strategies, lobby European governments, and lay the groundwork for the first official Pan‑African Congress held in New York in 1927. This 1926 initiative marked the birth of a coordinated, global Pan‑African political network."
1927,Foundation of ANC Youth League (SA),Africa,"In 1927, young activists in South Africa founded the African National Congress Youth League (ANCYL) to inject new energy into the struggle against racial oppression. Led by figures such as Anton Lembede, Nelson Mandela, Walter Sisulu, and Oliver Tambo, the league adopted a more militant and mass‑based approach than the parent ANC, demanding full citizenship rights, land reform, and an end to pass laws. Its first conference in Bloemfontein articulated the “Programme of Action,” calling for organized protests, boycotts, and civil disobedience. The ANCYL quickly became a catalyst for the ANC’s shift toward direct confrontation, laying groundwork for later campaigns such as the Defiance Campaign of the 1950s."
1928,South African Black political conference,Africa,"In 1928, black political leaders from across South Africa gathered at a conference in Johannesburg to coordinate opposition to segregationist legislation, particularly the Natives (Urban Areas) Act and the Native Trust and Land Act. Representatives included members of the South African Native National Congress, the African People’s Organisation, and various regional tribal councils. The meeting adopted resolutions calling for a unified political front, the preparation of petitions to the Union government, and the creation of a national federation of black associations. Though the conference did not achieve immediate legislative change, it marked an early attempt at pan‑African political coordination that laid groundwork for later mass movements"
1930,Mass migration for economic reasons in Sahel,Africa,"In 1930 a severe drought combined with the global economic downturn and French colonial tax and labor policies triggered a large‑scale economic migration across the Sahel. Nomadic Tuareg, Fulani, Songhai and other pastoral and farming communities abandoned increasingly barren lands in present‑day Mauritania, Mali, Niger and Chad, moving southward into the more fertile Sudanian zone, colonial towns such as Bamako and Niamey, and coastal ports. The exodus strained limited urban resources, altered traditional settlement patterns, and prompted the French administration to establish emergency relief camps and to intensify forced‑labor recruitment for public works and cotton"
1931,Libya: Resistance against Italian colonization,Africa,"After Italy seized Libya in 1911, the Senussi‑led guerrilla movement continued to contest the occupation, especially in Cyrenaica. By 1931, Italian forces under General Rodolfo Graziani intensified a pacification campaign that combined aerial bombardment, mass arrests, forced relocations into desert concentration camps, and punitive reprisals against villages suspected of aiding rebels. The resistance, coordinated by the revered cleric Omar al‑Mukhtar, employed hit‑and‑run tactics but suffered heavy losses as the Italians deployed superior firepower and intelligence networks. In September 1931 Mukhtar was captured after a betrayal, tried, and executed, dealing a decisive blow to organized opposition. Nonetheless, sporadic insurgency persisted, while Italy consolidated its colonial administration and began large‑scale settlement projects."
1932,Egypt: Mass protests for independence,Africa,"In 1932 Egypt witnessed a wave of mass protests demanding full sovereignty after the 1922 declaration left Britain in control of defense, foreign affairs and the Suez Canal. The British‑imposed 1930 constitution, which curtailed parliamentary powers, ignited nationwide strikes, student rallies, and demonstrations organized by the Wafd Party, nationalist youth groups, and labor unions. Demonstrators occupied streets in Cairo, Alexandria and provincial towns, chanting for the withdrawal of British troops and the repeal of the restrictive constitution. The unrest forced the resignation of the pro‑British prime minister and compelled Britain to agree to renegotiate Egypt’s status, setting the stage for the 1936 Anglo‑Egyptian Treaty that granted limited independence."
1933,"Anticolonial riots, Kenya",Africa,"In 1933 Kenyan Africans, chiefly Kikuyu, erupted in anti‑colonial riots across Nairobi and surrounding districts to protest the colonial government's continued land alienation in the White Highlands, rising hut taxes, and compulsory labor drafts. Demonstrations quickly turned violent as crowds attacked police stations, looted shops, and clashed with colonial forces, resulting in dozens of injuries and several deaths. The administration declared a state of emergency, deployed the King's African Rifles, and arrested hundreds of suspected agitators, including leaders of the Kikuyu Central Association. The crackdown deepened resentment toward British rule and sowed early seeds of organized nationalist resistance that would later culminate in the Mau Mau movement."
1934,Moroccan urban protests,Africa,"In 1934 Moroccan cities—most notably Fez, Casablanca and Tangier—experienced a wave of anti‑colonial demonstrations sparked by French authorities’ increase of taxes, price controls on staple goods, and the extension of the Indigénat legal regime. Nationalist activists, including members of the nascent Istiqlal movement and traditional religious leaders, organized mass rallies, strikes of municipal workers, and street confrontations demanding political representation and the repeal of repressive ordinances. The protests were met with forceful police and military repression; dozens were killed or wounded, many leaders were arrested, and curfews were imposed. Although the uprisings were swiftly quelled, they heightened nationalist consciousness, exposed the limits of French control, and set the stage for the broader independence struggle that intensified after World War II."
1935,Italian invasion of Ethiopia (mobilizations),Africa,"In early 1935 Mussolini’s Fascist regime began extensive military preparations for a war of conquest against Ethiopia, the last independent African empire. Italy mobilized three army corps, a fleet of warships, and an air force equipped with modern bombers, while transporting tens of thousands of troops to the Eritrean and Somali coasts. The buildup was accompanied by diplomatic pressure on the League of Nations, which condemned the aggression but failed to enforce sanctions. Ethiopian forces, under Emperor Haile Selassie, scrambled to reinforce frontier garrisons with limited modern arms. The mobilizations set the stage for the full‑scale invasion that commenced in October 1935, marking a pivotal challenge to collective security."
1936,Mass labor strikes in Ghana,Africa,"In 1936, the British Gold Coast (now Ghana) experienced a wave of coordinated labor strikes that spread across cocoa farms, dockyards, railways, and municipal services. Triggered by falling cocoa prices, stagnant wages, and oppressive colonial labor regulations, workers organized through emerging unions such as the Gold Coast Workers’ Union and the Railway Workers’ Union. Demonstrations escalated into prolonged work stoppages, prompting colonial authorities to deploy police and enact emergency measures. Although the strikes were eventually suppressed, they exposed deep economic grievances, galvanized a nascent nationalist labor movement, and laid groundwork for later political organizations that would drive the colony toward independence."
1937,South African Gold Mineworkers' Strike,Africa,"In June 1937, tens of thousands of black gold‑mine workers on South Africa’s Witwatersrand launched a coordinated strike demanding higher wages, improved housing, and official recognition of their union. The action, led by the African Mine Workers’ Union, quickly spread from the West Rand to other goldfields, halting production for roughly three months. Colonial authorities responded with police raids, mass arrests, and occasional violence, while mine owners offered only modest concessions. The strike ended with a limited wage increase and some housing improvements, but it also resulted in the temporary banning of the union and heightened state repression. Nonetheless, the 1937 strike marked a pivotal moment in South African labor history, galvanizing future organized resistance and influencing the development of broader anti‑apartheid movements."
1938,Madagascar peasant uprising,Africa,"In 1938, under French colonial rule, Malagasy peasants in the central highlands launched a coordinated revolt against the colonial administration’s forced‑labor (corvée) system and the heavy rice tax imposed to fund infrastructure projects. The uprising, centered around the towns of Madirovalo and Ambohimanga, mobilized several thousand subsistence farmers who attacked tax‑collectors, seized grain stores, and blocked roadways. French forces responded with a rapid military crackdown, deploying colonial troops and police, arresting leaders, and executing dozens of participants. The French authorities also imposed collective punishments on villages, confiscating livestock and imposing curfews to deter further resistance. The rebellion was suppressed within weeks, but it exposed deep rural discontent and foreshadowed the larger Malagasy Uprising of 1947."
1939,Start of WWII: colonial mobilizations Africa-wide,Africa,"With the outbreak of World II in September 1939, the European powers that ruled Africa began large‑scale mobilizations across the continent. Britain called up tens of thousands of volunteers and conscripts from Kenya, Uganda, Nigeria, the Gold Coast and other colonies for the King's African Rifles and other units, while also requisitioning labor for road building, mining and agricultural production. France organized troops from French West and Equatorial Africa, forming the Corps d’Afrique and deploying them to Europe and the Middle East. Belgium mobilized Congolese workers for uranium extraction and infantry units, and Italy drafted soldiers from Libya and Eritrea. These mobilizations redirected African manpower and resources toward the war effort, reshaping colonial economies and sowing political awareness that would later fuel independence movements."
1940,Mass conscription in French West Africa,Africa,"After France’s defeat in June 1940, the Vichy government issued a decree extending compulsory military service to its African colonies. In French West Africa, men aged 18 to 35 were ordered to enlist in the colonial infantry, artillery and labor units, dramatically increasing the number of tirailleurs sénégalais and other African troops sent to Europe and North Africa. The policy, enforced by colonial administrators and local police, sparked resistance in several territories, but also generated a sizable pool of manpower that the Vichy and later Free French forces relied upon for the war effort. By the end of 1940, roughly 30,000 West Africans had been mobilized, reshaping colonial labor markets and sowing long‑term political tensions."
1941,Battle for Tobruk (mass allied troop movements),Africa,"In early 1941, after the British‑Australian capture of the Libyan port of Tobruk, Axis forces under General Erwin Rommel launched a rapid desert offensive that surrounded the garrison in April. The Allies—primarily British, Australian, Indian, Polish and New Zealand troops—were reinforced by a series of large‑scale convoy operations from Egypt, Malta and the Eastern Mediterranean, while the Royal Navy kept the harbor supplied despite constant air attacks. Throughout a ten‑month siege the defenders repelled repeated assaults, inflicting heavy casualties. In November, Operation Crusader’s coordinated armored thrust and fresh infantry broke the encirclement, forcing Rommel’s Afrika Korps to withdraw. The successful defence delayed the Axis advance into Egypt and became a symbolic morale boost for the Commonwealth forces."
1942,Uprising in Congo minelands,Africa,"In 1942, workers in the Katanga copper and cobalt mines, as well as in the uranium mines of Shinkolobwe, staged an uprising against forced‑labor quotas, high taxes, and harsh discipline imposed by the Belgian colonial administration to support the Allied war effort. The revolt spread to other mining towns, leading to clashes with colonial troops, dozens of deaths, and a temporary suspension of output. Colonial authorities responded with a combination of military repression, mass arrests, and limited concessions on labor regulations. Although the uprising was swiftly quelled, it exposed deep resentment toward colonial exploitation and foreshadowed the nationalist movements that would later drive the Congo’s struggle for independence."
1943,Famine-driven mass migrations Ethiopia/Sudan,Africa,"In 1943 a severe drought combined with the disruption of World II and the recent Italian occupation triggered a catastrophic famine in Ethiopia’s western provinces. Crop failures and breakdown of transport forced tens of thousands of rural Ethiopians to flee southward into neighboring Sudan, where British‑administered territories were already coping with food shortages. The influx created large, improvised refugee camps along the Baro and Sobat rivers, straining Sudanese relief efforts and prompting coordinated aid from the British colonial government, the Red Cross, and the United Nations Relief and Rehabilitation Administration. The migration reshaped demographic patterns in the border region and highlighted the vulnerability of East African societies to climate‑induced famine during the war years."
1944,Staged labor actions in Nigerian oil fields,Africa,"In 1944, the British colonial administration in Nigeria orchestrated a series of staged labor actions in the newly developing oil fields of the Niger Delta. As World II heightened Allied demand for petroleum, colonial officials sought to test the reliability of local workforces and to create a pretext for tighter security and labor regulations. Workers were instructed by colonial supervisors to simulate strikes and walkouts, which were then reported to the governor‑general as spontaneous unrest. The episodes were used to justify the deployment of military police, the introduction of stricter contract terms, and the expansion of the colonial police presence in the region. The staged actions left a legacy of mistrust that influenced post‑war labor relations in Nigeria’s oil sector."
1945,Pan-African Congress Manchester,Africa,"The Fifth Pan‑African Congress convened in Manchester from 13 to 21 July 1945, gathering over a hundred delegates from Africa, the Caribbean, the United States and Britain. Organized by W. E. B. Du Bois, George Padmore and emerging African nationalists such as Kwame Nkrumah and Jomo Kenyatta, the meeting demanded an end to European colonial rule, universal suffrage, and the protection of African labor and civil rights. Participants issued a comprehensive declaration urging the United Nations and Allied powers to recognize the right of self‑determination for colonised peoples and to dismantle racial discrimination worldwide. The congress marked a decisive shift from wartime solidarity to a coordinated political agenda that later underpinned the decolonisation movements of the 1950s and 1960s."
1925,Universal male suffrage (Japan),Asia,"In 1925 the Japanese Diet enacted the General Election Law, which abolished the property‑based voting qualifications that had limited the electorate to about three million men. The law extended the franchise to all male citizens aged twenty‑five or older, raising the number of eligible voters to roughly twelve million and marking a decisive step in the Taishō‑era democratization movement. While the reform broadened political participation, it was introduced alongside the repressive Peace Preservation Law, reflecting the government’s attempt to balance expanding suffrage with control over left‑wing activism. The universal male suffrage of 1925 laid the groundwork for the growth of party politics that would shape Japan’s pre‑war parliamentary landscape."
1926,Shanghai workers' general strike (China),Asia,"In March 1926, under the First United Front of the Kuomintang and the Chinese Communist Party, Shanghai’s railway, tram, dock and textile workers launched a city‑wide general strike demanding higher wages, shorter hours and political representation. Organized by the All‑China Federation of Labor and supported by communist agitators, the strike halted freight and passenger traffic, crippled the city’s economy and forced the Nationalist government to intervene. After weeks of negotiations, the strike was called off in June with limited wage increases and the creation of workers’ committees, marking the first large‑scale, politically motivated labor action in Republican China and foreshadowing the broader revolutionary upheavals of the Northern Expedition."
1927,Indian civil disobedience campaign,Asia,"In 1927 the Indian National Congress launched a nationwide civil‑disobedience campaign to pressure the British government after the unpopular Simon Commission arrived. Led by Mahatma Gandhi, the movement emphasized non‑violent refusal to obey colonial laws, mass boycotts of British textiles and goods, and the non‑payment of taxes and land revenues. Demonstrations, hartals (general strikes), and the symbolic surrender of tax receipts spread across provinces such as Bombay, Madras, and Bengal. British authorities responded with arrests, including Gandhi’s detention, and occasional repression, while the campaign drew widespread public participation and heightened nationalist sentiment. Though the 1927 effort was curtailed by severe crackdowns, it set a precedent for later, larger civil‑disobedience actions that eventually contributed to India’s independence."
1928,Jinan incident (China),Asia,"In May 1928, during the Kuomintang’s Northern Expedition, Chinese Nationalist forces entered Jinan, Shandong, where a contingent of Japanese troops guarded railways and commercial concessions. Clashes erupted on May 3‑5 after disputed incidents at a railway bridge and accusations of provocation; Japanese units opened fire on Chinese soldiers and civilians, killing several hundred and injuring many more. The incident sparked a diplomatic crisis, with Japan demanding a formal apology, indemnities, and the withdrawal of Chinese troops, while Chinese leaders condemned the aggression as a violation of sovereignty. Although a settlement was reached later that month, the Jinan incident deepened anti‑Japanese sentiment in China and foreshadowed the heightened Sino‑Japanese tensions that would culminate in the 1930s."
1929,Indonesian independence rallies,Asia,"In 1929 a wave of mass rallies swept across the Dutch East Indies as nationalist groups such as the Indonesian National Party (PNI), the Islamic Union Party (PSII), and the Sarekat Islam mobilized students, workers, and peasants to demand self‑determination and an end to colonial rule. Demonstrations in Batavia, Surabaya, and other urban centers featured speeches, banners bearing the slogan “Indonesia Merdeka,” and coordinated strikes that disrupted colonial administration. The Dutch authorities responded with a crackdown, arresting prominent leaders including Sukarno and Hatta and banning several organizations. Although the rallies did not achieve immediate independence, they amplified nationalist sentiment, forged broader alliances among ethnic and religious groups, and laid a political foundation that would culminate in Indonesia’s eventual proclamation of independence in 1945."
1930,Gandhi’s Salt March (India),Asia,"On 12 March 1930, Mahatma Gandhi led a non‑violent march of about 78 kilometers from Sabarmati Ashram to the coastal village of Dandi, defying the British monopoly on salt. Over 240 days, thousands of Indians joined, producing salt from seawater in open protest against the Salt Laws of the 1882 Indian Excise Act. The Salt March galvanized nationwide civil disobedience, prompting mass arrests, including Gandhi’s own imprisonment, and drew global attention to Indian demands for self‑rule. British authorities responded with repression, yet the campaign intensified nationalist sentiment and laid a pivotal foundation for the eventual independence movement that culminated in 1947 through peaceful means."
1931,Mukden Incident (Manchuria),Asia,"On September 18, 1931, a section of the Japanese‑controlled South Manchuria Railway near Mukden (Shenyang) was blown up; Japanese officers blamed Chinese saboteurs. Using the explosion as a pretext, the Imperial Japanese Army launched a full‑scale invasion of Manchuria, rapidly occupying key cities and establishing the puppet state of Manchukuo in 1932. The incident marked the first major act of aggression by Japan in the interwar period, undermining the League of Nations, which issued a condemnatory Lytton Report but could not enforce sanctions. Chinese nationalist forces retreated, and the loss of Manchuria weakened the Republic of China’s territorial integrity, setting the stage for further Japanese expansion in East Asia."
1932,Mass boycott/protest Shanghai,Asia,"In early 1932, after the Japanese attack on Shanghai (the January 28 Incident), Chinese citizens launched a citywide boycott of Japanese goods and a series of protests. Organized by the Nationalist government, the Chinese Commercial Press, and student groups, the movement shut down Japanese‑owned shops, halted imports, and saw mass rallies in the International Settlement. The boycott aimed to pressure Japan to withdraw and to demonstrate Chinese resistance; it lasted several months, causing economic losses for Japanese firms and prompting Japanese diplomatic protests. Though it did not stop the military conflict, it marked one of the largest coordinated consumer resistance campaigns in modern Chinese history."
1933,Mass resistance: Burma (Myanmar),Asia,"In 1933 Burma, then a British colony, widespread anti‑colonial unrest persisted after the suppression of the 1930‑32 Saya San peasant rebellion. Rural communities continued to resist high taxes, land dispossession, and forced labor, while urban students and workers organized strikes and demonstrations demanding greater political rights. The British administration responded with arrests, martial law in several districts, and a crackdown on nationalist societies such as the Dobama Asiayone. Although the rebellion was largely quelled, the year marked a transition from isolated uprisings to a broader mass resistance movement that laid the groundwork for Burma’s later independence struggle."
1934,Nepal anti-Rana protest movement,Asia,"In the wake of the catastrophic 1934 Bihar–Nepal earthquake, widespread frustration with the Rana oligarchy’s slow relief efforts sparked a coordinated anti‑Rana protest movement across Nepal. Educated youths, students, and a handful of reform‑minded officials organized rallies in Kathmandu and regional towns, demanding transparent disaster response, an end to hereditary autocracy, and basic civil liberties. The Rana regime responded with arrests, censorship, and occasional force, suppressing the demonstrations without achieving immediate political change. Nevertheless, the unrest exposed deep popular discontent, galvanized a nascent nationalist consciousness, and laid an ideological foundation for the later democratic uprisings that culminated in the 1950 revolution."
1935,"Anti-Japanese riots, Beijing",Asia,"In the summer of 1935, Beijing (then called Beiping) erupted in anti‑Japanese riots as Chinese students, workers, and merchants protested Japan’s expanding influence after its 1931 invasion of Manchuria and the establishment of the puppet state Manchukuo. Demonstrations began with slogans and boycotts of Japanese‑owned shops, quickly turning violent when Japanese consular police intervened and clashes broke out with local police. Over several days, dozens of rioters and a few Japanese nationals were injured, and numerous storefronts were damaged. The Nationalist government ordered a harsh crackdown, arresting hundreds of participants and imposing curfews. The unrest heightened Sino‑Japanese tensions, foreshadowing the broader conflict that would erupt in full‑scale war in 1937."
1936,Student protests Japan,Asia,"In 1936, Japanese university students organized demonstrations across Tokyo, Kyoto, and other campuses, protesting the increasing militarization of the state, the suppression of academic freedom, and the government's aggressive foreign policy toward China. The protests were sparked by the arrest of left‑leaning professor Takashi Satō and revisions to the Peace Preservation Law. Demonstrators held sit‑ins, distributed anti‑militarist pamphlets, and clashed with police; authorities responded with mass arrests"
1937,Japanese invasion China: mass displacements,Asia,"In 1937 the Imperial Japanese Army launched a full‑scale invasion of China, beginning with the Marco Polo Bridge Incident and rapidly expanding to capture major cities such as Shanghai, Nanjing, and Wuhan. The campaign’s brutal tactics—including artillery bombardments, aerial bombing, and the Nanjing Massacre—forced millions of civilians to flee their homes. Rural populations were displaced by scorched‑earth policies and forced labor conscriptions, while urban refugees crowded makeshift camps along the Yangtze and in interior provinces. By the end of the year, an estimated 5–7 million Chinese were internally displaced, creating a humanitarian crisis that strained limited relief efforts and deepened anti‑Japanese sentiment across the nation."
1938,Korea: forced labor protests,Asia,"In 1938, under Japanese colonial rule, Korean workers increasingly resisted the empire’s forced‑labor program that conscripted men for factories, mines, and military construction supporting Japan’s war in China. Organized by underground nationalist groups and labor unions, protests erupted in major industrial centers such as Seoul, Busan, and the mining region of Hamhung, where workers staged strikes, demonstrations, and acts of civil disobedience. Japanese authorities responded with arrests, police repression, and intensified recruitment quotas, leading to several dozen deaths and the imprisonment of prominent activists. Although the uprisings were swiftly quelled, they highlighted growing Korean opposition to forced labor, contributed to the broader anti‑colonial movement, and foreshadowed larger resistance efforts during World War II."
1939,Nationalist movements Indonesia/Philippines,Asia,"In 1939, nationalist currents surged across Southeast Asia as Indonesia and the Philippines pressed for self‑determination. In the Dutch East Indies, leaders of the Indonesian National Party (PNI) and emerging youth groups such as the Partai Indonesia Raya intensified underground organizing, demanding an end to colonial rule and greater political representation, while Japanese propaganda began to stir anti‑Dutch sentiment. Simultaneously, the Philippine Commonwealth under President Manuel Quezon advanced its independence agenda: the Nacionalista Party secured a decisive victory in the 1939 legislative elections, the National Defense Act expanded a Filipino‑led armed force, and the 1939 Tydings‑McDuffie schedule reaffirmed a target of full sovereignty by 1946. Both movements reflected growing regional aspirations to replace European or American control with autonomous nation‑states."
1940,Mass exodus in Southeast Asia (WWII),Asia,"In 1940 the Japanese advance into French Indochina triggered a massive civilian displacement across Southeast Asia. After Japan forced the Vichy‑French administration to permit troop deployments and to seize ports, thousands of Vietnamese, Cambodians and Laotians fled coastal and urban centers to escape forced labor, food requisition and aerial bombardments. Simultaneously, Chinese refugees escaping Japanese conquest of southern China poured into northern Vietnam, Thailand and the Malay Peninsula, swelling refugee camps and straining colonial relief systems. The exodus disrupted agricultural production, accelerated the spread of disease, and compelled the Allies and Vichy authorities to organize emergency evacuations and humanitarian aid, marking one of the earliest large‑scale population movements of World War II in the region."
1941,Pearl Harbor: mass recruitment (Japan),Asia,"In December 1941, after Japan’s surprise attack on Pearl Harbor, the Imperial Japanese government launched an extensive mobilization campaign across the home islands, calling up millions of men and women for military service, labor battalions, and auxiliary roles. The National Mobilization Law, already in force, was intensified; conscription ages were lowered, university students were drafted, and civilian factories were reorganized into war‑production units. Propaganda emphasized loyalty to the emperor and the need to sustain the newly opened Pacific front against the United States and its allies. By early 1942, Japan had expanded its armed forces to over six million personnel, reflecting the regime’s reliance on mass recruitment to sustain its aggressive expansionist strategy."
1942,Japanese relocation of civilians Malaya/Singapore,Asia,"After the Japanese conquest of Malaya and Singapore in early 1942, the occupiers instituted a massive civilian relocation program to tighten control and supply forced‑labour projects. European residents were ordered into internment camps such as Changi, while tens of thousands of Chinese were gathered for “re‑settlement” in designated villages and subjected to the Sook Ching purge that targeted suspected anti‑Japanese elements. Malay and Indian populations were also moved from urban centres to rural work‑areas to support rice cultivation and infrastructure repairs. The relocations were carried out under armed guard, often with little notice, causing widespread displacement, hardship, and mortality from disease and inadequate provisions. The policy reinforced Japanese military authority and facilitated the exploitation of local labour throughout the occupied territories."
1943,Bengal famine migration,Asia,"In 1943 a severe famine struck the Bengal province of British India, caused by wartime grain requisition, crop failures, and colonial price controls. An estimated 2.1–3 million people died of starvation and disease, while millions more fled rural districts for urban centers, especially Calcutta, seeking food, work, and relief. The mass migration overwhelmed city infrastructure, intensified public health crises, and prompted limited emergency aid from the British administration and charitable groups. The catastrophe exposed the vulnerabilities of colonial economic policies, reshaped demographic patterns in eastern India, and left a lasting imprint on post‑war Indian political discourse and famine‑prevention policies."
1945,Indonesian independence demonstrations,Asia,"Following Japan’s surrender in August 1945, Indonesian nationalists launched massive public demonstrations demanding full sovereignty. Led by Sukarno, Mohammad Hatta and the youth organization Pemuda, crowds gathered in Jakarta, Surabaya, and other cities, chanting “Merdeka!” and displaying the red‑white flag. Demonstrators seized Japanese‑controlled radio stations to broadcast the proclamation of independence on 17 August, and they pressured remaining Japanese troops to maintain order while awaiting Allied arrival. The mass rallies forced the returning British and Dutch forces to confront a unified, mobilized population, setting the stage for the subsequent armed struggle of the Indonesian National Revolution. By the end of 1945, the demonstrations had solidified popular support for an independent Republic of Indonesia."
1925,Treaty of Locarno—pan-European peace movement,Europe,"In October 1925, the Treaty of Locarno was signed in Switzerland, bringing together Germany, France, Belgium, Italy and Britain to guarantee Germany’s western borders as established by the 1919 Versailles settlement. The accords included mutual non‑aggression pacts between Germany and France and Belgium, and a guarantee by Britain and Italy of those borders, while a separate arbitration convention addressed future disputes. The Locarno framework sparked a wave of optimism across Europe, inspiring a pan‑European peace movement that promoted reconciliation, disarmament and the idea of a united continent. Although the treaty failed to secure lasting security in the east and was later undermined by rising nationalism, it marked a brief period of diplomatic détente in the interwar years."
1926,General Strike UK,Europe,"In May 1926, Britain experienced its largest industrial action, the General Strike, called by the Trades Union Congress to support coal miners protesting wage reductions and longer working hours imposed by mine owners. Over 1.5 million workers from transport, printing, heavy industry and public services walked out, paralyzing railways, ports, electricity and mail. The Conservative government, led by Prime Minister Stanley Baldwin, responded with emergency powers, deploying volunteers and police to maintain essential services. After nine days, the TUC called off the strike, fearing escalation and lacking public support. The miners continued their dispute, which ended in a bitter defeat later that year, reshaping British labor relations and prompting stricter legislation on union activity."
1927,Socialist party purges Italy,Europe,"In 1927 the Fascist government under Benito Mussolini intensified its systematic elimination of the Italian Socialist Party (PSI). Following the 1926 “exceptional laws” that banned opposition parties, police and the secret OVRA arrested thousands of socialist leaders, dissolved remaining party cells, and exiled or imprisoned prominent figures such as Giacomo Matteotti’s supporters. The regime used the Special Tribunal for the Defense of the State to try activists on charges of subversion, while fascist squads violently disrupted meetings and confiscated socialist newspapers. By the end of the year the PSI was effectively driven underground, its membership reduced to a clandestine network, marking a decisive step in Mussolini’s totalitarian consolidation."
1928,"Kellogg-Briand Pact, anti-war mobilization",Europe,"In August 1928, representatives of fifteen major powers met in Paris and signed the Kellogg‑Briand Pact, formally titled the Pact of Paris, renouncing war as an instrument of national policy. Initiated by U.S. Secretary of State Frank B. Kellogg and French Foreign Minister Aristide Briand, the treaty was quickly ratified by signatories including Britain, Japan, Italy, Germany, and the Soviet Union, and later expanded to 62 nations. Though lacking enforcement mechanisms, the pact reflected a widespread post‑World‑War‑I anti‑war sentiment and spurred diplomatic efforts to resolve disputes peacefully. It influenced later international law, providing a legal basis for prosecuting aggressive war crimes after World II, but its immediate impact on preventing conflict was limited."
1929,Great Depression mass protests,Europe,"Following the Wall Street crash of October 1929, Europe entered a severe economic downturn that precipitated widespread unemployment and poverty. By 1930‑1932 mass protests erupted in major industrial cities such as Berlin, Paris, London, and Vienna, where unemployed workers, trade‑unionists, and left‑wing parties organized street demonstrations, hunger marches, and factory occupations. Demonstrators demanded immediate relief, job‑creation programs, and an end to austerity measures imposed by fragile democratic governments. The unrest prompted several governments to declare emergency powers, ban political organizations, and, in some cases, adopt public works schemes. The protests also intensified political polarization, contributing to the rise of extremist movements that would shape Europe’s trajectory in the 1930s."
1930,Nazi Party rallies Germany,Europe,"In 1930 the National Socialist German Workers’ Party staged a series of large‑scale rallies, most prominently the fourth Nuremberg Rally, to showcase its rapid electoral surge after becoming the second‑largest party in the Reichstag election that year. Tens of thousands of supporters gathered under elaborate military‑styled pageantry, with Adolf Hitler delivering forceful speeches that linked nationalist revival to anti‑Treaty of Versailles sentiment and anti‑communist rhetoric. Uniformed Sturmabteilung (SA) units performed choreographed drills, while propaganda banners and mass choruses reinforced the party’s mythic image. The events amplified Nazi visibility, attracted new recruits, and cemented Hitler’s reputation as a charismatic leader, laying groundwork for the party’s eventual seizure of power in 1933."
1931,Spanish Republic: mass mobilization,Europe,"In April 1931, the proclamation of the Second Spanish Republic sparked a wave of mass mobilization across Spain, as workers, peasants, and urban middle‑class citizens poured onto streets to celebrate the fall of the monarchy and demand sweeping reforms. Massive rallies in Madrid, Barcelona, and Seville drew socialist, anarchist, and republican parties together, while trade unions such as the CNT and UGT organized strikes demanding land redistribution, secular education, and labor rights. The new provisional government, led by President Niceto Alcalá‑Zamora and Prime Minister Manuel Azaña, responded with ambitious legislation, but the surge of popular activism also heightened political polarization, laying the groundwork for the intense social conflict that would erupt into civil war a decade later."
1932,Hunger marches (UK),Europe,"In the depths of the Great Depression, the National Unemployed Workers' Movement organised a series of hunger marches in 1932, sending thousands of unemployed men from industrial towns such as Jarrow, Coventry and London’s East End toward Westminster. Over 3,000 demonstrators demanded immediate relief, expanded unemployment insurance and government‑sponsored public works. Police met the processions with barricades, leading to clashes, arrests and widespread media coverage. Prime Minister Ramsay MacDonald’s Labour government offered only modest concessions, creating an Unemployment Assistance Board while maintaining overall austerity. The 1932 hunger marches exposed the scale of British hardship, pressured policymakers and foreshadowed later welfare reforms."
1933,Hitler seizes power: mass rallies,Europe,"In January 1933 Adolf Hitler was appointed Chancellor of Germany, beginning a rapid consolidation of Nazi authority. Within weeks the Reichstag fire was used to suspend civil liberties, and the Enabling Act of March granted Hitler dictatorial powers. The regime organized massive public rallies—most notably the Nuremberg rally in September—where uniformed SA and SS units displayed force, while thousands of citizens were mobilized to demonstrate support for the new government. These spectacles combined propaganda, intimidation, and the glorification of the Führer, helping to silence opposition parties, suppress trade unions, and lay the groundwork for the totalitarian state that would dominate Europe in the ensuing decade."
1934,Vienna Uprising,Europe,"In February 1934, armed conflict erupted in Vienna when the socialist Schutzbund, mobilized by the Social Democratic Party, attempted to resist the Austrofascist government of Chancellor Engelbert Dollfuss. After weeks of escalating street battles, police and army units equipped with artillery and aircraft bombarded working‑class districts, notably the Karl‑Marx‑Hof and the Schottenring. The uprising was suppressed within three days, resulting in several hundred deaths, mass arrests, and the outlawing of the Social Democratic Party. The defeat of the workers’ militias enabled Dollfuss to consolidate a one‑party authoritarian regime, paving the way for the later Anschluss with Nazi Germany. The conflict marked the most violent episode of Austria's internal struggle in interwar Europe."
1935,"Mass anti-war protest, France/UK",Europe,"In March 1935, coordinated mass demonstrations erupted in Paris and London, drawing hundreds of thousands of workers, pacifists, and left‑wing activists who marched under banners demanding an end to rearmament and a firm commitment to collective security through the League of Nations. Organized by the French Comité de la Paix and the British League of Nations Union, the protests responded to Germany’s repudiation of the Treaty of Versailles and Italy’s growing aggression in Ethiopia. Demonstrators called for disarmament, diplomatic resolution of conflicts, and opposition to any future war. While the rallies did not alter immediate foreign‑policy decisions, they amplified public anti‑war sentiment across Europe and pressured governments to adopt a more cautious stance toward militarization."
1936,Spanish Civil War mobilizations,Europe,"In July 1936 a military coup led by General Francisco Franco and other Nationalist officers triggered a rapid mobilization of forces across Spain. Loyalist militias, trade‑union workers, and left‑wing parties formed the Republican army, while the Nationalists consolidated troops from the Spanish Army of Africa, supported by German Luftwaffe and Italian ground units. Both sides called up volunteers from abroad, creating the International Brigades for the Republic and attracting fascist sympathizers for the rebels. Massive conscription, seizure of arms depots, and the establishment of parallel command structures turned the political uprising into a full‑scale civil war that would last three years, reshaping Spain’s political landscape and foreshadowing wider European conflict."
1937,Popular Front rallies France,Europe,"In 1937 the French Popular Front—an alliance of socialists, communists and radical‑republicans—held a series of large public rallies across major cities such as Paris, Lyon and Marseille. Organized by party leaders including Prime Minister Léon Blum and Communist figure Maurice Thorez, the demonstrations celebrated the coalition’s labor reforms, denounced the rise of fascism at home, and voiced solidarity with the Republican government fighting Franco’s forces in the Spanish Civil War. Crowds of tens of thousands displayed banners, sang revolutionary songs, and pressed for the enforcement of the 40‑hour workweek and paid vacations. The rallies reinforced the Front’s political legitimacy, heightened class consciousness, and intensified the polarized atmosphere that would later contribute to its 1938 collapse."
1938,Sudetenland mobilization (Czechoslovakia),Europe,"In the spring of 1938, Czechoslovakia began a large‑scale mobilization of its armed forces to defend the Sudetenland, a border region inhabited by a substantial ethnic‑German population. The government, fearing Adolf Hitler’s demands for annexation, ordered the deployment of infantry, artillery, and border guard units to fortified positions along the German‑Czechoslovak frontier. Simultaneously, it intensified intelligence and propaganda efforts to counter German agitation and to reassure the Sudeten German minority. International pressure, especially from Britain and France, urged a diplomatic solution, leading to the September Munich Conference where Czechoslovakia was compelled to cede the Sudetenland without a fight. The mobilization was halted, and the loss of the fortified border left the country vulnerable to further German aggression."
1939,Start of WWII: European mass displacement,Europe,"With Germany’s invasion of Poland on 1 September 1939, millions of civilians were forced to flee combat zones, marking the first large‑scale displacement of World II in Europe. Polish refugees streamed into neighboring Romania, Hungary, and the Soviet‑occupied east, while Jews faced immediate persecution and began seeking shelter abroad. Simultaneously, German and Soviet occupations of western and eastern Poland triggered expulsions of ethnic Poles and Jews. The rapid advance of German forces into Denmark, Norway, Belgium, the Netherlands, and France later that year produced further evacuations, creating a continent‑wide refugee crisis that strained humanitarian agencies and foreshadowed the massive population movements that would characterize the war."
1940,Dunkirk evacuation: mass civilian involvement,Europe,"During late May and early June 1940, Allied forces trapped on the beaches of Dunkirk, France, faced imminent capture by advancing German troops. Operation Dynamo, the British‑led evacuation, mobilized a flotilla of naval vessels and an unprecedented fleet of civilian boats—fishing smacks, pleasure yachts, and merchant craft—recruited from the British coast. Over nine days these “Little Ships” ferried roughly 338,000 soldiers, including British, French, and Belgian troops, across the English Channel to safety. The civilian contribution, coordinated by the Admiralty and local volunteers, mitigated the disaster, bolstered morale, and became a symbolic episode of collective resistance despite the eventual fall of France."
1941,Siege of Leningrad: civilian solidarity,Europe,"During the German‑Finnish siege of Leningrad that began in September 1941, the city's civilian population endured extreme starvation, cold, and bombardment. Despite rationed supplies of bread, soup, and occasional fish deliveries, residents organized communal kitchens, shared scarce food, and formed volunteer brigades to clear snow, extinguish fires, and maintain essential services. Women and men worked in factories producing weapons, while children were mobilized to collect firewood and distribute parcels from the “Road of Life” across Lake Ladoga. Mutual aid societies distributed clothing and medical aid, and cultural events such as concerts and theater performances were held to sustain morale. This widespread civilian solidarity helped the city survive the 872‑day blockade until it was finally lifted in January 1944."
1942,French Resistance mass mobilization,Europe,"In 1942 the French Resistance shifted from isolated cells to a broad, coordinated mass movement across occupied France and the Vichy zone. Following the German defeat at Stalingrad and the Allied landings in North Africa, thousands of civilians—workers, students, former soldiers, and immigrants—joined groups such as the Francs‑Tireurs et Partisans, Combat, and Libération‑Sud. The resistance intensified sabotage of railways, communication lines, and German depots, gathered intelligence for the Allies, and organized clandestine publications. The influx of weapons from British SOE and the formation of the Conseil National de la Résistance later that year linked regional networks into a national effort, laying the groundwork for the larger uprisings that would accompany the 1944 liberation."
1943,Warsaw Ghetto Uprising,Europe,"In April 1943, Jewish resistance groups in the Warsaw Ghetto, primarily the Jewish Combat Organization (ŻOB) and the Jewish Military Union (ŻZW), launched an armed revolt against the German SS and auxiliary police who were liquidating the ghetto. Over a month of fierce street fighting, insurgents used homemade weapons and smuggled arms to destroy several German outposts, while civilians set fire to buildings to impede the troops. The Nazis responded with overwhelming force, systematically burning the ghetto and killing or deporting most of its remaining inhabitants. By mid‑May the organized resistance was crushed, but the uprising became a symbol of Jewish defiance and inspired later partisan actions across occupied Europe."
1944,"Liberation movements, Paris",Europe,"In August 1944, coordinated actions by the French Resistance and Allied forces liberated Paris from German occupation. After the Allied landings in Normandy, resistance groups launched sabotage, street fighting, and a general uprising on 19 August, seizing key points and imprisoning German officials. General Dietrich von Choltitz, under orders to destroy the city, defied Hitler and surrendered to General Philippe Leclerc’s 2nd French Armored Division on 25 August. The liberation restored French civil authority, marked the end of four years of occupation, and symbolized the resurgence of French sovereignty, while also prompting the expulsion of collaborators and the reestablishment of the provisional government under Charles de Gaulle."
1925,Scopes Monkey Trial mass interest USA,North America,"In July 1925, John T. Scopes, a high‑school teacher in Dayton, Tennessee, was prosecuted for violating the state’s Butler Act, which barred the teaching of evolution. The case, deliberately staged by the American Civil Liberties Union, drew unprecedented national media coverage and turned a small courtroom into a cultural battleground. Prominent attorneys William J. Bryan, a three‑time presidential candidate and fundamentalist champion, faced off against famed defense lawyer Clarence Darrow, who argued for academic freedom and scientific inquiry. The trial’s dramatic cross‑examinations, live radio broadcasts, and newspaper sensationalism sparked widespread public debate over science versus religion, modernism versus traditionalism, and the role of education. Scopes was convicted and fined $100, a verdict later overturned on appeal, but the trial left a lasting imprint on American cultural and legal discourse."
1926,Harlem Renaissance: cultural movement,North America,"By 1926 the Harlem Renaissance had become the most visible expression of African‑American cultural rebirth in the United States. Centered in New York’s Harlem neighborhood, black writers, poets, musicians, visual artists and intellectuals such as Langston Hughes, Zora Neale Hurston, Duke Ellington and Aaron Douglas produced literature, jazz, theater and visual art that celebrated black identity and challenged racial stereotypes. Black newspapers and clubs provided platforms, while patronage from white supporters and black middle‑class audiences expanded its reach. The movement fostered a new sense of racial pride, influenced later civil‑rights activism, and reshaped American arts by integrating African‑American aesthetics into mainstream culture."
1927,Mississippi flood mass migration,North America,"The Great Mississippi Flood of 1927, the worst river disaster in U.S. history, inundated 27,000 square miles across the lower Mississippi Valley, destroying towns, farms, and levees. Federal and state relief efforts displaced an estimated 500,000 residents, the majority of whom were African American sharecroppers. Facing loss of homes and livelihoods, many fled the devastated region, joining the ongoing Great Migration toward industrial centers in Chicago, Detroit, and other northern cities. The mass movement reshaped demographic patterns, intensified labor competition, and heightened racial tensions both in the South and the receiving cities. The flood also prompted federal reforms in flood control, leading to the Flood Control Act of 1928."
1928,Massive social response to Lindbergh flight,North America,"In the summer of 1928, after Charles Lindbergh’s historic solo transatlantic flight the previous year, the United States experienced a wave of public enthusiasm that manifested in massive crowds, parades, and nationwide celebrations. Lindbergh was greeted by millions at airports and civic events, his name appearing on newspaper headlines, merchandise, and school curricula. The government organized a nationwide “Lindbergh Day” with ceremonies in major cities, while private groups held rallies, fundraising drives, and patriotic displays linking his achievement to American technological prowess. This social phenomenon reinforced a sense of national pride, spurred interest in aviation, and contributed to the rapid growth of commercial air travel in the late 1920s."
1929,Black Tuesday: Wall Street panic,North America,"On October 29, 1929, known as Black Tuesday, panic selling on the New York Stock Exchange caused the market to collapse, wiping out billions of dollars in wealth. After a speculative boom fueled by margin buying, investors rushed to liquidate positions as confidence evaporated, triggering a cascade of bank failures and business bankruptcies across the United States. The crash marked the opening of the Great Depression, leading to massive unemployment, deflation, and a sharp contraction in international trade. While the immediate loss was financial, the psychological shock reshaped American economic policy, prompting later reforms such as the Securities Act of 1933 and the creation of the Federal Deposit Insurance Corporation."
1930,Depression: breadlines and migrations,North America,"By 1930 the Great Depression had deepened across North America, leaving millions unemployed and hungry. In U.S. cities, long breadlines formed outside soup kitchens as relief agencies struggled to meet demand, while in the Canadian Prairies similar queues appeared for government relief. The collapse of agricultural prices and severe drought in the Southern Plains triggered a massive internal migration; families from Oklahoma, Texas and Arkansas trekked westward in search of work, often traveling in overcrowded trucks and on foot. These “Okie” migrants flooded California and other states, straining local resources and reshaping labor markets. The combined phenomenon of urban relief queues and rural exoduses highlighted the depth of economic distress and prompted New Deal and provincial relief reforms."
1931,Scottsboro Boys trial protests,North America,"In March 1931, nine African‑American teenagers were falsely accused of raping two white women on a freight train in Scottsboro, Alabama. Their hurried trials, conducted by all‑white juries, sparked immediate outrage among civil‑rights groups, labor unions, and left‑wing organizations across the United States. Massive street demonstrations, picket lines, and fundraising rallies were organized in cities such as New York, Chicago, and Detroit, while the International Labor Defense and the NAACP mounted legal appeals. The protests highlighted systemic racism, the denial of due process, and the influence of Jim Crow law, drawing national media attention and prompting the U.S. Supreme Court to eventually overturn the convictions on constitutional grounds. The movement set a precedent for later civil‑rights activism."
1932,Bonus Army march Washington DC,North America,"In the summer of 1932, tens of thousands of World War I veterans and their families, known as the Bonus Army, converged on Washington, D.C., demanding early payment of the Adjusted Service Certificate promised for 1945. Led by former Army officer James A. Whittaker, the demonstrators set up a makeshift camp on the Anacostia Flats, lobbying Congress amid the Great Depression’s soaring unemployment. President Herbert Hoover ordered the U.S. Army, under General Douglas MacArthur, to clear the encampment; troops, supported by cavalry and infantry, used tear gas and bayonets, resulting in several injuries and a few deaths. The forceful eviction shocked the nation, intensified public criticism of Hoover, and contributed to his defeat in the 1932 presidential election."
1933,New Deal mass mobilizations,North America,"In 1933, President Franklin D. Roosevelt launched the New Deal, a series of federal programs that mobilized millions of unemployed Americans to address the Great Depression. The Emergency Relief and Employment Act funded the Civilian Conservation Corps, which placed young men in conservation projects, while the Public Works Administration and later the Works Progress Administration commissioned large‑scale construction of roads, schools, and public buildings. The Tennessee Valley Authority organized regional development of electricity and flood control, and the National Industrial Recovery Act created the National Recovery Administration to set industry‑wide codes and encourage collective bargaining. These coordinated mass mobilizations expanded the federal government's role in the economy, provided relief and jobs, and laid the groundwork for modern American social policy."
1934,Dust Bowl migration,North America,"In 1934, the ecological disaster of the Dust Bowl forced hundreds of thousands of tenant farmers and sharecroppers from the Great Plains—particularly Oklahoma, Texas, Kansas, and Arkansas—to abandon their depleted farms and travel westward, primarily to California. Severe drought, topsoil erosion, and successive crop failures, compounded by the Great Depression, left families destitute. Migrants, often called ""Okies,"" traveled in overloaded trucks and trains, seeking agricultural work and relief camps. Their arrival strained local economies, sparked labor disputes, and prompted federal responses such as the Resettlement Administration and the Soil Conservation Service, which aimed to relocate families and implement soil‑preservation practices."
1935,NAACP mass protest campaigns,North America,"In 1935 the NAACP intensified a nationwide protest effort aimed at ending lynching and dismantling legal segregation in the United States. Under the leadership of Walter White, the organization launched a coordinated “anti‑lynching” campaign that included mass rallies in New York, Chicago, and Washington, D.C., a petition that gathered over 100,000 signatures, and a public appeal to President Franklin D. Roosevelt to support the Costigan‑Wagner anti‑lynching bill. Simultaneously, the NAACP organized demonstrations against the Supreme Court’s Grovey v. Townsend decision, which upheld white primaries, and urged African‑American voters to register and boycott discriminatory elections. The protests heightened national awareness of racial violence, pressured federal legislators, and marked a pivotal moment in the civil‑rights movement’s early mass‑mobilization phase."
1936,Labor strikes—automobile industry,North America,"In the spring of 1936, auto workers across Michigan launched a wave of strikes demanding higher wages, shorter hours, and the right to collective bargaining. The United Auto Workers, newly formed after the 1935 Wagner Act, organized the first major sit‑down strike at General Motors’ Flint plant in May, where workers occupied the assembly line for 44 days. Similar actions spread to other GM, Ford and Chrysler facilities, often met with police and National Guard interventions. The Flint strike concluded when GM agreed to recognize the UAW and negotiate a contract, establishing a precedent for unionization in the U.S. automobile sector and reshaping labor‑management relations for decades."
1937,"Memorial Day massacre, labor movement",North America,"On May 30, 1937, during the “Little Steel” strike in Chicago, police and National Guard troops confronted striking steelworkers from Republic Steel and other plants. As demonstrators marched toward the plant’s gates on Memorial Day, officers opened fire with rifles and machine guns, killing ten workers and wounding dozens more. The clash, later called the Memorial Day Massacre, was a pivotal moment in the United States labor movement, exposing the violent resistance of steel companies and local authorities to unionization. It galvanized public opinion, strengthened the Steel Workers Organizing Committee’s campaign, and contributed to the eventual recognition of collective‑bargaining rights for steelworkers under the Congress of Industrial Organizations."
1938,Fair labor standards act rallies,North America,"In the spring and summer of 1938, labor unions, New Deal advocates, and ordinary workers staged a series of rallies across major U.S. cities demanding federal legislation to curb low wages, excessive hours, and child labor. Demonstrations in New York, Chicago, Detroit, and Los Angeles highlighted the plight of industrial and agricultural workers and pressed President Franklin D. Roosevelt to act. The pressure contributed to the rapid passage of the Fair Labor Standards Act on June 25, 1938, which established a national minimum wage, a 40‑hour workweek with overtime pay, and strict child‑labor restrictions, laying the groundwork for modern American labor standards."
1939,"WWII outbreak, enlistment mobilizations",North America,"In September 1939, following Germany’s invasion of Poland, Canada declared war on Germany the day after Britain, becoming the first Dominion to do so and immediately launching a nationwide enlistment drive that swelled the Canadian Active Service Force to over 600,000 by 1942. The federal government instituted the National Resources Mobilization Act, authorizing limited conscription for home defence and later overseas service. In the United States, although still officially neutral, the outbreak spurred rapid expansion of the armed forces: the Army grew from 190,000 to over 300,000 personnel, the Navy increased shipbuilding, and the first peacetime draft preparations and voluntary enlistment campaigns began, laying the groundwork for the massive mobilizations that would follow after Pearl Harbor."
1940,Selective Service Act draft (USA),North America,"Following the outbreak of World War II in Europe, the United States Congress passed the Selective Training and Service Act on September 16, 1940, the first peacetime conscription law in American history. The act required all men aged 21 to 35, later expanded to 18‑45, to register for military service, establishing local draft boards to administer classifications and deferments. By the end of 1940, over 7 million men had registered, providing a ready pool of manpower for the expanding Army and later the Army Air Forces. The legislation signaled a shift from isolationist policy toward preparedness, and it laid the demographic foundation for the massive mobilization that followed after the United States entered the war in December 1941."
1941,"Pearl Harbor, mass enlistment",North America,"On December 7 1941, Japanese carrier aircraft launched a surprise attack on the U.S. Pacific Fleet anchored at Pearl Harbor, Hawaii, destroying or damaging eight battleships, numerous aircraft, and killing over 2,400 servicemen. The assault thrust the United States into World War II, prompting President Franklin D. Roosevelt to declare war on Japan the following day. In the weeks that followed, a wave of patriotic fervor swept the mainland, leading to unprecedented enlistment numbers: millions of men and women volunteered for the Army, Navy, Marine Corps, and emerging Army Air Forces. The draft was expanded, training facilities multiplied, and industrial production shifted to support the war effort, fundamentally reshaping American society and its global role."
1942,Internment of Japanese Americans,North America,"Following the Japanese attack on Pearl Harbor, President Franklin D. Roosevelt signed Executive Order 9066 in February 1942, authorizing the forced relocation and incarceration of approximately 120,000 people of Japanese ancestry, two‑thirds of whom were U.S. citizens. Military authorities designated exclusion zones along the West Coast, and families were given brief notice to surrender property and report to assembly centers before being transferred to remote inland camps such as Manzanar, Tule Lake, and Heart Mountain. The policy was justified by wartime hysteria and unfounded security fears, yet no evidence of espionage was ever produced. Internment disrupted lives, caused economic loss, and later prompted legal challenges, culminating in the 1988 Civil Liberties Act that offered a formal apology and reparations."
1943,"Zoot Suit riots (LA, CA)",North America,"In June 1943, a series of violent confrontations erupted in Los Angeles between U.S. servicemen stationed at nearby bases and young Mexican‑American and Filipino youths who wore flamboyant “zoot suits.” The servicemen, inflamed by wartime rationing, racial prejudice, and sensationalist media reports linking the suits to delinquency, attacked the suit‑wearers, stripping them of clothing, beating them, and burning their garments. Police largely failed to intervene, and some officers arrested the victims rather than the attackers. The riots spread to other California cities, prompting municipal and federal authorities to impose curfews and to launch investigations that highlighted systemic discrimination and contributed to the post‑war civil‑rights movement."
1945,"Post-war demobilization, celebrations",North America,"In the summer and autumn of 1945 North America experienced a massive demobilization of the armed forces that had fought in World II. In the United States, the War Department released millions of servicemen from active duty, closing overseas bases and converting shipyards and factories to civilian production. Large‑scale Victory parades in New York, Chicago, Los Angeles and Washington, D.C., and similar celebrations in Canadian cities such as Toronto, Montreal and Vancouver, marked V‑J Day on 15 August. The influx of veterans spurred the enactment of the Servicemen’s Readjustment Act (GI Bill), expanded housing construction, and prompted labor‑market adjustments as industries shifted from wartime to consumer goods. The period combined jubilant public festivities with the logistical challenges of reintegrating a wartime generation into peacetime society."
1925,São Paulo Modern Art Week (Brazil),South America,"The São Paulo Modern Art Week, held from 13 to 18 February 1925, gathered painters, writers, musicians and critics in the Brazilian city to launch a break with academic tradition. Organized by figures such as Mário de Andrade, Oswald de Andrade, Anita Malfatti, Tarsila do Amaral and Heitor Villa‑Lobos, the event showcased avant‑garde works, experimental poetry, and new musical compositions. Its public readings and exhibitions provoked both enthusiasm and scandal, prompting police intervention and heated press debate. Though short‑lived, the week crystallized a Brazilian modernist identity, influencing subsequent literary movements, visual arts, and the later “Anthropophagic” manifesto that reshaped Brazil’s cultural trajectory."
1926,Argentine labor strikes,South America,"In 1926 Argentina experienced a wave of labor strikes that spread across major urban centers, especially Buenos Aires, Rosario and the railway network. Workers in the meat‑packing industry, railway workshops, textile factories and public services walked out to demand higher wages, an eight‑hour day and recognition of unions, many of which were organized by the Argentine Regional Workers' Federation (FORA) and supported by the Socialist Party. The Alvear administration responded with police repression, mass arrests and the deployment of troops to key depots, while some employers offered limited wage increases to restore production"
1927,Colombia: banana workers' strike,South America,"In 1927 Colombian laborers employed by the United Fruit Company in the Santa Marta region organized a strike demanding higher wages, an eight‑hour workday, and the right to unionize. The movement, led by workers and supported by socialist activists, quickly spread to other plantations along the Caribbean coast. The Colombian government, under pressure from the American‑owned company and fearing disruption of banana exports, dispatched troops and police to quell the unrest. Confrontations turned violent, resulting in dozens of deaths and numerous arrests. Although the strike was eventually suppressed, it exposed the exploitative conditions of the banana industry, heightened anti‑imperialist sentiment, and set the stage for the larger 1928 “Banana Massacre.”"
1928,Chile: nitrate miners' mass mobilization,South America,"In 1928, Chilean nitrate miners across the Atacama Desert launched a coordinated mass mobilization that became the largest labor action in the country's extractive sector. Triggered by a post‑World I collapse in global nitrate prices, the workers—organized by the Federación Obrera de Salitre and increasingly influenced by the Communist Party—demanded wage increases, an eight‑hour day, and state control of the industry. Strikes, road blockades, and occupations spread from Antofagasta to Tarapacá, paralyzing export shipments. The government, under President Carlos Ibáñez del Campo, responded with a mix of police repression, arrests, and limited wage concessions, while the unrest deepened political polarization and foreshadowed the sector’s eventual decline and the rise of populist movements in the 1930s."
1929,Economic crisis: urban protests in Peru,South America,"The worldwide downturn that began in 1929 hit Peru’s export‑driven economy hard, sharply reducing revenues from copper, sugar and cotton. Unemployment and wage cuts surged in Lima, Callao and other urban centers, prompting thousands of workers, students and petty traders to organize street demonstrations demanding relief, price controls and the resignation of President Augusto B. Leguía’s cabinet. The protests escalated into clashes with police, resulting in arrests and several deaths. The government declared a state of emergency and temporarily suspended civil liberties, but the unrest persisted throughout the year, exposing deep social discontent and setting the stage for the military coup that ousted Leguía in 1930."
1930,Brazilian Revolution,South America,"The 1930 Brazilian Revolution was a nationwide armed uprising that toppled the Old Republic’s civilian government. After the contested presidential election of 1930, opposition forces from Minas Gerais, Rio Grande do Sul, and Paraíba, led by Getúlio Vargas, rejected the victory of Júlio Prestes. Rebel troops marched from the south and northeast, seizing key cities including São Paulo and Rio de Janeiro. By October, the federal government collapsed, President Washington Luís was deposed, and Vargas assumed provisional leadership. The revolution ended the coffee‑elite dominated politics of the First Republic, instituted a centralised state, and inaugurated the Vargas Era, which reshaped Brazil’s political, economic, and social structures for the next decade."
1931,Argentina: anarchist uprisings,South America,"In 1931, amid the political crisis following the 1930 military coup that installed General José Félix Uriburu, anarchist groups in Argentina launched a series of coordinated uprisings and bombings in Buenos Aires and other industrial centers. The movements, led by the Federación Anarquista Argentina (FAA) and aligned with the CNT, sought to overturn the new authoritarian regime and to defend workers' gains. The uprisings involved strikes, occupation of factories, and attacks on police stations, resulting in dozens of arrests, a harsh crackdown, and the exile or imprisonment of many activists. The repression weakened the anarchist movement but highlighted the volatile labor climate of the early “Infamous Decade.”"
1932,Uruguay: general strike,South America,"In March 1932, amid the worldwide Great Depression, Uruguay experienced its first nationwide general strike. Organized by the Confederación Nacional de Trabajadores (CNT) and supported by the Communist Party and anarchist unions, workers across Montevideo and key industrial centers halted factories, ports, railways, and public services to protest wage cuts, rising unemployment, and deteriorating labor conditions. The strike spread rapidly, drawing tens of thousands into mass demonstrations and sit‑ins. President Gabriel Terra’s administration responded with police and army forces, dispersing gatherings, arresting leaders, and using force that resulted in several deaths and injuries. Although the strike was eventually suppressed, it intensified social unrest and contributed to the political crisis that culminated in Terra’s 1933 coup and the establishment of an authoritarian regime."
1933,Ecuador: indigenous mobilizations,South America,"In 1933 Ecuadorian indigenous peasants in the Andean highlands launched coordinated protests and strikes demanding land reform, the abolition of the forced‑labor “reparto” system, and recognition of communal territories. Mobilizations spread across provinces such as Chimborazo, Tungurahua and Imbabura, where local leaders organized mass gatherings, road blockades and occasional clashes with police. The unrest pressured the liberal government of President Abelardo Montalvo, prompting a temporary suspension of tax collection and promises of agrarian measures, though substantive reforms were not enacted. These 1933 mobilizations marked a significant early expression of organized indigenous political activity that foreshadowed later, more extensive movements for rights and land in Ecuador."
1934,Chile: women's suffrage movement,South America,"In 1934 Chile took a decisive step in its women’s suffrage struggle when Congress enacted a law granting literate women over 21 the right to vote in municipal elections and to run for local office. The reform followed years of organized pressure by feminist groups such as the Comité Nacional pro Sufragio Femenino, labor unions, and progressive politicians during the second Alessandri administration. Although limited to local elections and subject to literacy requirements, the measure marked the first legal recognition of women’s political participation in Chile and set a precedent that paved the way for full national suffrage, finally achieved in 1949."
1935,Bolivia: Chaco War mass enlistments,South America,"By early 1935, Bolivia, locked in the bitter Chaco War with Paraguay, faced severe manpower shortages after three years of intense fighting. The government launched a nationwide mass enlistment campaign, calling up peasants, indigenous laborers, and urban workers, and in many regions resorted to compulsory conscription and pressure on local authorities to meet quotas. These drives swelled the Bolivian army to over 100,000 troops but strained the already fragile economy, disrupted agricultural production, and heightened social tension. The influx of raw recruits, many with limited training, was deployed in the war’s final offensives, which culminated in Bolivia’s defeat and a peace treaty signed later that year."
1936,Peronist movement launches (Argentina),South America,"In 1936, amid Argentina’s “Infamous Decade” of electoral fraud and economic crisis, a nascent political current coalesced around the young army officer Juan Domingo Perón. While serving as a military attaché in Italy, Perón studied corporatist fascist institutions and returned with ideas about state‑mediated labor organization. Simultaneously, he began building contacts with trade‑union leaders and emerging nationalist‑populist circles that opposed the ruling Concordancia coalition. These activities laid the groundwork for the later formation of the Peronist movement, which would fuse nationalist rhetoric, social welfare, and a strong executive role. By the late 1930s the network of labor clubs, veterans, and nationalist intellectuals coalesced, setting the stage for Perón’s 1943 rise to power."
1937,Colombia: teacher walkouts,South America,"During 1937, Colombian teachers launched coordinated walkouts across major cities, demanding the enforcement of the 1936 education law, higher salaries, and job security. The protests, sparked by the Liberal administration of President Alfonso López Pumarejo, quickly shut down schools in Bogotá, Medellín, Cali and other municipalities. Teachers formed unions, organized rallies, and pressed the Ministry of Education for funding and curricular reforms. The government responded with limited wage adjustments and promised to review the law, but many demands remained unmet, leading to prolonged labor unrest. The 1937 teacher walkouts marked the first large‑scale national strike by educators in Colombia and set a precedent for future labor activism in the country's education sector."
1938,Venezuela: petroleum workers' protests,South America,"In 1938 Venezuelan oil workers, organized through the newly formed Federación de Trabajadores de la Industria Petrolera, staged a series of strikes and street protests in the oil‑rich region of Zulia, demanding higher wages, shorter hours, and recognition of their union. The actions targeted foreign‑owned refineries and extraction sites operated by companies such as Royal Dutch Shell and Standard Oil. President Eleazar López Contreras responded with a combination of police repression—arrests and the deployment of troops to quell demonstrations—and limited concessions, including a modest wage increase. The unrest highlighted growing labor consciousness in the country’s dominant petroleum sector and set the stage for broader labor legislation and union rights reforms in the early 1940s."
1939,"Mass migrations post-civil unrest, Chile",South America,"In 1939, following the defeat of the Spanish Republic in the Spanish Civil War, Chile received a sizable wave of Spanish refugees fleeing persecution. The Chilean government, led by President Pedro Aguirre Cerda, opened its ports to the exiles, granting them temporary visas and, in many cases, permanent residency. Approximately 4,000 to 5,000 Spaniards arrived, concentrating in Santiago, Valparaíso, and Concepción, where they entered professions such as teaching, medicine, engineering, and the arts. Their settlement spurred modest demographic growth, introduced new cultural and intellectual currents, and reinforced left‑leaning political networks. Limited state resources and competition for jobs created integration challenges, but the migrants left a lasting imprint on Chile’s academic institutions and cultural life."
1940,Ecuador: constitutional upheaval,South America,"In August 1940 Ecuador replaced its 1929 charter with a new constitution after a series of short‑lived governments and military interventions. A National Constituent Assembly, dominated by supporters of President Carlos Alberto Arroyo del Río, drafted a text that strengthened the executive, extended the presidential term to six years, and permitted re‑election, while reorganizing the bicameral legislature and centralizing authority in Quito. The constitution was presented as a means to restore order, but opposition parties and labor groups denounced it as authoritarian, fueling political tension. The legal overhaul set the stage for the popular uprising of May 1944 (La Gloriosa), which ultimately forced the abandonment of the 1940 charter."
1941,Peru-Ecuador border war mobilizations,South America,"In early 1941, long‑standing territorial disputes over the Amazonian border between Peru and Ecuador escalated as both governments ordered large‑scale military mobilizations. Peru, citing Ecuadorian incursions into the disputed provinces of Jaén, Maynas and others, deployed several divisions along the Putumayo and Zarumilla rivers, while Ecuador responded by conscripting troops and moving forces to the frontier. The mobilizations heightened tensions, prompting diplomatic protests and a brief naval presence on the Pacific coast. By July, the buildup culminated in open hostilities, leading to the short but intense Ecuadorian‑Peruvian War, which ended with the Rio de Janeiro Protocol in 1942. The 1941 mobilizations marked the most significant pre‑war military preparation in the long‑running border conflict."
1942,Rio Carnival: mass participation,South America,"In February 1942 Rio de Janeiro staged its annual Carnival despite Brazil’s recent entry into World War II on the Allied side. Under Getúlio Vargas’s Estado Novo regime, the city lifted wartime curfews for the festivities, allowing an estimated half‑million spectators to flood the streets, sambas, and the newly inaugurated Sambódromo area. Traditional samba schools such as Portela, Mangueira and Salgueiro presented elaborate floats and music, while the government used the spectacle to promote national unity and morale. Police maintained strict order to prevent sabotage or dissent, but the event proceeded largely unhindered, reinforcing Carnival’s role as a massive, popular cultural expression even amid global conflict."
1943,Argentine worker rallies,South America,"In 1943 Argentina experienced a surge of organized worker rallies that reshaped its labor‑political landscape. Following the June military coup that ousted the civilian government, the new regime created a Labor Department headed by Colonel Juan Perón, who opened negotiations with the powerful CGT (General Confederation of Labor). Large demonstrations in Buenos Aires and other industrial centers demanded wage increases, price controls, and recognition of union rights. The most notable rally on 17 October drew tens of thousands of workers and marked Perón’s first public appeal to the labor movement, securing his political base. These actions pressured the junta to adopt pro‑labor policies, set the stage for Perón’s rise to power, and entrenched organized labor as a decisive force in Argentine politics."
1945,Brazilian Labor Law mobilizations,South America,"In 1945 Brazilian workers launched a wave of strikes and street protests demanding the full application of the 1943 Consolidated Labor Laws, legal recognition of independent unions, and an end to the authoritarian Estado Novo regime of Getúlio Vargas. Industrial centers such as São Paulo, Rio de Janeiro and the railway hubs saw coordinated actions by metalworkers, transport employees and public sector staff, who pressed for wage increases, eight‑hour workdays and collective bargaining rights. The mobilizations intensified political pressure on Vargas, contributing to his decision to call a constituent assembly, hold free elections and resign in October 1945. The unrest marked a pivotal moment in Brazil’s transition from wartime corporatism to a post‑war democratic order."
1925,Aboriginal Rights Petitions (Australia),Australia/Oceania,"In 1925 Aboriginal activists, led by the newly formed Australian Aborigines' League and figures such as William Cooper, organized a nationwide petition demanding the repeal of discriminatory protection laws, recognition of Aboriginal citizenship, voting rights, and land ownership. Over 1,000 signatures from Indigenous communities and sympathetic non‑Indigenous supporters were presented to the Federal Parliament, marking the first coordinated, pan‑Australian appeal for Aboriginal rights. Although the petition sparked limited parliamentary debate and did not achieve immediate legislative reform, it established a precedent for organized political advocacy, raised public awareness of Indigenous grievances, and laid groundwork for later movements that eventually secured voting rights (1962) and land rights legislation."
1926,Australian mining industry strikes,Australia/Oceania,"In early 1926 miners across Australia—particularly coal workers in New South Wales, gold miners in Western Australia, and metal‑ore laborers in South Australia—organized coordinated strikes under the Miners’ Federation and the Australian Workers’ Union. Their demands focused on higher wages, a reduced 48‑hour workweek, and improved safety standards. Employers and state governments responded with lockouts, police patrols, and the deployment of troops to protect mine sites, while the federal arbitration system attempted to mediate. After several months of halted production and mounting economic pressure, the strikes ended with a settlement that granted modest wage increases and affirmed limited union recognition, but left many grievances unresolved and set a precedent for later industrial confrontations in the Australian mining sector."
1927,Papua land protests,Australia/Oceania,"In 1927 indigenous Papuans in the Australian‑administered Territory of Papua organized a series of land protests against colonial policies that permitted the alienation of customary lands to European settlers, missionaries, and plantation companies. Led by village elders and emerging local leaders, demonstrators staged petitions, road blockades, and occasional confrontations with police in the Sepik and Gulf regions, demanding recognition of traditional land tenure and compensation for dispossessed families. The Australian administration responded with a temporary suspension of new land grants and the establishment of a commission to review land allocation practices. Although the protests did not overturn the overall colonial land regime, they marked an early collective assertion of indigenous land rights that influenced later Papua New Guinea nationalist movements."
1928,National referendum mobilizations (Aus),Australia/Oceania,"In May 1928 the Australian Commonwealth staged a double constitutional referendum, asking voters to approve the “State Debts” amendment, which would let the federal government assume state liabilities, and the “Legislative Powers” amendment, which sought broader Commonwealth authority over trade, corporations and industrial relations. The government’s Nationalist Party, supported by business groups, launched a nationwide campaign of rallies, pamphlets and radio broadcasts, while the opposition Labor Party, trade unions and many state officials warned of central‑government overreach. Voter turnout was high, but both questions were decisively rejected, preserving the existing division of powers between the Commonwealth and the states and underscoring the limits of federal expansion in interwar Australia."
1929,Mass unemployment protests (Australia),Australia/Oceania,"In late 1929, following the Wall Street crash, Australia’s economy contracted sharply, unemployment soaring to over 10 % of the labour force. Discontent erupted in major cities—Sydney, Melbourne, Brisbane—where thousands of jobless workers organized marches, sit‑ins and public meetings demanding immediate relief, wage subsidies and public‑works jobs. The newly formed Unemployed Workers’ Association coordinated rallies that often blocked streets and confronted police, leading to several clashes and arrests. The protests pressured the federal and state governments, which responded with limited relief schemes and the 1930 Unemployment Relief Act, though many demonstrators considered the measures inadequate. The unrest marked the first large‑scale, nationwide expression of worker discontent in Australia during the Great Depression."
1930,New Zealand Maori protest march,Australia/Oceania,"In 1930, hundreds of Māori from North Island iwi organized a coordinated march on Wellington, converging on Parliament to present a petition demanding relief from the Great Depression’s impact on Māori communities, protection of remaining tribal lands, and greater Māori representation in government. Led by prominent Māori leaders such as Sir Apirana Ngata and supported by the Māori Association, the demonstrators highlighted unemployment, inadequate social assistance, and the loss of customary land through the Native Land Act. The protest received extensive media coverage, prompting the government to establish a Māori Advisory Board and to begin modest reforms to Māori welfare and land policy, marking one of the earliest large‑scale political actions by Māori in modern New Zealand."
1931,Great Depression: food riots Australia,Australia/Oceania,"In 1931, the worldwide Great Depression severely contracted Australia’s export markets, driving unemployment above 30 % and causing wages to plummet. With incomes insufficient to buy basic staples, crowds of jobless men and women gathered in Sydney, Melbourne, Brisbane and regional towns, staging food riots that targeted grocery stores, butcher shops and government depots. Demonstrators shouted for immediate relief, looted limited supplies, and sometimes clashed with police. State authorities responded with emergency relief‑work schemes, tightened price controls, and, in some cases, deployed troops to restore order. The unrest highlighted the depth of rural and urban hardship and pressured the Scullin government to expand public assistance programs."
1932,Sydney Harbour Bridge Opening (mass event),Australia/Oceania,"On 19 March 1932 the Sydney Harbour Bridge was officially opened in a massive public ceremony that drew an estimated 1.5 million spectators to the harbour foreshore. Governor Sir Philip Game performed the ribbon‑cutting while Premier Jack Lang and the bridge’s chief engineer J.J.C. Bradfield addressed the crowd. The event featured a marching band, a procession of decorated trams, and a fireworks display that illuminated the newly completed 1,149‑metre arch, instantly nicknamed the “Coathanger.” Construction, which had begun in 1923 and employed over 3,000 workers, was hailed as a triumph of engineering and a symbol of progress during the Great Depression, linking the city’s north and south shores and reshaping Sydney’s transport network."
1933,Australian Aborigines Progress Association formed,Australia/Oceania,"In 1933 Aboriginal activists in New South Wales founded the Australian Aborigines Progress Association (AAPA), the first statewide Aboriginal political organization. Led by figures such as William Ferguson, John Patten, and other community leaders, the AAPA sought to challenge the segregationist policies of the Aboriginal Protection Board, demand full citizenship rights, improve health, education and employment, and secure land ownership for Indigenous peoples. The association published a newsletter, lobbied federal and state governments, and organized public meetings, marking a shift from isolated petitions to coordinated political action. Although it faced repression and limited resources, the AAPA laid groundwork for later movements, notably influencing the 1938 Day of Mourning and the post‑war Aboriginal rights campaigns."
1934,Tonga: anti-monarchist protests,Australia/Oceania,"In 1934 a series of anti‑monarchist demonstrations erupted in Tonga’s capital, Nukuʻalofa, as a growing segment of the population—led by educated elites, church leaders, and laborers—pressed for limits on the absolute authority of Queen Sālote Tupou III. Protesters demanded a more representative Legislative Assembly, greater fiscal transparency, and the repeal of laws that privileged the royal household. The colonial‑appointed police responded with arrests and brief curfews, dispersing crowds but failing to quell the movement. Although the unrest did not overthrow the monarchy, it heightened public debate and pressured the government to adopt modest constitutional amendments in 1936 that increased elected seats and introduced limited checks on royal power."
1935,New Guinea: mass labor protests,Australia/Oceania,"In 1935, under Australian administration, indigenous workers across the Territory of New Guinea staged coordinated strikes and demonstrations to protest compulsory labor, meager wages, and harsh conditions on plantations, gold mines, and timber camps. The unrest spread from coastal labor hubs such as Rabaul to interior mining sites, with workers demanding fair pay, the right to organize, and an end to forced recruitment by colonial overseers and missionary enterprises. Colonial authorities responded with a mix of police repression and limited concessions, including modest wage increases and the establishment of a labor inquiry board. Although the protests were swiftly contained, they exposed the exploitative nature of the colonial labor system and laid groundwork for later labor and independence movements in the region."
1936,Fiji land protests,Australia/Oceania,"In 1936 indigenous Fijians mounted organized protests against colonial land policies that permitted extensive leasing of communal native lands to European sugar and coconut plantations. Led by senior chiefs and the newly formed Fiji Native Association, demonstrators submitted petitions, held mass meetings in Suva and provincial centers, and temporarily halted land transactions to demand legal protection of customary ownership and limits on alienation. The unrest pressured the British colonial administration to convene a Land Commission, which later recommended reforms culminating in the 1937 Native Land Ordinance that sought to safeguard iTaukei land tenure while still allowing regulated leases. The 1936 protests thus marked a pivotal moment in Fiji’s struggle to preserve indigenous land rights under colonial rule."
1937,Australian coastwatchers mobilizations,Australia/Oceania,"In 1937 the Australian government began a systematic mobilization of coastwatchers across its Pacific territories, especially the Australian‑administered portion of New Guinea and the Solomon Islands. Under the direction of the Royal Australian Navy’s Naval Intelligence Division, former missionaries, plantation workers, and ex‑military personnel were recruited, given basic radio and navigation training, and posted to remote outposts to observe ship and aircraft"
1938,“Day of Mourning” Aboriginal protests Aus,Australia/Oceania,"On 26 January 1938, Aboriginal activists staged the “Day of Mourning” protest in Sydney to coincide with Australia’s sesquicentenary celebrations. Organized by leaders such as William Cooper, Jack Patten, and the Australian Aborigines’ League, the demonstration gathered at Australian Hall and presented a manifesto demanding full citizenship, the right to vote, equal wages, and recognition of land rights. Speakers condemned the dispossession and violence inflicted since 1788 and called for legal reforms and social justice. Although the protest received limited media coverage at the time, it marked the first coordinated national Aboriginal political action, laying the groundwork for later civil‑rights movements and influencing subsequent policy debates on Indigenous affairs."
1939,WWII mass enlistment Oceania,Australia/Oceania,"Following Britain’s declaration of war on Germany in September 1939, Australia and New Zealand launched nationwide recruitment campaigns that rapidly expanded their armed forces. The Australian government introduced the Defence Act’s voluntary enlistment scheme, later supplemented by limited conscription for home defence, raising the Australian Imperial Force to over 600,000 men by 1942. New Zealand’s Expeditionary Force grew from 7,000 volunteers in 1939 to more than 140,000 by 1945, with many Pacific Islanders from Papua and the Solomon Islands also joining local militia and labor units. Mass enlistment reshaped labour markets, prompted government‑run training camps, and tied Oceania’s security directly to the Allied war effort in Europe and the Pacific."
1940,"Mass rationing, public mobilization",Australia/Oceania,"In 1940 the Australian government, responding to the expanding war in Europe and the Pacific, instituted nationwide rationing of sugar, tea, meat, butter, petrol and clothing, administered by the Department of Civilian Supply. Ration books limited civilian consumption and redirected resources to the armed forces. Simultaneously, a broad public mobilisation campaign recruited men and women into the military, auxiliary services, and home‑front organisations such as the Australian Comforts Fund and the Women's Land Army. Civil defence drills, war‑bond drives and compulsory training reinforced the sense of collective sacrifice. These measures reshaped daily life, curbed shortages and supplied the Allied war effort across the Pacific theatre."
1941,Australian POW uprisings (Cowra breakout),Australia/Oceania,"In August 1944, the Japanese prisoner‑of‑war camp at Cowra, New South Wales, became the site of the largest POW escape attempt of World War II. On the night of 5 August, over 1,300 Japanese internees staged a coordinated mass breakout, charging the camp’s barbed‑wire fences with improvised weapons. Australian guards opened fire, killing 231 prisoners and wounding many more; four Australian soldiers also died. The revolt shocked Australian authorities, prompting stricter security measures, a review of POW treatment policies, and heightened awareness of cultural tensions within captivity. The Cowra breakout remains a defining episode of the Pacific war, illustrating the desperation of Japanese captives and influencing post‑war reconciliation efforts between Australia and Japan."
1942,Mass civil defense movement,Australia/Oceania,"In 1942, as Japanese forces advanced in the Pacific, Australia launched a nationwide civil‑defence mobilization that enlisted hundreds of thousands of volunteers to protect the home front. The government established Air Raid Precautions (ARP) committees in every state, organized wardens to enforce blackouts, conduct fire‑watch duties, and guide civilians to public and backyard shelters. Massive campaigns promoted “stay at home” drills, the construction of reinforced concrete shelters, and the distribution of gas masks. Coastal cities such as Sydney, Brisbane and Darwin saw heightened alert levels, with regular air‑raid sirens and evacuation plans for vulnerable populations. The movement not only bolstered domestic security but also fostered a pervasive sense of collective responsibility and resilience across Australian society during the war."
1943,New Zealand war protests,Australia/Oceania,"In 1943, New Zealand witnessed a wave of public dissent against its involvement in World War II, marked by organized protests, strikes, and rallies in major cities such as Wellington and Auckland. Trade unions, left‑wing groups, and some Māori activists challenged compulsory military conscription, wartime rationing, and the deployment of New Zealand forces to the Pacific front. Demonstrations often targeted government policies, demanding greater workers’ rights and an end to overseas combat. Police arrests and censorship followed, but the unrest highlighted domestic opposition to the war effort and contributed to a broader debate over civil liberties, national security, and New Zealand’s role in the Allied campaign."
1944,Bougainville campaign: mass mobilization,Australia/Oceania,"In late 1944 the Allied effort on Bougainville shifted from the U.S. to Australian command, prompting a massive mobilization of Australian forces. Over 30,000 troops from the Australian Imperial Force—infantry, artillery, engineers, medical and logistical units—were raised through conscription and volunteer enlistment, trained in Queensland, and shipped to the island. Under II Corps they launched a series of offensives from the Torokina perimeter toward the Japanese‑held southern coast, notably the battles of the Hongorai, Hari and the final push to Buin. The mobilization sustained a protracted jungle campaign, inflicted heavy casualties on both sides, and secured the island for the Allies until Japan’s surrender in August 1945."
1945,"Post-war migration (Australia, NZ)",Australia/Oceania,"In 1945, Australia and New Zealand began large‑scale post‑war migration programmes to address labor shortages and boost population growth after years of wartime mobilisation. Both governments promoted “assisted passage” schemes, offering subsidised sea travel and settlement support to British citizens and other Europeans. Australia’s “Populate or Perish” policy, formalised in the 1945 Commonwealth Immigration Agreement, targeted displaced persons from war‑torn Europe, including Poles, Balts, Italians and Greeks, while New Zealand expanded its British Commonwealth Migration Scheme to attract similar numbers. The influx of migrants helped fuel industrial expansion, infrastructure projects, and agricultural development across both nations, reshaping their demographic composition and laying the foundation for the multicultural societies they would become."
1945,"Pan-African Congress, Manchester",Africa,"The Fifth Pan‑African Congress convened in Manchester, England, from February 12‑21, 1945, gathering over 300 delegates from Africa, the Caribbean, the United States, and Britain. Organized by figures such as W. E. B. Du Bois, George Padmore, and Kwame Nkrumah, the congress demanded an end to colonial rule, the recognition of African self‑determination, and the establishment of a United Nations trusteeship system to oversee decolonization. Resolutions called for universal suffrage, economic development, and the creation of a Pan‑African federation. The meeting marked a turning point by linking anti‑colonial movements across the continent and diaspora, influencing post‑war independence struggles and laying ideological groundwork for later African nationalist leaders."
1946,Ethiopian independence movement,Africa,"In 1946 Ethiopian nationalists intensified a post‑World‑War II campaign to end lingering foreign control over Ethiopian territory. After the 1944 Anglo‑Ethiopian agreement left British forces stationed in the Ogaden and other former Italian‑occupied zones, political groups such as the Ethiopian Patriotic Association organized petitions, diplomatic delegations, and limited street demonstrations demanding full sovereignty. Emperor Haile Selassie leveraged the movement to press the United Kingdom for a revised settlement. The pressure contributed to the 1947 Anglo‑Ethiopian agreement, which stipulated the withdrawal of British troops and the restoration of Ethiopian administration over most disputed areas, marking a decisive step toward complete national independence."
1947,Madagascar uprising,Africa,"In March 1947, a coordinated nationalist rebellion erupted across Madagascar against French colonial rule, led primarily by the Democratic Movement for Malagasy Restoration (MDRM) and local peasant militias. The uprising spread from the central highlands to the coastal regions, targeting French military installations, plantations, and administrative posts. French forces responded with a massive counter‑insurgency, deploying troops, air power, and colonial police, and employing collective punishments, forced relocations, and summary executions. Estimates of Malagasy deaths range from 30,000 to 90,000, while thousands of French soldiers were killed or wounded. The revolt was largely quelled by early 1949, but it exposed the limits of French authority, accelerated decolonization debates, and paved the way for Madagascar’s eventual independence in 1960."
1948,Ghana Accra riots,Africa,"In February 1948, ex‑servicemen of the Gold Coast who had fought for Britain marched in Accra to demand better pensions and employment. Police opened fire on the demonstrators on 28 February, killing three veterans. The incident ignited widespread riots across the city, with crowds looting shops, attacking colonial police stations, and clashing with British forces. The unrest prompted the British colonial administration to declare a state of emergency, arrest nationalist leaders, and establish the Watson Commission to investigate the causes. The riots marked a turning point in the Gold Coast’s anti‑colonial movement, galvanising public opinion and leading to the formation of the United Gold Coast Convention, a key step toward Ghana’s independence in 1957."
1949,Nigerian coal miners’ strike,Africa,"In early 1949, coal miners at the British‑run Enugu mines in Nigeria launched a coordinated strike demanding higher wages, safer working conditions, and official recognition of their union, the Nigerian Coal Miners’ Union. The strike quickly spread to other mining sites and drew support from the broader labor movement and nationalist groups such as the National Council of Nigeria and the Cameroons (NCNC). Colonial authorities responded with police repression, arrests of union leaders, and a temporary suspension of the strike after several weeks. Although the immediate demands were only partially met, the action highlighted colonial labor exploitation, galvanized Nigerian workers, and helped accelerate the post‑war nationalist momentum that led to independence in 1960."
1950,Foundation of ANC Youth League (SA),Africa,"In 1950 the African National Congress Youth League was formally established in South Africa, bringing together a new generation of black activists—including Anton Lembede, Nelson Mandela, Walter Sisulu and Oliver Tambo—to push the ANC toward more confrontational politics. The League’s founding charter called for a “Programme of Action” that rejected passive accommodation of white minority rule and advocated mass mobilization, civil disobedience, and direct challenge to apartheid laws. By articulating a youthful, militant agenda, the Youth League revitalized the ANC’s strategy, laying the groundwork for the 1952 Defiance Campaign and subsequent anti‑apartheid movements across the country."
1951,Gold Coast: CPP mass organization,Africa,"In 1951 the Convention People’s Party (CPP) in the Gold Coast shifted from a modest activist circle into a full‑scale mass organization. Exploiting the new constitutional framework that allowed limited elections, the CPP rapidly established branches, youth and women’s leagues, and a network of trade‑union and peasant affiliates across the colony. Its intensive campaigning culminated in the March 1951 Legislative Assembly election, where the party won 34 of 38 seats and Kwame Nkrumah became Leader of Government Business. The CPP’s mass mobilization—through rallies, newspapers and grassroots committees—galvanized broad popular support for self‑government, setting the political foundation that led to full independence as Ghana in 1957."
1952,Mau Mau Uprising (Kenya),Africa,"In October 1952, the militant Kikuyu group known as the Mau Mau launched a coordinated armed campaign against British colonial rule in Kenya, targeting settler farms, police stations, and infrastructure. The rebellion, rooted in grievances over land dispossession, forced labor, and political exclusion, quickly spread to other ethnic groups and prompted a harsh British counter‑insurgency that employed mass arrests, detention camps, forced relocations, and punitive village sweeps. Over the next six years, the conflict claimed an estimated 11,000 Mau Mau fighters and up to 20,000 civilians, while prompting international criticism of colonial practices. The uprising accelerated Kenya’s decolonization process, leading to constitutional reforms and ultimately independence in 1963."
1953,Northern Rhodesian strikes,Africa,"In 1953, workers in Northern Rhodesia’s copper mines launched a series of coordinated strikes demanding higher wages, better safety standards, and recognition of the African Mineworkers’ Union. The unrest began at the Roan and Nkana mines and quickly spread to other mining sites, drawing support from urban labor groups and nationalist leaders. Colonial authorities responded with police force, mass arrests, and temporary suspension of the strikes, while also offering limited wage adjustments to quell the disturbances. Although the immediate concessions were modest, the strikes marked a turning point in African labor activism, strengthening organized resistance against colonial exploitation and laying groundwork for the political movements that would later drive Northern Rhodesia toward independence as Zambia."
1954,Algerian War of Independence begins,Africa,"On November 1, 1954, the National Liberation Front (FLN) launched coordinated attacks against French military and civilian targets across Algeria, marking the start of the Algerian War of Independence. The insurgency sought to end over a century of French colonial rule and to establish an independent Algerian state. French forces responded with a massive counter‑insurgency campaign, deploying troops, implementing curfews, and employing torture, while the FLN mobilized rural guerrilla units and urban networks. The conflict quickly escalated into a protracted war involving widespread violence, political repression, and international attention, setting the stage for a decade‑long struggle that would culminate in Algeria’s independence in 1962."
1955,Bandung Conference (African leaders),Africa,"In April 1955, Indonesia hosted the Asian‑African Conference in Bandung, gathering representatives from 29 newly independent or decolonizing Asian and African nations, including prominent African leaders such as Kwame Nkrumah (Gold Coast), Gamal Abdel Nasser (Egypt), and Josip Broz Tito (Yugoslavia) as an observer. The summit aimed to promote economic cooperation, cultural exchange, and political solidarity among nations outside the Cold War blocs. Delegates issued the Bandung Declaration, affirming respect for sovereignty, non‑interference, and opposition to colonialism and racial discrimination. The conference marked the first large‑scale Afro‑Asian dialogue, laying groundwork for the Non‑Aligned Movement and influencing subsequent decolonization efforts across Africa throughout the late 1950s and 1960s."
1956,Sudan independence rallies,Africa,"In the months leading up to Sudan’s formal independence on 1 January 1956, a wave of mass rallies swept the country, uniting diverse regions and social groups under nationalist banners. Organized chiefly by the Umma Party and the National Unionist Party, the demonstrations demanded an end to the Anglo‑Egyptian condominium that had governed Sudan since 1899. Protesters gathered in Khartoum, Omdurman, and provincial towns, chanting for self‑rule, the right to elect a sovereign parliament, and the removal of foreign troops. The British and Egyptian authorities, wary of unrest, accelerated negotiations, culminating in the signing of the Sudan Independence Act. The rallies demonstrated popular support for sovereignty and set the tone for Sudan’s early post‑colonial politics."
1957,Ghana becomes independent,Africa,"On 6 March 1957, the British Gold Coast colony became the independent nation of Ghana, the first sub‑Saharan African territory to achieve full sovereignty since the 19th‑century scramble. Led by Kwame Nkrumah, head of the Convention People’s Party, the transition followed a 1954 constitution, a 1956 election victory, and negotiations with Britain that secured a peaceful transfer of power. Ghana joined the Commonwealth as a constitutional monarchy under Queen Elizabeth II, with Nkrumah as prime minister, later becoming a republic in 1960. Independence inspired nationalist movements across the continent, marked a shift toward decolonisation, and positioned Ghana as a focal point for Pan‑African politics during the Cold War."
1958,Fossil fuel strikes Niger delta,Africa,"In 1958, oil workers employed by the Shell Petroleum Development Company in Nigeria's Niger Delta launched a coordinated strike demanding higher wages, better safety measures, and recognition of trade unions. The action, the first large‑scale labor protest in the newly emerging petroleum sector, quickly spread to ancillary workshops and transport crews, halting most crude exports from the region. British colonial authorities responded with police deployments, arrests of union leaders, and negotiations that yielded modest wage increases but left many grievances unresolved. The strike exposed the growing economic importance of oil, the disparity between multinational profits and local labor conditions, and fed into broader anti‑colonial movements that would culminate in Nigeria’s independence in 1960."
1959,Congo: Leopoldville riots,Africa,"On 4 January 1959, Léopoldville (now Kinshasa) erupted in violent riots after colonial authorities barred a political rally organized by the nationalist Mouvement National Congolais and the ABAKO party. Police opened fire on demonstrators, killing an estimated 30 to 50 people and injuring hundreds. The unrest spread through the city, with looting, arson, and clashes between crowds and Belgian troops lasting several days. The riots exposed deep popular opposition to Belgian rule, accelerated the rise of leaders such as Patrice Lumumba and Joseph Kasa‑Vubu, and forced the colonial administration to hasten plans for Congolese self‑government, culminating in independence on 30 June 1960."
1960,17 African nations gain independence,Africa,"In 1960, a historic wave of decolonization swept Africa as seventeen territories achieved full sovereignty, marking the continent’s most concentrated year of independence. The United Nations‑mandated trusteeship of Cameroon (January), the French‑administered Senegal, Mali (then Sudanese Republic), Niger, Upper Volta, Ivory Coast, Chad, Central African Republic, Congo‑Brazzaville, and Gabon (all in August), the Belgian Congo (June), and the British‑controlled Somaliland (June) and Nigeria (October) all transitioned to self‑government. These newly independent states joined the United Nations, adopted republican constitutions, and began nation‑building amid Cold‑War competition. The rapid succession of independence movements accelerated the decline of European colonial empires, spurred the formation of the Organisation of African Unity later that year, and reshaped Africa’s political landscape for the ensuing decades."
1961,South African anti-apartheid demonstrations,Africa,"In 1961 South Africa saw a wave of anti‑apartheid demonstrations as the African National Congress, Pan‑Africanist Congress, trade unions and youth groups mobilised against the regime’s pass‑law system and the upcoming referendum to declare a republic. Mass rallies and street protests erupted in townships and cities such as Johannesburg, Port Elizabeth and Cape Town, demanding the repeal of racially discriminatory legislation and the release of banned leaders. The government responded with mass arrests, bans on organisations and heightened police repression. The intensity of the unrest contributed to the decision of the ANC to form its armed wing, Umkhonto we Sizwe, in December 1961, marking a shift from purely non‑violent resistance to armed struggle."
1962,Algerian independence: mass exodus,Africa,"In July 1962, after the Evian Accords granted Algeria independence from France, up to one million European settlers (Pieds‑Noirs) and tens of thousands of Muslim Algerians who had fought alongside the French (Harkis) fled the newly sovereign state. The departure, organized by the French government and hastened by reprisals, riots, and fear of retribution, unfolded over weeks as ships and aircraft transported refugees to metropolitan France. Camps and temporary housing sprang up around Paris, Marseille and other ports, while many left on foot or in overcrowded vehicles, suffering loss of property and lives. The mass exodus reshaped French society, strained its economy, and left a lasting legacy of trauma and contested memory in both Algeria and France."
1963,Kenya: anti-colonial unrest,Africa,"In 1963 Kenya intensified its struggle against British colonial rule, culminating in the transition to independence on December 12. The year saw widespread anti‑colonial demonstrations, strikes, and political rallies led by the Kenya African National Union (KANU) under Jomo Kenyatta and the rival Kenya African Democratic Union (KADU). Former Mau Mau insurgents, though largely demobilized, continued low‑level resistance, while colonial authorities maintained a security presence to curb unrest. Negotiations at the Lancaster House conference produced a constitutional framework for self‑government, and a national election in May granted KANU a decisive victory. The combination of popular mobilization, diplomatic talks, and limited violence paved the way for Kenya’s emergence as a sovereign state."
1964,Zanzibar Revolution,Africa,"In January 1964, African nationalist and Arab socialist forces led by John Okello seized control of the island of Zanzibar, then a British protectorate with an Arab‑dominated sultanate. The uprising began on 12 January, quickly overwhelming the Sultan’s palace and security forces, resulting in the overthrow of Sultan Jamshid bin Abdullah and the establishment of the People’s Republic of Zanzibar and Pemba. Violence targeted Arab and South Asian communities, causing an estimated 5,000–20,000 deaths and prompting a mass exodus of refugees. The revolution prompted British and United Nations concern, and within months Zanzibar merged with Tanganyika to form the United Republic of Tanzania on 26 April 1964, reshaping East African politics."
1965,Rhodesia’s UDI—international crisis,Africa,"On November 11, 1965, the white‑minority government of Southern Rhodesia, led by Prime Minister Ian Smith, unilaterally declared independence from the United Kingdom rather than accede to majority‑rule reforms. The UDI was deemed illegal by Britain and the United Nations, prompting economic sanctions, a diplomatic embargo, and the suspension of Rhodesia’s UN seat. Britain retained de jure authority, while Smith’s regime continued to govern, intensifying internal resistance from African nationalist movements such as ZANU and ZAPU. The crisis deepened Cold War rivalries in Africa, attracted limited support from South Africa and Portugal, and set the stage for a protracted guerrilla war that ended with the 1979 Lancaster House Agreement and recognized independence as Zimbabwe in 1980."
1945,End of WWII: mass repatriations,Asia,"In the months after Japan’s surrender in August 1945, Allied forces launched the largest post‑war repatriation operation in Asian history. Millions of Japanese soldiers, civilians, and forced laborers were shipped from Korea, China, Taiwan, the Dutch East Indies, and Pacific islands back to the home islands aboard Allied‑controlled transports. Simultaneously, Allied prisoners of war and civilian internees held by Japan—British, Dutch, American, Chinese, and others—were liberated and returned to their homelands via the same convoys. The United States Army’s “Operation Magic Carpet” coordinated airlifts, while the British Commonwealth repatriated its nationals through the “Repatriation of Prisoners of War” program. By early 1946, most of the displaced population had been moved, reshaping demographic patterns and marking the logistical climax of the war’s end in Asia."
1946,Japan's new constitution adopted,Asia,"On May 3 1947 the Japanese Diet enacted the Constitution of Japan, drafted under the Allied occupation and promulgated on November 3 1946. The document replaced the Meiji‑era Imperial Constitution with a pacifist framework that renounced war (Article 9), established popular sovereignty, and guaranteed fundamental human rights. It shifted power from the emperor to elected representatives, created a parliamentary system, and placed the judiciary under constitutional review. The constitution was imposed by General Douglas MacArthur’s Supreme Commander for the Allied Powers but was approved by a nationwide referendum in May 1947, becoming the legal foundation of post‑war Japan and shaping its democratic development."
1947,Partition of India/Pakistan: migration crisis,Asia,"In August 1947 British India was divided into the dominions of India and Pakistan, triggering the largest mass migration in modern history. An estimated 10‑15 million Hindus, Sikhs, and Muslims crossed newly drawn borders—mainly between Punjab and Bengal—while communal violence erupted, resulting in roughly 200,000–2 million deaths. Trains, caravans, and footpaths became crowded with refugees fleeing massacres, looting, and arson. The British administration, overwhelmed, could not prevent the carnage, and both new governments struggled to provide shelter, food, and medical aid. The migration crisis reshaped demographic patterns, sowed enduring animosities, and left a legacy of displacement that influenced South Asian politics for decades."
1948,Communist revolution China nears completion,Asia,"In 1948 the Chinese Communist Party’s military arm, the People’s Liberation Army, secured decisive victories in the Liaoshen, Huaihai, and Pingjin campaigns, capturing key urban centers such as Shenyang, Nanjing, and Beijing. These defeats crippled the Nationalist Kuomintang’s regular forces, forced massive retreats, and precipitated the loss of mainland control. Simultaneously, the Communists expanded land‑reform programs, consolidating popular support in rural areas, while the Nationalist government, weakened by inflation and corruption, retreated to Taiwan. By the end of the year the Communist revolution was effectively complete on the mainland, setting the stage for the proclamation of the People’s Republic of China in October 1949."
1949,Mao Zedong proclaims PRC,Asia,"On October 1, 1949, Mao Zedong stood on Tiananmen Square in Beijing and announced the establishment of the People’s Republic of China, marking the end of decades of civil war between the Communist Party of China and the Nationalist Kuomintang. The proclamation transferred sovereignty from the Republic of China, which retreated to Taiwan, to the new communist state, consolidating control over most of mainland China. It initiated sweeping land reforms, nationalization of industry, and alignment with the Soviet bloc, reshaping Chinese society and foreign policy. The event signaled a major shift in the global balance of power, introducing a populous communist nation into the Cold War arena."
1950,Korean War mobilizations,Asia,"In June 1950 North Korea launched a full‑scale invasion of South Korea, prompting rapid mobilization of forces across the Cold War divide. The South Korean army, bolstered by emergency conscription, attempted to slow the advance while the United Nations, led by the United States, organized a multinational task force, deploying troops, aircraft, and naval assets within weeks. President Truman authorized the first US combat troops, and the US Air Force began strategic bombing of North Korean positions. Simultaneously, the Soviet Union supplied weapons and advisors to the North, and China began moving People's Volunteer Army units toward the peninsula, setting the stage for a protracted, multinational conflict."
1951,"UN interventions, refugee movements",Asia,"In 1951 the United Nations launched its first coordinated response to the massive refugee flows sweeping Asia after the Chinese Civil War and the Korean War. The UN Korean Reconstruction Agency (UNKRA) delivered food, shelter, and medical aid to millions displaced by fighting, while UN‑affiliated bodies organized repatriation and temporary camps for Chinese refugees fleeing to Hong Kong, Taiwan, and Southeast Asian ports. That same year the UN General Assembly adopted the 1951 Convention Relating to the Status of Refugees, establishing a legal definition of refugee and obliging signatories to protect displaced persons. These interventions marked the beginning of a global, institutional framework for managing Asian refugee crises and set precedents for future humanitarian operations."
1952,"Tokyo Treaty, Japanese protests",Asia,"In 1952 the Treaty of San Francisco, often called the Tokyo Treaty, formally ended the Allied occupation of Japan and restored its sovereignty. The agreement also incorporated a US‑Japan Security Pact that allowed American forces to remain on Japanese soil. While the treaty was hailed by the government as a step toward full independence, it sparked widespread protests across the country. Labor unions, student groups, and left‑wing parties organized rallies in Tokyo, Osaka and other cities, denouncing the perceived loss of true autonomy and the continued US military presence. The demonstrations pressured the new Japanese cabinet to negotiate revisions to the security provisions, setting a pattern of public opposition to post‑war security arrangements."
1953,Iranian coup—mass protests,Asia,"In August 1953, a covert operation by the United States Central Intelligence Agency and Britain’s MI6 orchestrated a coup that toppled Iran’s democratically elected Prime Minister Mohammad Mosaddegh after he nationalized the Anglo‑Iranian oil industry. The Shah Mohammad Reza Pahlavi was restored to absolute power, prompting widespread street demonstrations across Tehran and other cities. Protesters, many supporting Mosaddegh’s nationalist policies, clashed with security forces, resulting in dozens of deaths and arrests. The unrest highlighted deep domestic opposition to foreign interference and the Shah’s authoritarian rule, setting the stage for long‑term political instability that would culminate in the 1979 Iranian Revolution."
1954,Vietnamese anti-French demonstrations,Asia,"In early 1954, as the Viet Minh tightened its military pressure on French forces, massive civilian demonstrations erupted across Vietnam, especially in Saigon, Hanoi, and the central cities. Organized by nationalist parties, trade unions, and Viet Minh sympathizers, the protests demanded an end to French colonial rule, the release of political prisoners, and the establishment of a unified Vietnamese government. Large crowds marched, shouted slogans, and clashed with colonial police, resulting in arrests and occasional violence. The unrest amplified international scrutiny of France’s position, weakened its authority on the ground, and helped create the political climate that led to the Geneva Conference, where France agreed to withdraw and partition Vietnam pending elections."
1955,Bandung Conference (pan-Asian mobilization),Asia,"In April 1955, representatives from 29 newly independent Asian and African nations gathered in Bandung, Indonesia, at the first large-scale Afro‑Asian summit. Hosted by President Sukarno and Prime Minister Nehru, the conference aimed to promote economic cooperation, cultural exchange, and political solidarity among countries emerging from colonial rule. Delegates affirmed the principles of non‑alignment, respect for sovereignty, and opposition to both Western imperialism and Cold‑War bloc politics. The Bandung Declaration called for peaceful coexistence and collective self‑reliance, laying groundwork for the Non‑Aligned Movement and influencing decolonization efforts across the Global South. The meeting demonstrated a unified front that reshaped international relations beyond the traditional East‑West divide."
1956,Tibetan uprising,Asia,"In March 1956, Tibetan monks and laypeople in Lhasa launched a spontaneous protest against the People's Republic of China's policies in Tibet, demanding the restoration of traditional religious authority and the withdrawal of Chinese officials. Demonstrators seized government buildings, raised the Tibetan flag, and clashed with Chinese troops and police. The uprising spread to nearby monasteries, prompting a swift military response; Chinese forces employed artillery and armored units to retake the city, resulting in dozens of deaths and the arrest of hundreds of participants. Although the revolt was quelled within weeks, it heightened Tibetan resentment, set a precedent for later resistance, and contributed to the larger 1959 Tibetan uprising that ultimately forced the Dalai Lama into exile."
1957,Chinese Communist campaigns,Asia,"In 1957 the Chinese Communist Party, led by Mao Zedong, turned the brief Hundred Flowers period of encouraged criticism into the Anti‑Rightist Campaign. After allowing intellectuals, party cadres and students to voice grievances, the leadership labeled those who questioned policies as “rightists.” Over the next months, hundreds of thousands were publicly denounced, stripped of party membership, sent to labor reform camps, or imprisoned. The campaign eliminated dissent, reinforced ideological conformity, and created a climate of fear that paved the way for the later Great Leap Forward. It marked a decisive consolidation of Mao’s personal authority and a major shift in China’s political trajectory."
1958,North Korea collectivization,Asia,"In 1958 the Democratic People’s Republic of Korea, under Kim Il‑sung, began a nationwide program to collectivize agriculture. Private peasant plots were merged into state‑run People’s Collectives and larger cooperatives, and land, tools, and livestock were transferred to collective ownership. The campaign was modeled on Soviet and Chinese experiences and was presented as a step toward rapid industrialization and socialist transformation. Collectivization was enforced through party cadres, propaganda, and coercive measures, including quotas and penalties for non‑compliance. While output initially rose modestly, the policy disrupted traditional farming practices, provoked resistance among peasants, and laid the groundwork for later food shortages. The move solidified state control over the rural economy and reinforced the regime’s ideological agenda."
1959,Dalai Lama flees to India (mass movement),Asia,"In March 1959, following months of escalating unrest after the Chinese People's Liberation Army's annexation of Tibet, the 14‑year‑old 14th Dalai Lama, Tenzin Gyatso, fled Lhasa for safety. A massive exodus of Tibetan monks, officials, and civilians accompanied him, crossing the Himalayas into India’s Himachal Pradesh. The flight was triggered by a failed uprising against Chinese rule and a subsequent crackdown that resulted in thousands of arrests and casualties. India granted the Dalai Lama political asylum, establishing the Tibetan government‑in‑exile in Dharamshala. The event marked the beginning of a sustained Tibetan diaspora, intensified international criticism of China’s policies in Tibet, and reshaped Sino‑Indian relations."
1960,Japan's Anpo protests (Security Treaty),Asia,"In 1960 Japan faced massive nationwide protests against the renewal of the U.S.–Japan Security Treaty, known as the Anpo treaty. Prime Minister Nobusuke Kishi pushed the treaty through the Diet despite strong opposition from left‑wing parties, labor unions, student groups, and intellectuals who feared deeper American military presence and loss of sovereignty. Demonstrations peaked in June, with an estimated two million participants occupying streets in Tokyo, Osaka, and other cities; clashes with police resulted in injuries and arrests. The pressure forced Kishi to resign in July, and the treaty was eventually ratified after a revised, less contentious version. The Anpo protests marked a pivotal moment of post‑war Japanese political activism and reshaped civil‑society relations."
1961,"Goa: Indian annexation, rallies",Asia,"In December 1961, the Republic of India launched Operation Vijay to end Portuguese colonial rule over Goa, Daman and Diu and Dadra‑Nagar Haveli. After months of diplomatic pressure and popular rallies across Indian cities demanding integration, Indian armed forces entered the enclaves on 18 December, encountering limited resistance from the Portuguese garrison. Within two days, the Portuguese administration surrendered, and the territories were incorporated into India, ending 451 years of European presence. The annexation was hailed by Indian leaders as the completion of national unification, while Portugal protested the use of force, leading to a brief diplomatic rift that was later resolved through negotiations."
1962,Sino-Indian War: mass mobilization,Asia,"In 1962, after a series of border disputes along the Himalayan frontier, both India and China launched massive mobilizations of troops and resources. India, under Prime Minister Jawaharlal Nehru, expanded its army from a modest peacetime force to over 200,000 soldiers, calling up reserves, volunteers, and paramilitary units, while constructing hastily built forward posts in the disputed Aksai Chin and Arunachal Pradesh (then NEFA). China simultaneously moved three infantry divisions and supporting artillery across the rugged terrain, employing logistical networks to supply the high‑altitude offensive. The rapid buildup heightened tensions, leading to open hostilities in October that resulted in a brief but intense conflict, exposing logistical shortcomings and reshaping the strategic calculus of both nations."
1963,South Vietnam Buddhist crisis,Asia,"In May 1963, South Vietnam’s Buddhist majority erupted in nationwide protests after the government of President Ngô Đình Diệm banned the display of Buddhist flags during Vesak celebrations, a move seen as part of broader Catholic favoritism. Demonstrations grew after the killing of nine Buddhist protesters in Huế, prompting a series of hunger strikes, sit‑ins, and the iconic self‑immolation of monk Thích Quảng Độc in Saigon, which drew global media attention. Diệm’s forces responded with raids on Buddhist pagodas, arrests, and violent crackdowns, deepening domestic unrest. The crisis strained relations with the United States, which began to question Diệm’s leadership, and contributed to the military coup that overthrew and killed Diệm in November 1963."
1964,Indonesia mass killings/communist purge,Asia,"In the aftermath of a failed coup on 30 September 1965, the Indonesian army under General Suharto launched a nationwide anti‑communist purge that lasted into 1966. Accused members of the Communist Party of Indonesia (PKI) and suspected sympathizers were arrested, tortured, and executed by the military, paramilitary groups, and civilian mobs. Rural and urban areas alike saw mass killings, with estimates ranging from half a million to over one million deaths, alongside widespread imprisonment and property confiscation. The violence effectively eliminated the PKI, shifted power from President Sukarno to Suharto, and ushered in the authoritarian New Order regime that ruled Indonesia for three decades."
1965,"Suharto coup, anti-communist purges",Asia,"Following a failed coup attempt on 30 September 1965, which the Indonesian military blamed on the Communist Party of Indonesia (PKI), General Suharto seized control of the armed forces. Over the next months he orchestrated a nationwide anti‑communist campaign that resulted in the extrajudicial killing of an estimated 500,000 to 1 million suspected leftists, mass arrests, and the detention of thousands in camps. The purge eliminated the PKI as a political force, weakened President Sukarno’s authority, and paved the way for Suharto’s formal assumption of the presidency in 1967, inaugurating the “New Order” regime that ruled Indonesia for three decades. International observers noted the violence as one of the Cold War’s bloodiest internal conflicts, while the United States and other anti‑communist allies welcomed the shift toward a pro‑Western government."
1945,WWII ends: mass displacement/refugees,Europe,"In May 1945 the surrender of Nazi Germany ended combat in Europe, but the war’s conclusion triggered the largest forced‑population movements in modern history. Approximately 12 million ethnic Germans were expelled from Poland, Czechoslovakia, Hungary and the Soviet Union, while Poles were relocated westward into former German territories. Millions of Jews, Soviet citizens, and other civilians liberated from camps or front‑line areas became displaced persons, many congregating in Allied‑run camps across Germany, Austria and Italy. Border revisions—most notably the shift of Poland’s borders to the Oder‑Neisse line—compounded the upheaval. International relief agencies, especially the UNRRA and later the IRO, organized food, shelter and repatriation, yet the displacement persisted well into the late 1940s, reshaping Europe’s demographic map."
1946,Churchill's “Iron Curtain” speech—Cold War begins,Europe,"On 5 March 1946, former British Prime Minister Winston Churchill delivered a televised address to the Westminster College audience in Fulton, Missouri, warning that an “iron curtain” had descended across Europe, separating Soviet‑controlled Eastern bloc nations from the democratic West. He called for greater Anglo‑American cooperation, the establishment of a united Europe, and the creation of a security organization to counter Soviet expansion. The speech crystallized growing mistrust between the United States and the USSR, influencing public opinion and policy in both capitals. It is widely regarded as the moment the Cold War entered public discourse, prompting the United Nations to address security concerns and setting the stage for the Truman Doctrine and NATO."
1947,Marshall Plan launches—recovery mobilization,Europe,"On 3 April 1947 the United States Secretary of State announced the European Recovery Program, later known as the Marshall Plan, committing up to $13 billion in aid to war‑torn Western European nations. The initiative aimed to rebuild infrastructure, revive industrial and agricultural production, and stabilize currencies to prevent the spread of communism. By mid‑1948, twelve countries—including the United Kingdom, France, West Germany, Italy, and the Benelux states—had signed agreements to receive assistance, which was administered through the Economic Cooperation Administration. The influx of funds and technical expertise accelerated reconstruction, boosted trade, and laid the groundwork for European economic integration, while also marking a decisive shift in U.S. foreign policy toward active economic containment of the Soviet sphere."
1948,"Communist coup, Czechoslovakia",Europe,"On February 25, 1948, the Communist Party of Czechoslovakia, led by Klement Gottwald, seized control of the government in a swift, largely bloodless coup. After months of political tension and a crisis in the coalition cabinet, non‑Communist ministers resigned, hoping to force new elections. Their departure left a vacuum that the Communists filled by appointing loyalists to key ministries and securing the support of Soviet advisors. President Edvard Beneš, under pressure, accepted the new cabinet, effectively ending parliamentary democracy and establishing a Soviet‑aligned socialist state. The takeover marked the beginning of four decades of one‑party rule, nationalization of industry, and integration into the Eastern Bloc."
1949,NATO founded,Europe,"On 4 April 1949, twelve Western European and North American nations signed the North Atlantic Treaty in Washington, establishing the North Atlantic Treaty Organization (NATO). The alliance created a collective defense framework, pledging that an armed attack against one member would be considered an attack against all, as articulated in Article 5. NATO’s formation responded to growing Soviet influence in Eastern Europe after World War II and aimed to coordinate military planning, standardize equipment, and integrate political consultation among members. Founding members included the United Kingdom, France, Italy, the Benelux countries, Norway, Denmark, Portugal, Canada, and the United States. The treaty marked the first formalized Western security bloc, shaping Cold War geopolitics and laying the groundwork for subsequent expansions."
1950,Schuman Declaration initiates EU,Europe,"On 9 May 1950 French Foreign Minister Robert Schuman presented a proposal that coal and steel production in France and West Germany, along with the Benelux countries, be placed under a supranational authority. The Schuman Declaration aimed to bind former adversaries economically, making war between them materially impossible and fostering European integration. It led to the establishment of the European Coal and Steel Community in 1951, the first step toward a broader political union that later evolved into the European Economic Community and ultimately the European Union. The initiative received support from the United States, which saw it as a bulwark against Soviet expansion during the early Cold War."
1951,Berlin demonstrations,Europe,"In 1951, West Berlin became the scene of massive anti‑Soviet demonstrations organized by trade unions, Christian‑Democratic groups and Allied authorities. On 5 March, an estimated 100,000 demonstrators marched through the streets demanding the removal of Soviet restrictions on movement, the release of political prisoners and free elections for the whole city. The protests were met with a heavy police presence and occasional clashes, but they underscored growing Western resolve to keep West Berlin open. At the same time, the East German government staged parallel rallies in East Berlin to showcase socialist solidarity, further highlighting the city’s deepening division and foreshadowing the larger 1953 uprising."
1952,UK: Mau Mau sympathy protests,Europe,"In 1952, as the Mau Mau insurgency erupted in Kenya against British colonial rule, a wave of sympathy protests swept across the United Kingdom. Trade unions, student groups, and left‑wing organisations staged rallies, picketed government offices, and circulated petitions demanding an end to the repression of Kenyan nationalists. Prominent figures such as Labour MP Fenner Brockway and the Campaign for Nuclear Disarmament joined the demonstrations, linking anti‑imperialism with broader peace movements. The protests attracted media attention, prompting the British government to defend its colonial policy while facing growing domestic criticism. Although the demonstrations did not alter immediate military strategy, they marked an early public challenge to Britain’s Kenya policy and foreshadowed larger anti‑colonial activism in the 1960s."
1953,East German uprising,Europe,"In June 1953, workers in East Germany launched a spontaneous protest against the GDR's increased production quotas and living‑standard grievances. The strike began on June 16 in East Berlin's construction sector, quickly spreading to factories, transport hubs and other cities such as Leipzig, Dresden and Magdeburg. Demonstrators demanded wage increases, the removal of Soviet officers, and political reforms; slogans called for “peaceful change.” On June 17 the Soviet military, backed by East German police, deployed troops and tanks, suppressing the unrest with force; at least dozens were killed and hundreds arrested. The uprising forced the GDR leadership to roll back the quota hike but reinforced Soviet control, shaping East German politics for the next decades."
1954,Algerian War protests (France),Europe,"In November 1954 the Front de Libération Nationale launched coordinated attacks in Algeria, igniting the Algerian War of Independence. The conflict immediately sparked political turmoil in metropolitan France, where anti‑colonial groups, trade unions, and segments of the French left organized demonstrations demanding an end to French rule and condemning the use of force. Large rallies took place in Paris, Lyon and Marseille, often featuring Algerian expatriates and sympathetic French citizens chanting slogans for self‑determination. Simultaneously, pro‑colonial and nationalist factions staged counter‑protests supporting the government's policy of maintaining Algeria as part of France. Police interventions grew increasingly frequent, foreshadowing the intense domestic polarization that would accompany the war over the next decade."
1955,"Austria regains sovereignty, mass celebration",Europe,"In May 1955 the Austrian State Treaty, signed by the United States, United Kingdom, France, and the Soviet Union, ended a decade of Allied occupation and restored full sovereignty to the Republic of Austria. The agreement required Austria to adopt permanent neutrality, prohibit foreign military bases, and uphold democratic institutions. On 27 July the treaty took effect, prompting nationwide celebrations: crowds gathered in Vienna’s Ringstraße and other cities, waving flags, singing the national anthem, and lighting fireworks. Public speeches highlighted the restoration of independence and the promise of a neutral, democratic future. The events marked the culmination of diplomatic negotiations that reshaped Central Europe during the early Cold War."
1956,Hungarian Revolution,Europe,"In October 1956, spontaneous protests in Budapest escalated into a nationwide uprising against Soviet‑imposed communist rule in Hungary. Workers, students, and intellectuals formed a revolutionary council, demanded political pluralism, withdrawal of Soviet troops, and the reinstatement of a neutral foreign policy. On 23 October, a massive demonstration was violently suppressed, prompting armed resistance; the new government under Imre Nagy announced reforms and intent to leave the Warsaw Pact. Soviet forces returned on 4 November, crushing the revolt with tanks and air strikes, killing thousands and arresting many participants. The uprising collapsed within weeks, leading to a re‑imposition of hard‑line communist control, a wave of refugees fleeing West, and a lasting symbol of Cold‑War dissent."
1957,Treaty of Rome signed (EEC forms),Europe,"On 25 March 1957, the foreign ministers of Belgium, France, Italy, Luxembourg, the Netherlands and West Germany signed the Treaty of Rome in the Italian capital. The treaty established the European Economic Community (EEC) and the European Atomic Energy Community (Euratom), creating a common market based on the free movement of goods, services, capital and labor among the six founding states. It set up supranational institutions—including the Commission, Council, Parliament and Court of Justice—to oversee integration and coordinate economic policies. The Treaty of Rome marked the first major step toward European integration, laying the legal and institutional groundwork that would later expand into the European Union."
1958,French Algerian crisis protests,Europe,"In May 1958, France was rocked by a wave of street protests and mass demonstrations sparked by the deteriorating war in Algeria. Thousands of European settlers (pieds‑noirs) and sympathetic French army officers gathered in Paris, Algiers and other cities, demanding that Algeria remain an integral part of France and calling for a strong government to end the perceived weakness of the Fourth Republic. The pressure forced the collapse of the parliamentary system, led to the formation of a provisional “Government of Algiers,” and compelled President René Coty to invite General Charles de Gaulle to form a new cabinet. De Gaulle’s return marked the end of the Fourth Republic and set the stage for the eventual Algerian independence negotiations."
1959,UK anti-nuclear marches,Europe,"In 1959 the United Kingdom saw its first mass anti‑nuclear demonstrations, most prominently the Campaign for Nuclear Disarmament’s (CND) Aldermaston Marches. Beginning in London in early April, tens of thousands of students, trade‑unionists and peace activists walked the 60‑mile route to the Atomic Weapons Research Establishment at Aldermaston, where they held rallies demanding the abolition of Britain’s nuclear arsenal and an end to atmospheric testing. Parallel protests erupted in major cities, and the marches received extensive media coverage, signalling a shift in public opinion toward nuclear disarmament. The 1959 actions helped cement CND as a permanent fixture of British civil society and laid the groundwork for larger anti‑nuclear campaigns of the 1960s."
1960,Congo crisis protests in Europe,Europe,"In the summer and autumn of 1960, the decolonisation turmoil in the newly independent Republic of the Congo sparked a wave of demonstrations across Europe. In Belgium, massive rallies in Brussels and Antwerp condemned the Belgian government's handling of the Katanga secession and called for the withdrawal of troops, while pro‑colonial groups staged counter‑protests. French cities such as Paris saw student and trade‑union marches demanding an end to French involvement in African conflicts and expressing solidarity with Congolese leaders. In the United Kingdom, anti‑imperialist groups organized sit‑ins and public meetings, and similar solidarity actions appeared in West Germany, the Netherlands, and Scandinavia. The protests highlighted growing European public opposition to colonial wars and pressured Western governments to reassess their African policies."
1961,"Berlin Wall construction, reactions",Europe,"On 13 August 1961 the East German government, backed by the Soviet Union, began erecting barbed‑wire fences and concrete barriers that would become the Berlin Wall, sealing off West Berlin from the surrounding German Democratic Republic. Within days, thousands of East Germans were prevented from fleeing to the West, ending a massive post‑war exodus that had drained the GDR’s labor force. Western leaders, including U.S. President John Kennedy, condemned the wall as a symbol of communist oppression, while NATO increased its military readiness in Europe. In West Berlin, citizens staged protests and held candlelit vigils, whereas many East German officials portrayed the barrier as a protective “anti‑fascist” measure. The wall remained a focal point of Cold‑War tension for decades."
1962,Cuban Missile Crisis European mobilizations,Europe,"During the 1962 Cuban Missile Crisis, European NATO members rapidly heightened their military readiness as the United States warned of Soviet nuclear missiles in Cuba. The United Kingdom, France, West Germany, Italy and other allies placed air and naval forces on alert, conducted joint exercises, and positioned additional tactical nuclear weapons in West Germany. Simultaneously, the Soviet Union ordered increased air‑defence alerts in its Eastern‑European satellite states and moved extra surface‑to‑air missiles to East Germany and Poland. Warsaw Pact forces prepared for possible escalation, while NATO’s Supreme Headquarters in Paris coordinated a unified response. These mobilizations underscored Europe’s strategic centrality in the superpower standoff and contributed to the pressure that led both sides to negotiate a peaceful resolution."
1963,Profumo affair: mass media frenzy (UK),Europe,"In June 1963, British Secretary of State for War John Profumo began a clandestine relationship with 19‑year‑old model Christine Keeler, who was also seeing Soviet naval attaché Yevgeny Ivanov. When rumors reached the press, the Daily Mirror and other tabloids launched an unprecedented media onslaught, exposing the affair and questioning national security. Profumo initially denied any wrongdoing, but after a parliamentary inquiry he admitted to lying and resigned in June. The scandal dominated British headlines for months, eroding public confidence in Prime Minister Harold Macmillan’s Conservative government and contributing to its defeat in the 1964 general election. The Profumo affair also marked a turning point in the relationship between politics, the press, and public morality in post‑war Britain."
1964,Vatican II: major Christian mobilizations,Europe,"In 1964, the Second Vatican Council, convened by Pope John XXIII and continued under Pope Paul VI, sparked unprecedented mobilization across Catholic and broader Christian communities in Europe. Bishops, theologians, and lay groups gathered in Rome to debate reforms such as vernacular liturgy, ecumenical dialogue, and the role of the laity. The council’s sessions prompted mass pilgrimages, public demonstrations, and the formation of new movements like the Catholic Charismatic Renewal and the ecumenical World Council of Churches initiatives. Simultaneously, traditionalist factions organized protests against perceived liberalization, leading to heated debates within parishes and seminaries. These mobilizations reshaped liturgical practice, church governance, and inter‑denominational relations, laying groundwork for the post‑conciliar transformation of European Christianity."
1965,French student demonstrations,Europe,"In 1965 French university students launched a series of nationwide demonstrations demanding greater academic freedom, university autonomy, and an end to state‑controlled curricula. Sparked by the government's proposed higher‑education reform and the arrest of activist Michel Foucault, protests erupted on campuses in Paris, Lyon, and Marseille, with sit‑ins, barricades, and clashes between students and police. The movement coalesced into the Fédération des étudiants, linking left‑wing groups and trade unions, and forced the Ministry of Education to postpone the reform bill. Although the protests did not achieve immediate policy change, they heightened political consciousness among French youth and set the organizational groundwork for the larger May 1968 uprising."
1945,V-E Day celebrations mass gatherings USA/Canada,North America,"On 8 May 1945, news of Nazi Germany’s unconditional surrender sparked spontaneous celebrations across the United States and Canada. Millions gathered in city streets, parks, and public squares; iconic scenes included crowds lining New York’s Fifth Avenue, thousands congregating at Toronto’s Union Station, and jubilant crowds in Chicago’s Grant Park. Horns, car horns, and impromptu marching bands filled the air as people waved flags, sang patriotic songs, and embraced one another. Authorities deployed police and military personnel to manage traffic and maintain order, while many businesses closed early and offered free refreshments. The celebrations marked the first major home‑front victory of World War II in North America, reinforcing public morale and signaling the transition toward post‑war demobilization."
1946,Welcoming home war veterans,North America,"In 1946 North America, the United States and Canada organized large-scale ceremonies to receive returning World War II veterans. In American cities, Victory Parades and “Welcome Home” rallies featured marching troops, military bands, and speeches by political leaders emphasizing gratitude and the transition to peacetime. Canada held similar celebrations, notably the “Victory Parade” in Toronto and the “Homecoming” events in Vancouver, where veterans were greeted by families, officials, and the press. Governments simultaneously enacted demobilization policies, expanded the GI Bill and Veterans’ Benefits Act, and began converting wartime industries to civilian production. These public receptions marked a societal shift, fostering veteran reintegration, spurring economic growth, and shaping post‑war social programs across the continent."
1947,Jackie Robinson integration MLB,North America,"On April 15, 1947, Jackie Robinson debuted for the Brooklyn Dodgers, becoming the first African‑American player in modern Major League Baseball. His appearance ended a de facto color line that had barred Black athletes since the 1880s and was facilitated by Dodgers owner Branch Rickey, who signed Robinson after scouting his talent in the Negro Leagues. Robinson faced hostile crowds, verbal abuse, and segregationist policies, yet he posted a .297 batting average and won the Rookie of the Year award. His successful season pressured other clubs to integrate, accelerated the decline of the Negro Leagues, and marked a significant milestone in the broader civil‑rights movement in the United States."
1948,US Presidential election mobilizations Truman,North America,"In the 1948 United States presidential election, incumbent President Harry S. Truman launched an aggressive nationwide mobilization to counter the widely expected victory of Republican nominee Thomas E. Dewey. Truman embarked on a grueling “whistle‑stop” train tour, delivering speeches in small towns across the Midwest and South, while his Democratic Party organized extensive grassroots canvassing, voter registration drives, and labor union support. The campaign emphasized civil‑rights legislation, a strong stance against Soviet expansion, and criticism of the Republican platform. Despite early polls and a famous erroneous newspaper headline proclaiming “Dewey Defeats Truman,” the mobilization succeeded; Truman won a narrow popular‑vote margin and secured an electoral college victory, reshaping post‑war American politics."
1949,Canada: Newfoundland joins Confederation,North America,"On March 31 1949, the Dominion of Newfoundland officially became the tenth province of Canada, ending its 15‑year status as a British Crown colony. The decision followed a 1948 referendum in which a slim majority of Newfoundlanders voted to join Confederation rather than return to responsible government. Prime Minister Louis St. Laurent’s Liberal government negotiated terms that included federal subsidies, control of the fisheries, and the construction of a trans‑Canada highway. The new province sent its first members to the Canadian Parliament in June 1949, and the integration brought significant economic aid but also sparked ongoing debates over autonomy and resource management that continue to shape Newfoundland’s political landscape."
1950,Korean War recruitment wave,North America,"Following the North Korean invasion of South Korea in June 1950, the United States launched an unprecedented recruitment drive across North America. The Selective Service System accelerated draft calls, while the Army, Navy, Marine Corps, and Air Force opened extensive advertising campaigns promising steady pay, training, and patriotic duty. By the end of 1950, over 500,000 American men had been inducted, swelling the armed forces to more than 1.5 million. Canada responded with a voluntary enlistment surge, adding roughly 30,000 troops to the United Nations Command. This recruitment wave supplied the manpower needed for the Inchon landing, the push to the Yalu River, and the eventual stalemate that defined the early Korean War."
1951,US: nuclear test site protests,North America,"In 1951 the United States activated the Nevada Test Site, the first continental location designated for atmospheric nuclear weapons testing. The announcement prompted immediate opposition from local ranchers, Nevada residents, and a handful of scientists who formed informal protest groups to demand compensation, stricter safety measures, and disclosure of radiation risks. Demonstrations, petitions, and public hearings highlighted fears of radioactive fallout affecting agriculture, livestock, and nearby communities, especially the Western Shoshone and other Indigenous peoples. Although the protests were modest and did not halt testing, they marked the earliest organized civilian resistance to U.S. nuclear test programs on the mainland and laid groundwork for the larger anti‑nuclear movements of the 1960s."
1952,McCarthyism: Red Scare rallies,North America,"By 1952, Senator Joseph McCarthy’s anti‑communist crusade had sparked a wave of public rallies across the United States. Organized by the Senate Permanent Subcommittee on Investigations and local anti‑communist groups, these gatherings featured speeches warning of Soviet infiltration in government, Hollywood, and labor unions. Thousands attended town‑hall meetings, church basements, and college campuses, where loyalty‑oath petitions and blacklists were promoted. The rallies amplified fear, pressured employers to dismiss suspected leftists, and bolstered congressional hearings that targeted alleged subversives. Although they enjoyed broad popular support, the fervor also provoked civil‑rights advocates and journalists who condemned the erosion of due process, setting the stage for McCarthy’s eventual censure in 1954."
1953,US: Korean War armistice celebrations,North America,"In July 1953, after the signing of the Korean Armistice that halted combat between United Nations forces led by the United States and North Korean‑Chinese troops, Americans marked the cease‑fire with nationwide celebrations. Victory parades rolled through major cities, most notably a massive rally on Washington’s Constitution Avenue attended by President Dwight D. Eisenhower and General Douglas MacArthur. Streets were lined with cheering crowds, war‑bond drives surged, and returning prisoners of war were welcomed home in televised ceremonies. The festivities reinforced the United States’ Cold‑War narrative of containing communism, while also prompting political debates over the war’s human cost and the unresolved division of the Korean Peninsula."
1954,Brown v. Board of Education protest waves,North America,"In 1954 the U.S. Supreme Court’s Brown v. Board of Education ruling declared state‑mandated segregation in public schools unconstitutional, igniting a cascade of protest waves across North America. African‑American students, parents, and civil‑rights groups organized sit‑ins, marches, and legal challenges demanding rapid school integration, while white segregationists in Southern states launched “massive resistance” campaigns, including petitions, school closures, and the formation of private “segregation academies.” The federal government dispatched troops to enforce desegregation in some districts, and the media spotlight intensified national debate over civil rights. These simultaneous demonstrations marked the first large‑scale, nationwide clash over educational equality, setting the stage for the broader civil‑rights movement of the 1950s and 1960s."
1955,Montgomery Bus Boycott (US),North America,"In December 1955, after Rosa Parks was arrested for refusing to give up her seat on a Montgomery, Alabama, city bus, African‑American residents launched a mass boycott of the municipal transit system. Organized by the Montgomery Improvement Association and led by a young pastor, Dr. Martin Luther King Jr., the protest sustained for 381 days, relying on carpools, walking, and community solidarity. The boycott severely reduced bus revenues and attracted national attention to segregation laws. In November 1956, the U.S. Supreme Court, affirming the lower‑court decision in Browder v. Gayle, ruled that bus segregation violated the Constitution, prompting the city to desegregate its buses. The successful campaign became a catalyst for the broader civil‑rights movement across the United States."
1956,Elvis Presley “mania” concerts,North America,"In 1956, Elvis Presley’s soaring popularity ignited a nationwide “mania” as his concerts drew unprecedented teenage crowds across the United States. After a breakthrough television appearance on The Ed Sullivan Show and a new recording contract with RCA Victor, Presley embarked on a series of high‑profile performances in venues such as the Louisiana Hayride, the Memphis Auditorium, and the Hollywood Bowl. The frenzied audiences, often composed of 15‑ to 20‑year‑old fans, generated loud, chaotic scenes that prompted police to enforce crowd control measures and, in some cases, cancel shows. The phenomenon signaled a shift in American popular culture, merging rhythm‑and‑blues with mainstream media and cementing Presley as a catalyst for the emerging rock‑and‑roll era."
1957,Little Rock school integration crisis,North America,"In September 1957, nine African‑American students, later known as the Little Rock Nine, attempted to enroll at Central High School in Little Rock, Arkansas, testing the Supreme Court’s 1954 Brown v. Board of Education decision. State officials, led by Governor Orval Faubus, deployed the Arkansas National Guard to block entry, prompting a confrontation with federal authority. President Dwight D. Eisenhower responded by federalizing the Guard and sending the 101st Airborne Division to escort the students, ensuring their admission on September 25. The crisis drew national media attention, highlighted the resistance to desegregation in the South, and accelerated civil‑rights activism, while exposing the limits of state defiance against federal court rulings."
1958,Civil Rights Act protests,North America,"In 1958, after the passage of the Civil Rights Act of 1957, African‑American activists across the United States intensified demonstrations demanding enforcement of voting rights and broader anti‑segregation measures. Organizations such as the NAACP, SCLC, and local chapters organized sit‑ins, marches, and voter‑registration drives in Southern states like Alabama, Mississippi, and Arkansas. The federal government, under President Eisenhower, deployed troops to protect activists in Little Rock and faced criticism for slow implementation. The protests drew national media attention, prompted the formation of the 1958 “Southern Manifesto” by segregationist congressmen, and set the stage for the more expansive Civil Rights Act of 1964."
1959,"Alaska, Hawaii join US—celebrations",North America,"In 1959 the United States celebrated the admission of its 49th and 50th states, Alaska on 3 January and Hawaii on 21 August. In Anchorage, a flag‑raising ceremony attended by President Dwight D. Eisenhower and Alaska’s first governor, William A. Egan, was followed by parades, fireworks and a statewide “Statehood Day” holiday. In Honolulu, a massive crowd gathered on Waikiki Beach for a formal proclamation, a military fly‑over, and cultural performances that highlighted native Hawaiian heritage alongside American patriotism. Across the mainland, schools and civic groups held “Statehood Week” events, and newspapers ran special editions. The celebrations underscored the strategic importance of the new states during the Cold"
1960,US presidential election mass mobilization,North America,"The 1960 United States presidential election sparked unprecedented mass mobilization across the nation, as candidates John F. Kennedy and Richard Nixon campaigned vigorously through rallies, door‑to‑door canvassing, and the first televised debates. Voter registration drives, civil‑rights outreach, and youth organization efforts expanded the electorate, leading to a record‑high turnout of roughly 63 million voters, about 73 percent of eligible adults. Media coverage intensified public engagement, while the narrow popular‑vote margin—Kennedy winning by 0.17 percent—underscored the election’s competitive nature."
1961,Freedom Rides,North America,"In May 1961, interracial activist groups organized the Freedom Rides, sending integrated bus teams through the Deep South to test the Supreme Court’s 1960 ruling that segregation in interstate travel was illegal. Led primarily by the Congress of Racial Equality (CORE) and later joined by the Student Nonviolent Coordinating Committee (SNCC), riders faced violent attacks in Alabama, Mississippi, and Louisiana, prompting national media attention. Federal intervention escalated when Attorney General Robert Kennedy dispatched U.S. Marshals to protect the riders, and the Interstate Commerce Commission issued stricter desegregation orders. The rides galvanized the civil‑rights movement, pressuring the Kennedy administration to pursue comprehensive civil‑rights legislation."
1962,Cuban Missile Crisis mobilizations,North America,"During October 1962, the United States and the Soviet Union rapidly mobilized military and diplomatic resources after American reconnaissance revealed Soviet medium‑range ballistic missiles being installed in Cuba. President John F. Kennedy ordered a naval quarantine of the island, placed Strategic Air Command bombers on heightened alert, and convened the Executive Committee (ExComm) to plan responses. The Soviet leadership, under Nikita Khrushchev, readied additional forces in Cuba and prepared to defend the sites. Both superpowers activated nuclear‑ready forces, conducted intensive intelligence gathering, and engaged in back‑channel negotiations. The crisis de‑escalated when the USSR agreed to withdraw the missiles in exchange for a U.S. pledge not to invade Cuba and the secret removal of American missiles from Turkey, averting nuclear war."
1963,March on Washington for Jobs & Freedom,North America,"On August 28, 1963, approximately 250,000 civil‑rights activists gathered at the Lincoln Memorial in Washington, D.C., for the March on Washington for Jobs and Freedom. Organized by a coalition of African‑American churches, labor unions, and civil‑rights groups, the demonstration demanded federal legislation to end segregation, protect voting rights, and create economic opportunities for Black Americans. The event featured speeches by leaders such as A. Philip Randolph, Bayard Rustin, and Martin Luther King Jr., whose “I Have a Dream” address became iconic. The massive, peaceful rally helped build public support for the Civil Rights Act of 1964 and the Voting Rights Act of 1965, marking a turning point in the United States’ struggle for racial equality."
1964,Civil Rights Act passage rallies,North America,"In the summer of 1964, after President Lyndon B. Johnson signed the Civil Rights Act into law, a wave of public rallies swept across the United States. Demonstrations were organized by civil‑rights groups such as the Southern Christian Leadership Conference, the Student Nonviolent Coordinating Committee, and labor unions, drawing hundreds of thousands of participants in cities from Washington, D.C., and Atlanta to Chicago and Los Angeles. The rallies celebrated the Act’s prohibition of discrimination based on race, color, religion, sex, or national origin in public accommodations, employment, and education, while also pressuring Congress to enforce voting‑rights protections. Police presence was generally peaceful, though occasional clashes occurred, and the mass mobilizations helped cement the legislation’s symbolic importance and spurred further activism toward full equality."
1965,Voting Rights Act: Selma marches,North America,"In March 1965, civil‑rights activists led by Dr. Martin Luther King Jr. organized three protest marches from Selma to Montgomery, Alabama, to demand federal protection of African‑American voting rights. The first march on March 7, known as “Bloody Sunday,” was met with state troopers who violently attacked unarmed demonstrators on the Edmund Pettus Bridge, drawing national outrage. A court‑ordered second march on March 9 proceeded under federal protection, while the third, on March 21‑25, successfully completed the 54‑mile route. The public pressure generated by the marches helped secure passage of the Voting Rights Act of August 1965, which outlawed discriminatory literacy tests and provided federal oversight of elections, dramatically increasing Black voter registration in the South."
1945,Perón’s rise in Argentina: mass mobilization,South America,"In 1945, Argentine army officer Juan Domingo Perón, then Secretary of Labor and Vice President, harnessed the growing power of organized labor to launch a nationwide political mobilization. He instituted social legislation—wage increases, unemployment benefits, and pension reforms—that earned the loyalty of trade unions and the working class. On May 1, a massive rally in Buenos Aires drew an estimated 400,000 workers, showcasing Perón’s popular support and pressuring the interim government to recognize his political platform. The demonstration, amplified by his wife Eva Perón’s outreach to women and the poor, propelled the formation of the Peronist Party and set the stage for Perón’s election as president in 1946, reshaping Argentine politics for decades."
1946,Colombian La Violencia begins,South America,"In 1946, after the Conservative Party reclaimed the presidency with Mariano Ospina Pérez, long‑standing rivalry between Colombia’s Liberal and Conservative parties erupted into open armed conflict. The election intensified partisan mobilization, especially in rural Antioquia, Bolívar, and the Andean highlands, where local militias—known as “porros” (Conservatives) and “guerrilleros” (Liberals)—began attacking each other’s supporters, seizing land, and committing reprisals. This wave of partisan violence marked the onset of “La Violencia,” a decade‑long civil war that would claim an estimated 200,000 deaths, displace millions, and reshape Colombian politics by entrenching a cycle of retaliation and undermining state authority."
1947,Brazilian political reforms protests,South America,"In 1947 Brazil experienced a wave of public demonstrations demanding political reforms and greater democratic freedoms after the authoritarian Estado Novo regime ended in 1945. Organized chiefly by the Brazilian Communist Party, labor unions, and student groups, protests erupted in Rio de Janeiro and São Paulo, calling for constitutional amendments, land redistribution, and expanded civil liberties. The administration of President Eurico Dutra responded with a crackdown, arresting leaders and, in May, issuing Decree‑Law 1, which outlawed the Communist Party and restricted political assembly. While the protests were largely suppressed, they highlighted deep social tensions and set the stage for future labor and left‑wing movements that would influence Brazil’s political landscape in the ensuing decades."
1948,"Bogotazo riots, Colombia",South America,"On April 9, 1948, the assassination of popular Liberal leader Jorge Eliécer Gaitán sparked a massive uprising in Bogotá, Colombia. Millions of mourners turned into rioters, looting, arson, and attacks on police and government buildings spread across the capital for three days. The chaos, known as the Bogotazo, caused thousands of injuries, an estimated death toll of 1,000–2,000, and extensive destruction of infrastructure. The unrest destabilized the nation, accelerating the onset of a decade‑long period of civil conflict known as La Violencia, and prompted the Colombian government to declare a state of emergency and request U.S. military assistance. The Bogotazo remains a pivotal moment in Colombian modern history."
1949,Chile copper mine strikes,South America,"In March 1949, copper miners at Chile’s major mines, including the state‑run El Teniente and the private Anaconda‑owned Chuquicamata, launched a coordinated strike demanding wage increases, improved safety, and recognition of their union, the Federación Nacional de Trabajadores del Cobre. The movement, heavily supported by the Communist Party and the newly formed workers’ federation, quickly spread to other mining districts, halting a substantial share of Chile’s export earnings. President Gabriel González Videla declared a state of emergency, deployed police and army units, and arrested union leaders. After months of stalemate and limited concessions, the strike collapsed in late summer, leaving a legacy of heightened labor militancy that later fueled the push for copper nationalization in the 1960s and 1970s."
1950,Venezuela oil nationalization,South America,"In 1950, the Venezuelan government under President Marcos Pérez Jiménez enacted a sweeping oil reform that transferred significant ownership and control of the country’s petroleum sector from foreign concessionaires to the state. The new law raised the state’s royalty share to 50 percent, established the state‑run corporation Corporación Venezolana de Petróleo (CVP), and granted the government authority to negotiate contracts and set production quotas. While foreign firms retained operational roles, the legislation marked the first major step toward full nationalization, dramatically increasing state revenues and laying the institutional groundwork for the later creation of PDVSA in the 1970s. The reform reshaped Venezuela’s economy, bolstering its fiscal capacity and asserting greater sovereignty over its most valuable natural resource."
1951,Brazilian industrial strikes,South America,"In 1951, after Getúlio Vargas returned to the presidency, Brazil saw its first large‑scale wave of industrial labor unrest. Workers in São Paulo’s metal‑working, textile and construction sectors, organized by the newly formed Confederação Nacional dos Trabalhadores and the CGT, launched coordinated walkouts demanding wage increases to match rising consumer prices, recognition of collective bargaining and better hour regulations. The strikes spread to Rio de Janeiro and to major factories such as Companhia Siderúrgica Nacional and the Ford plant. Government response combined negotiations—resulting in a February wage‑adjustment decree—and forceful police actions that broke picket lines, leading to arrests and a few deaths. The episode cemented labor’s political influence and paved the way for Vargas’s later labor‑friendly legislation."
1952,Bolivian National Revolution,South America,"The 1952 Bolivian National Revolution, led by the Movimiento Nacionalista Revolucionario (MNR) and its candidate Víctor Paz Estenssoro, toppled the traditional military‑oligarchic regime. A popular uprising of workers, miners, and peasants forced the government to enact sweeping reforms: universal suffrage (including women), agrarian redistribution that broke up large estates, and the nationalization of the tin‑mining industry under state control. The revolution also established a new constitution guaranteeing labor rights, education, and health services. Although the MNR initially consolidated power and pursued industrialization, internal factionalism and Cold‑War pressures later weakened its authority, leading to subsequent coups and a turbulent political legacy in Bolivia."
1953,Uruguay: Batllismo movement,South America,"In 1953 the Batllismo movement—rooted in the early‑20th‑century reforms of former president José Batlle y Ordóñez—dominated Uruguay’s Colorado Party and steered a major constitutional overhaul. The 1952 Constitution, implemented in 1953, replaced the single‑person presidency with a nine‑member National Council of Government, embodying Batllista ideals of collective leadership, secularism, and extensive state involvement in the economy. Under Batllismo the welfare state expanded, with universal pensions, public employment programs, and strong labor protections continuing to shape policy. While the reform reinforced Uruguay’s reputation as a progressive, middle‑class democracy, it also exposed fissures within the movement as economic stagnation and political fragmentation grew in the ensuing decade."
1954,Peronist propaganda rallies,South America,"In 1954 the Argentine government under President Juan Domingo Perón intensified a nationwide series of propaganda rallies designed to showcase the “Justicialist” vision and to counter growing criticism over economic strain and political repression. Organized by state‑run radio, the Peronist Women’s Party and the powerful CGT labor federation, the events featured Perón’s speeches, mass choruses of “Los Muchachos Peronistas,” and displays of social‑welfare achievements such as housing and health programs. While the rallies attracted millions of workers, unionists and women supporters, they also served to intimidate dissenters, as police presence and censorship increased. The 1954 mobilizations reinforced Perón’s cult of personality but deepened polarization, setting the stage for the 1955 military coup that would topple his regime."
1955,Argentina anti-Perón uprising,South America,"In 1955 Argentina experienced a decisive anti‑Perón uprising that culminated in the Revolución Libertadora. The revolt began in June when dissident navy and air‑force units bombed the Casa Rosada and Plaza de Mayo, killing dozens and exposing deep military discontent with Perón’s authoritarian policies and labor‑state model. Emboldened, a broader coalition of army officers, navy factions, and civilian opposition launched a second, more coordinated rebellion in September. They seized key installations in Buenos Aires and other provinces, forcing President Juan Domingo Perón to resign and flee into exile. A provisional military government was installed, dismantling Perón’s party structures, reversing many social reforms, and ushering a period of political instability that shaped Argentine politics for the next decade."
1956,Mass land reforms Bolivia,South America,"In 1956, Bolivia’s revolutionary government under President Víctor Paz Estenssoro enacted a sweeping agrarian reform law that seized large haciendas and redistributed their lands to indigenous peasants and smallholders. The legislation, part of the broader 1952 National Revolution agenda, created communal farms (ejidos), granted legal titles to former laborers, and established peasant unions to oversee implementation. By the end of the year the state had expropriated roughly 3.5 million hectares, dramatically reducing the power of the traditional land‑owning elite and aiming to boost agricultural productivity and social equity. While the reform faced bureaucratic delays, resistance from wealthy landowners, and uneven execution, it marked one of Latin America’s most extensive post‑war land‑restructuring efforts."
1957,Chile nationalization protests,South America,"In 1957, Chile experienced widespread protests against President Carlos Ibáñez del Campo’s plan to increase state control over the copper industry, a move seen as a step toward nationalizing foreign‑owned mines. The proposal raised taxes on major copper companies, prompting strikes by miners, labor unions, and student groups who demanded greater national ownership and better wages. Demonstrations erupted in Santiago and mining towns, leading to clashes with police and several arrests. The unrest pressured the government to moderate the legislation, but it also intensified political debate over resource sovereignty, laying groundwork for the more extensive copper nationalization pursued in the 1960s and early 1970s."
1958,Venezuela: fall of dictatorship,South America,"In January 1958 Venezuela’s long‑standing military dictatorship under Marcos Pérez Jiménez collapsed after months of mounting civilian unrest, student strikes, and a failed 1957 election that intensified accusations of fraud. On 23 January a coalition of opposition leaders, labor unions and junior officers launched a popular uprising; key military units withdrew support, forcing Pérez Jiménez to flee into exile. A provisional government headed by Admiral Wolfgang Larrazábal was installed, promising free elections and political liberalization. Later that year, in December, the Democratic Action candidate Rómulo Betancourt won the presidential vote, marking the transition to a civilian, multiparty democracy that would dominate Venezuelan politics for the next three decades."
1959,Cuban Revolution mass exodus,South America,"In early 1959, following Fidel Castro’s guerrilla forces overthrowing Fulgencio Batista, a wave of emigration swept out of Cuba. Approximately 100,000 to 200,000 Cubans—predominantly members of the middle and upper classes, former Batista officials, landowners, and professionals—departed by boat and later by air, seeking refuge in the United States (especially Miami), Puerto Rico, Mexico, and Spain. The exodus was facilitated by U.S. policies that granted temporary protected status and by private charter operations. The departure reshaped Cuba’s demographic profile, depleted its private sector, and contributed to the formation of a politically active Cuban diaspora that would influence U.S. domestic politics and Cold‑War dynamics throughout the 1960s."
1960,Brazil: new capital inauguration,South America,"On 21 April 1960 Brazil formally transferred its seat of government from Rio de Janeiro to the purpose‑built city of Brasília, fulfilling President Juscelino Kubitschek’s ambitious “fifty‑year plan” to develop the interior. Designed by urban planner Lúcio Costa and architect Oscar Niemeyer, Brasília was constructed in just four years, featuring modernist architecture and a layout centered on monumental avenues and government complexes. The inauguration ceremony, attended by Kubitschek, foreign dignitaries and thousands of workers, marked a symbolic break with the colonial coastal past and aimed to promote national integration, economic growth, and Brazil’s image as a modern nation, despite criticism over the project’s cost and the displacement of local laborers."
1961,Dominican Republic Trujillo assassination aftermath,South America,"After the May 30 1961 killing of dictator Rafael Trujillo, the Dominican Republic entered a rapid, turbulent transition. A provisional junta, led by Generalissimo José Rafael Trujillo Molina’s brother and later by former interior minister Joaquín Balaguer, moved to dismantle the Trujilloist security apparatus, arresting hundreds of collaborators and dissolving the secret police. U.S. officials pressured the regime to restore civil liberties and hold free elections, prompting a brief liberalization and the release of political prisoners. By early 1962, a new constitution was drafted and elections were scheduled, signaling the end of the 31‑year Trujillo dynasty, though lingering factionalism and economic instability set the stage for the 1965 civil war."
1962,Chile: farmers’ collective actions,South America,"In 1962 Chilean smallholders and tenant farmers, organized through local unions and peasant federations, staged a wave of collective actions—occupations, strikes, and blockades—demanding implementation of the agrarian reform law passed earlier that year. The protests targeted large latifundia in the Central Valley, the Maule and Bío‑Bío regions, and pressured the government of President Jorge Alessandri to accelerate land redistribution through the newly created National Agrarian Reform Institute. The movement, supported by socialist and communist parties, forced the state to expropriate portions of estates and allocate them to cooperative farms, marking a significant escalation in Chile’s land‑reform process that set the stage for later reforms under Eduardo Frei and Salvador Allende."
1963,Venezuela: urban guerrilla campaigns,South America,"In 1963, Venezuela experienced a surge of urban guerrilla activity as left‑wing insurgents, chiefly the Armed Forces of National Liberation (FALN), shifted from rural bases to cities such as Caracas and Maracaibo. Influenced by the Cuban Revolution, they carried out bombings, sabotage of oil facilities, bank robberies, and kidnappings aimed at destabilising the democratic government of President Rómulo Betancourt and drawing attention to their Marxist agenda. The attacks targeted symbols of U.S. economic influence, including the American oil companies, and sought to inspire broader popular uprising. In response, the Venezuelan military launched a vigorous counter‑insurgency, receiving logistical support and training from the United States. By the end of the year the government had arrested many militants, curbing the urban campaign but leaving the broader guerrilla conflict unresolved."
1964,"Brazil: military coup, street demonstrations",South America,"In March 1964 Brazil descended into a political crisis that culminated in a military coup. President João Goulart’s push for agrarian reform and labor rights alarmed conservative elites, the Catholic Church, and the United States, which feared a communist shift. Massive street demonstrations erupted in Rio de Janeiro, São Paulo and other cities, with supporters of Goulart clashing against anti‑Goulart rallies organized by business groups and right‑wing parties. On 31 March, army units under General Humberto de Alencar Castelo Branco, backed by the navy and air force, seized key installations and forced Goulart into exile. The coup installed a military government that suspended political parties, imposed censorship, and ruled Brazil for the next two decades."
1965,Argentina: anti-government marches,South America,"In 1965 Argentina witnessed a wave of anti‑government marches that spread through Buenos Aires and other major cities. Organized chiefly by the outlawed Peronist movement, the General Confederation of Labor (CGT), and student groups, the protests demanded the repeal of anti‑Peronist legislation, the release of political prisoners, and relief from rising inflation and unemployment. Demonstrators clashed with police, leading to numerous arrests, injuries, and occasional fatalities. The unrest exposed deep political polarization and eroded confidence in President Arturo Illia’s civilian administration, contributing to the climate of instability that culminated in the military coup of June 1966."
1945,End of WWII: mass repatriations Australia/NZ,Australia/Oceania,"After Japan’s surrender in August 1945, Australia and New Zealand launched large‑scale repatriation programmes to return thousands of military personnel, prisoners of war and civilian internees from the Pacific and Southeast Asia. The Australian Army Transport Service, Royal Navy vessels and merchant ships ferried troops from locations such as New Guinea, Borneo, the Philippines and Japan’s occupation zones. Between September 1945 and mid‑1946 more than 200,000 Australians and 100,000 New Zealanders were shipped home, often in crowded conditions that strained medical and logistical services. Demobilisation depots processed the men, provided ration packs and arranged transport to major ports, while governments faced shortages of housing and employment as the returned servicemen reintegrated into post‑war society."
1946,Aboriginal civil rights petitions,Australia/Oceania,"In 1946 Aboriginal Australians, coordinated by groups such as the Aboriginal Advancement League and the Australian Aborigines' League, drafted and presented a national civil‑rights petition to the Commonwealth Parliament and, separately, to the United Nations. The document demanded the repeal of discriminatory legislation, equal citizenship, the right to vote, and access to education, health and employment. Over a thousand signatures were collected from remote missions and urban communities, marking the first large‑scale, organized political action"
1947,Pacific Islands “cargo cults”,Australia/Oceania,"After the United States and Allied forces built airstrips and bases across Melanesia during World II, the sudden arrival of abundant supplies and the promise of further deliveries inspired new religious movements that came to be labeled cargo cults. In 1947, islanders on Tanna (Vanuatu), the Solomon Islands, and Papua New Guinea organized rituals—such as building mock runways, marching in military dress, and broadcasting radio messages—to attract the return of “cargo” they believed would be sent by ancestral spirits or beneficent foreigners. Leaders like John Frum claimed to mediate between the spiritual and material worlds, while missionaries and colonial administrators struggled to understand the phenomenon. Anthropologists documented the cults, noting their blend of indigenous belief with wartime experience, and many groups persisted into the late twentieth century, influencing both local politics and the study of millenarian movements."
1948,Fiji: labor strike mass movement,Australia/Oceania,"In February 1948 a coordinated general strike erupted across Fiji, uniting public‑service employees, dockworkers, teachers and plantation laborers in a mass protest against the British colonial administration’s refusal to raise wages after wartime inflation. Organized by the Fiji Industrial Workers Union and the Fiji Public Service Association, the walk‑outs spread from Suva to Lautoka and forced the colonial governor, Sir Philip Mitchell, to negotiate. After three weeks of picketing, occasional clashes with police, and a temporary shutdown of ports and schools, the government conceded to a modest wage increase and formally recognised several unions, marking the first large‑scale labor mobilisation in the colony and laying groundwork for the post‑war nationalist and labour movements that would culminate in Fiji’s political reforms in the 1950s."
1949,New Zealand waterside workers’ strike,Australia/Oceania,"In February 1949 New Zealand’s waterfront erupted into a 151‑day industrial dispute when the Waterside Workers’ Union refused to accept employers’ demands for overtime and flexible work rules. Employers responded with a lockout, prompting the union to strike and the Labour government to invoke emergency regulations, deploy police and military personnel, and arrest dozens of workers. The conflict spread to other ports, disrupted imports and exports, and polarized public opinion. By July the National Party‑led government, which had won the November election, ordered the dismissal of striking workers and the dissolution of the union’s leadership, effectively ending the strike. The episode weakened the Labour Party, reinforced anti‑communist sentiment, and reshaped New Zealand’s industrial relations framework."
1950,Australia: Colombo Plan student influx,Australia/Oceania,"In 1950, following the establishment of the Colombo Plan, Australia began receiving its first cohort of scholarship students from South and Southeast Asian nations. The program, jointly funded by Australia, Britain and participating Asian governments, aimed to build technical and administrative capacity in the region through overseas education. Over the first year roughly 200 students arrived at Australian universities and technical colleges, studying engineering, medicine, agriculture and public administration. Their presence prompted adjustments in university admissions, housing and cultural support services, and marked an early step toward the multicultural student population that would later characterize Australian higher education. The influx also served diplomatic goals, signalling Australia’s commitment to regional development and strengthening ties with newly independent Asian states."
1951,ANZUS Treaty signed—public debates,Australia/Oceania,"In September 1951 the United States, Australia, and New Zealand signed the ANZUS Treaty, establishing a formal security pact that pledged mutual defense in the Pacific. The agreement was framed as a response to the perceived communist threat in East Asia and the Korean War, but it sparked vigorous public debate across Australia and New Zealand. Pro‑government voices argued the pact would guarantee regional stability and extend American protection, while labor unions, some politicians, and anti‑communist activists warned it could erode national sovereignty, draw the nations into U.S. Cold‑War conflicts, and eventually permit nuclear weapons on their soil. Parliamentary hearings and newspaper editorials reflected these tensions, shaping the early post‑war security discourse in Oceania."
1952,Great Barrier Reef protection movement,Australia/Oceania,"In 1952 the Great Barrier Reef protection movement emerged as a coordinated scientific and public campaign to safeguard the world’s largest coral system. The Australian government funded the first comprehensive Great Barrier Reef Expedition (1952‑53), led by marine biologists from the Great Barrier Reef Committee, which documented extensive reef damage from over‑fishing, unregulated tourism, and coastal development. Findings were presented to Queensland authorities and the federal parliament, prompting the formation of the Reef Protection Society that year and a series of public lectures, newspaper articles, and petitions. Although formal legislative protection would not arrive until the 1970s, the 1952 effort established the scientific basis and civic momentum that later underpinned the creation of the Great Barrier Reef Marine Park."
1953,PNG: Masina Rule proto-nationalist movement,Australia/Oceania,"In 1953, the Masina Rule emerged in the Australian‑administered Territory of Papua and New Guinea as a proto‑nationalist movement centered on the coastal Sepik region. Led by local chief Masina, the group organized village councils, circulated petitions demanding greater native participation in colonial governance, and staged peaceful demonstrations against the imposed Australian administrative structures. The movement’s rhetoric combined traditional authority with calls for political representation, education, and control of local resources. Australian authorities responded with a combination of negotiations and police action, arresting several leaders and dispersing gatherings, which curtailed the movement’s momentum. Although short‑lived, the Masina Rule contributed to a growing consciousness of self‑determination that later fed into broader nationalist parties such as the Pangu Party in the 1960s."
1954,Australia: citizenship for Indigenous Australians,Australia/Oceania,"In 1954 the Australian federal government amended the Nationality and Citizenship Act to formally extend Australian citizenship to Indigenous peoples, ending the legal classification that had treated them solely as British subjects. The change granted Indigenous Australians the right to obtain Australian passports and to claim certain federal benefits, marking the first nationwide acknowledgment of their status as full citizens. However, the amendment did not automatically confer voting rights or eliminate all discriminatory state laws; those reforms would follow in the 1960s. Nonetheless, the 1954 citizenship legislation represented a pivotal step in the long‑term process of legal recognition and integration of Aboriginal and Torres Strait Islander peoples into the Australian nation‑state."
1955,Sydney Opera House campaign begins,Australia/Oceania,"In 1955 the New South Wales government, led by Premier Joseph Cahill, initiated a public campaign to replace the aging Sydney Harbour Bridge’s adjacent wharf with a world‑class performing‑arts centre. A design competition was announced for a structure on Bennelong Point, aiming to showcase post‑war modernity and boost cultural tourism. The call attracted 233 entries from architects worldwide, sparking vigorous debate in Australian media and among civic groups about cost, aesthetics, and national identity. Although the final design by Danish architect Jørn Utzon would not be selected until 1957, the 1955 campaign marked the political commitment and public mobilization that set the Sydney Opera House on its path to becoming an iconic global landmark."
1956,Melbourne Olympic Games mass gatherings,Australia/Oceania,"The 1956 Melbourne Summer Olympics attracted unprecedented crowds to Australia, with stadiums regularly filled beyond capacity as 3,300 athletes from 67 nations competed. Spectators gathered at the Melbourne Cricket Ground, the Royal Exhibition Building and other venues, creating the largest public assemblies in the country's post‑war history. The Games coincided with international crises; protests over the Suez invasion and the Soviet suppression of the Hungarian uprising led to visible demonstrations and several national boycotts, while the “Blood in the Water” water‑polo match sparked intense public interest. Television broadcasts reached millions, cementing the event as a cultural milestone and demonstrating Australia's ability to host a major global sporting spectacle."
1957,Koori Aboriginal protest movement,Australia/Oceania,"In 1957, Aboriginal activists from New South Wales and Victoria, who identified as Koori, launched a coordinated protest campaign demanding civil rights and an end to discriminatory legislation. Led by the Aboriginal‑Australian Fellowship and the Aboriginal Progress Association, the movement organized petitions, public meetings, and a high‑profile march on the federal parliament in Canberra, where demonstrators called for full Australian citizenship,"
1958,Solomon Islands land reform protests,Australia/Oceania,"In 1958, residents of the British Solomon Islands Protectorate staged a series of protests demanding reform of colonial land policies that privileged European planters and restricted customary ownership. The trigger was the 1955 Land Registration Ordinance and subsequent attempts to allocate large tracts for cash‑crop plantations, which displaced many indigenous families. Demonstrations in Honiara, Guadalcanal, and on smaller islands were organized by local chiefs, emerging labor groups, and the newly formed Solomon Islands Council, who presented petitions to the High Commissioner and blocked road construction on disputed lands. Although the colonial administration rejected most demands, the unrest forced a review of the ordinance and laid the groundwork for the 1970s land‑tenure reforms that later shaped post‑independence policy."
1959,Australia: “Bring out a Briton” migration campaign,Australia/Oceania,"In 1959 the Australian government launched the “Bring out a Briton” campaign, a high‑profile recruitment drive aimed at boosting the post‑war population with British migrants. Framed by the “populate or perish” policy, the initiative offered assisted passage, guaranteed employment, and temporary housing to encourage thousands of Britons to relocate. Advertisements ran in UK newspapers and on radio, and ships were chartered to transport families under the existing “Ten Pound Pom” scheme. The campaign helped raise annual British arrivals from about 30,000 in the early 1950s to a peak of over 70,000 by the early 1960s, reinforcing Australia’s Anglo‑Celtic cultural orientation while drawing criticism for its exclusion of non‑European migrants."
1960,South Pacific nuclear fallout protests,Australia/Oceania,"In 1960, widespread protests erupted across Australia, New Zealand and several Pacific islands against radioactive fallout from the United Kingdom’s nuclear weapons tests at Maralinga and the Australian mainland. Scientific reports of contaminated rain, sheep, and elevated radiation levels sparked public alarm, prompting peace groups, university students, Aboriginal activists, and local clergy to organize rallies, petition drives, and sit‑ins at government and military sites. Media coverage amplified concerns about health risks and environmental damage, leading to the formation of the Australian Council for Nuclear Disarmament and similar bodies in New Zealand. Although the tests continued until 1963, the 1960 demonstrations heightened political scrutiny, contributed to the 1963 cessation of British tests in Australia, and laid groundwork for the later South Pacific nuclear‑free zone movement."
1961,“White Australia” immigration protests,Australia/Oceania,"In 1961, Australian activists and immigrant communities mounted public demonstrations against the racially restrictive “White Australia” immigration policy, which limited non‑European entry through a dictation test and quota system. Rallies in Sydney, Melbourne and other cities were organized by trade unions, student groups, Asian diaspora organisations and emerging civil‑rights advocates, who demanded the removal of discriminatory barriers and equal treatment for all migrants. The issue became a prominent topic in the federal election, pressuring the Liberal government of Robert Menzies to acknowledge the need for reform. Although the party retained power, the protests helped catalyse subsequent policy changes, leading to the 1966 abolition of the dictation test and the gradual transition toward a nondiscriminatory, multicultural immigration framework."
1962,Papua New Guinea: self-government movement,Australia/Oceania,"By 1962 the Australian‑administered Territory of Papua and New Guinea entered a decisive phase of decolonisation. The United Nations‑mandated trusteeship required progress toward self‑government, prompting Australia to expand the Legislative Council and to hold the first territory‑wide elections for a 29‑member House of Assembly. Indigenous candidates, organized around emerging parties such as the Pangu Party, won a majority of seats, giving local leaders a platform to demand greater administrative control. The new Assembly acquired limited powers over education, health and local development, marking the first formal step toward internal self‑government. The 1962 reforms energized a broader nationalist movement that ultimately led to full independence in 1975."
1963,New Zealand: anti-nuclear movement,Australia/Oceania,"In 1963, New Zealand's anti‑nuclear movement gained national prominence when the Labour‑led government announced plans to allow US‑supplied nuclear‑armed warships to visit its ports as part of the ANZUS alliance. A coalition of peace groups, trade unions, churches and Māori activists organized large public rallies, petitions and a nationwide petition that gathered over 100,000 signatures, arguing that nuclear weapons violated New Zealand's sovereignty and moral stance. The movement succeeded in forcing the government to postpone the visits and sparked a broader debate on nuclear policy, eventually leading to the 1984 nuclear‑free legislation. The 1963 protests marked the first coordinated, mass anti‑nuclear campaign in New Zealand and set the foundation for its later nuclear‑free identity."
1964,Sydney Aboriginal Day of Mourning,Australia/Oceania,"On 26 January 1964, the Sydney Aboriginal Day of Mourning was staged at Australian Hall to coincide with Australia Day, marking the 150th anniversary of British settlement. Organized by Aboriginal activists such as Charles Perkins, Bill Onus, and others, the event brought together Indigenous leaders, community members, and supporters to publicly denounce ongoing discrimination, segregation, and the denial of land rights. Speakers demanded equal citizenship, the right to vote, improved health and education services, and recognition of Aboriginal sovereignty. The protest is regarded as the first large‑scale urban demonstration of Indigenous political activism in Australia and helped catalyze subsequent movements, including the formation of the Aboriginal Advancement Committee and contributed to the momentum behind the 1967 referendum that amended the Constitution to include Aboriginal people in the census."
1965,Australia: Vietnam War protest marches,Australia/Oceania,"In 1965, as the Australian government increased its commitment to the Vietnam War by deploying combat troops and introducing compulsory overseas service, public opposition coalesced into a series of nationwide protest marches. The first large demonstration, organized by the Save Our Sons campaign, took place on 8 May in Sydney, drawing roughly a thousand participants who marched to the American embassy demanding an end to conscription and the war. Similar rallies followed in Melbourne, Brisbane and Canberra, with the Melbourne march on 30 October attracting several thousand demonstrators. These protests marked the emergence of a sustained anti‑war movement in Australia"
1965,Rhodesian Bush War begins,Africa,"In November 1965, following Rhodesia's Unilateral Declaration of Independence from Britain, the guerrilla conflict known as the Rhodesian Bush War erupted. Two nationalist movements—the Zimbabwe African National Union (ZANU) and the Zimbabwe African People's Union (ZAPU)—launched armed campaigns against the white‑minority government of Ian Smith, seeking majority rule. The war pitted the Rhodesian Security Forces, supported by South Africa and Portugal, against insurgents operating from bases in neighboring Zambia, Mozambique, and Botswana. Over the next decade the conflict escalated into a protracted civil war, marked by guerrilla tactics, counter‑insurgency operations, and increasing international pressure, ultimately leading to the Lancaster House Agreement and the birth of independent Zimbabwe in 1980."
1966,Nigeria coup and Biafra crisis,Africa,"On 15 January 1966, a group of young army officers led by Major Chukwuma Kaduna Nzeogwu staged a coup that assassinated Prime Minister Abubakar Tafawa Balewa and several regional leaders, exposing deep ethnic tensions between the predominantly Igbo north‑east and the Hausa‑Fulani north‑west. The coup’s failure to seize power led to Major General Johnson Aguiyi‑Ironsi’s takeover, but his subsequent policies and the July 1966 counter‑coup, which killed many Igbo officers, sparked retaliatory massacres of Igbo civilians in the north. Fleeing violence, Lieutenant Colonel Chukwuemeka Odumegwu Ojukwu declared the southeastern region independent as the Republic of Biafra on 30 May 1967, initiating a three‑year civil war that caused widespread famine and loss of life."
1967,Biafran War—mass migration,Africa,"In 1967 the secession of the southeastern region of Nigeria as the Republic of Biafra triggered a civil war that produced one of the largest forced‑population movements in post‑colonial Africa. As federal forces advanced, up to two million Igbo civilians fled across the Niger River into neighboring Cameroon, Chad and the Republic of Congo, while millions more were displaced within Nigeria, seeking shelter in makeshift camps in the north and in the capital. The exodus was driven by armed clashes, blockades that caused famine, and ethnic violence, overwhelming humanitarian agencies and prompting a worldwide relief response. The mass migration reshaped demographic patterns in the region and left a lasting legacy of trauma and diaspora communities."
1968,Uganda: mass purges Obote regime,Africa,"In 1968 Uganda’s government under President Milton Obote intensified a campaign of mass purges to cement its authority after the 1966 constitutional crisis. Security forces arrested, detained without trial and often executed suspected opponents, targeting Buganda royalists, former UPC members, left‑leaning activists, and junior army officers suspected of plotting coups. Thousands were dismissed from civil service posts, and many political figures fled into exile or were killed in extrajudicial actions. The purges deepened ethnic and regional tensions, weakened traditional institutions such as the Kabaka’s court, and entrenched Obote’s authoritarian rule, setting the stage for further instability that would culminate in the 1971 military overthrow of his regime."
1969,Congo: student protests,Africa,"In 1969, university students in the Democratic Republic of the Congo staged a series of protests against President Mobutu Sese Seko’s increasingly authoritarian policies, rising tuition fees, and deteriorating economic conditions. Demonstrations began at the University of Lovanium and quickly spread to campuses in Kinshasa and other cities, with students demanding greater academic freedom, political pluralism, and an end to corruption. The government responded with a heavy security crackdown, deploying police and military forces that dispersed gatherings, arrested dozens of activists, and inflicted injuries on many participants. The repression quelled the immediate unrest but highlighted growing discontent among the educated youth, foreshadowing later opposition movements that would challenge Mobutu’s regime in the following decades."
1970,Mass mobilization for independence (Mozambique),Africa,"In 1970, the Mozambican liberation movement Front for the Liberation of Mozambique (FRELIMO) intensified a continent‑wide campaign of mass mobilization to broaden popular support for independence from Portuguese rule. The organization dispatched cadres to rural villages, established “people’s committees,” and organized political education sessions that linked anti‑colonial sentiment with land reform and social justice. Simultaneously, urban protests erupted in Lourenço Marques and other towns, where workers and students demanded an end to forced labor and political repression. Portuguese authorities responded with heightened security operations, including the 1970 “Operation Gordian Knot,” which aimed to crush guerrilla bases and suppress civilian dissent. The mobilization succeeded in expanding FRELIMO’s base, increasing international awareness of Mozambique’s struggle, and setting the stage for the protracted war that culminated in independence in 1975."
1971,Uganda: Idi Amin coup and mass killings,Africa,"On 25 January 1971, Lieutenant‑General Idi Amin, commander of the Ugandan army, staged a bloodless coup that deposed President Milton Obote, who was attending a Commonwealth summit abroad. Amin seized control, suspended the constitution, and proclaimed himself president. Within weeks he ordered the arrest and execution of senior military officers, members of Obote’s Uganda People’s Congress, and suspected political opponents, initiating a wave of extrajudicial killings that would claim thousands of lives over the next year. The purge also targeted Asian businessmen and professionals, creating an atmosphere of terror that destabilised the economy and prompted international condemnation. Amin’s consolidation of power through violence set the tone for his brutal eight‑year rule, marked by widespread human‑rights abuses."
1972,Burundi genocide: refugee exodus,Africa,"In April 1972, a Hutu-led insurrection in Burundi was brutally crushed by the Tutsi‑dominated military government, triggering a systematic campaign that killed an estimated 100,000–200,000 Hutu civilians and imprisoned tens of thousands. The violence, often described as a genocide, forced large numbers of survivors to flee across the Great Lakes region. By the end of the year, up to 300,000 refugees had crossed into neighboring Rwanda, Tanzania, and the Democratic Republic of Congo, seeking safety from reprisals, forced conscriptions, and village destructions. The exodus strained host‑country resources, altered demographic balances, and entrenched ethnic mistrust that shaped Burundi’s subsequent cycles of conflict."
1973,Ethiopia: student mobilizations,Africa,"In 1973 Ethiopian university students, centered at Addis Ababa University, launched a series of demonstrations demanding academic freedom, an end to corruption, and political reforms. The protests were sparked by the government's mishandling of a severe famine in Wollo and by growing awareness of Marxist and pan‑African ideas. Demonstrators occupied campuses, organized strikes, and circulated manifestos criticizing Emperor Haile Selassie's rule. The imperial police responded with arrests and violent dispersals, while some officers defected to the nascent military committee that would become the Derg. Although the mobilizations were suppressed, they galvanized broader opposition, linking student activism to the popular unrest that culminated in the 1974 revolution and"
1974,Ethiopian Revolution,Africa,"In 1974 a popular uprising and military coup ended Ethiopia’s centuries‑old monarchy. Widespread discontent over famine, land inequality and corruption fueled student protests and mutinies within the armed forces. On 12 September the Imperial Guard seized power, forming the Coordinating Committee of the Armed Forces, later renamed the Derg. The Derg arrested and eventually executed Emperor Haile Selassie in November, abolishing the imperial system and proclaiming a socialist republic. Land was nationalised, feudal privileges were dismantled, and the new regime aligned with the Soviet bloc, initiating a period of political repression, purges, and civil war that reshaped Ethiopia’s political landscape for decades."
1975,Angola & Mozambique independence movements,Africa,"After Portugal’s 1974 Carnation Revolution, its African colonies moved toward decolonisation. In Mozambique, the Marxist‑leaning FRELIMO, which had waged guerrilla war since 1964, negotiated a Lusaka Accord and formally declared independence on 25 June 1975, establishing a one‑party state. In Angola, three rival nationalist movements—MPLA, FNLA, and UNITA—had fought Portuguese forces since 1961; following the Portuguese withdrawal, they each proclaimed authority, but the MPLA seized control of Luanda and declared independence on 11 November 1975, backed by Soviet and Cuban aid. The rival factions immediately plunged into a protracted civil war, while Mozambique entered a period of socialist nation‑building and internal conflict. Both independence processes were shaped by Cold‑War rivalries and the abrupt end of Portuguese colonial rule."
1976,Soweto Uprising (South Africa),Africa,"On June 16, 1976, thousands of black secondary school students in Soweto, a township near Johannesburg, marched to protest the apartheid government’s decree that Afrikaans be used alongside English as the medium of instruction. Police opened fire on the unarmed demonstrators, killing Hector Pieterson and many others, which ignited nationwide unrest. Over the following weeks the uprising spread to other townships and cities, prompting a brutal security crackdown that resulted in hundreds of deaths and thousands of arrests. The Soweto Uprising became a pivotal moment in the anti‑apartheid struggle, drawing international condemnation, galvanizing youth activism, and accelerating the eventual dismantling of apartheid."
1977,Black Consciousness Movement rallies (SA),Africa,"In 1977 South Africa’s Black Consciousness Movement (BCM) intensified public rallies after the death of its charismatic leader Steve Biko in September. Mobilising students, trade‑unionists and community groups, the movement organised mass demonstrations in Soweto, Port Elizabeth and other townships, demanding the release of political prisoners, the repeal of pass laws and an end to apartheid’s racial hierarchy. The rallies were marked by the chanting of “Black Power” slogans and the display of Biko’s portrait, reinforcing a collective identity rooted in self‑reliance and resistance. In response, the apartheid government banned key BCM organisations—including the South African Students’ Organisation and the Black People’s Convention—arrested numerous activists, and intensified security operations, signalling a harsh crackdown on the burgeoning Black Consciousness uprising."
1978,Zaire: Shaba Invasions,Africa,"In early 1978 the mineral‑rich Shaba (formerly Katanga) province of Zaire faced a second secessionist incursion, known as Shaba II. Former Katangan gendarmes, supplied and directed by the Angolan government and its Cuban allies, crossed the border, quickly seized the mining town of Kolwezi and took dozens of foreign hostages. Mobutu Sese Seko appealed for Western assistance; French, Belgian and Moroccan troops were air‑lifted in, and a U.S. C‑130 operation evacuated civilians. Within days the combined force retook Kolwezi, forcing the rebels to withdraw into Angola. The episode underscored the Cold‑War rivalry in Central Africa, exposed the fragility of Mobutu’s rule, and prompted a renewed Western military presence in Zaire."
1979,Zimbabwe: Lancaster House talks,Africa,"In late 1979, Britain hosted negotiations at London’s Lancaster House between the white‑minority Rhodesian government of Ian Smith and the two main African nationalist movements, Robert Mugabe’s ZANU and Joshua Nkomo’s ZAPU, under the auspices of Prime Minister James Callaghan (later Margaret Thatcher). The talks aimed to end the protracted Rhodesian Bush War and to devise a framework for majority rule. After weeks of intensive bargaining, the parties signed the Lancaster House Agreement, which established a cease‑fire, a new constitution guaranteeing universal suffrage, and a timetable for elections. The accord paved the way for the colony’s internationally recognised independence as Zimbabwe on 18 April 1980."
1980,Zimbabwe independence celebrations,Africa,"On April 18, 1980, Zimbabwe marked its formal independence from British colonial rule and the former white‑minority regime of Rhodesia with nationwide celebrations. The transition followed the 1979 Lancaster House Agreement, which ended a protracted guerrilla war and led to the first universal‑suffrage elections in which Robert Mugabe’s Zimbabwe African National Union‑Patriotic Front won a decisive majority. Independence ceremonies in Harare featured the lowering of the Union Jack, the raising of the new Zimbabwe flag, and the playing of the national anthem “Ishe Komborera Africa.” Streets filled with jubilant crowds, military parades, and cultural performances, symbolizing the birth of a sovereign African state and the hopeful start of majority rule."
1981,Moroccan Green March anniversary protests,Africa,"On November 6 1981, the sixth anniversary of Morocco’s 1975 “Green March” sparked coordinated protests across Moroccan cities and in the occupied Western Sahara. Demonstrators, many linked to the Polisario Front and Sahrawi nationalist groups, demanded a United Nations‑mandated referendum on self‑determination and denounced Morocco’s annexation of the territory. Security forces responded with mass arrests, curfews, and occasional clashes that left several injured. The Moroccan government framed the demonstrations as illegal attempts to destabilize national unity, while international human‑rights organizations condemned the repression and called for renewed diplomatic efforts to resolve the Western Sahara dispute. The protests highlighted the enduring volatility of the region more than a decade after the original march."
1982,Egypt: Bread riots,Africa,"In January 1982, Egypt under President Hosni Mubarak faced nationwide bread riots after the government announced cuts to long‑standing food subsidies in response to IMF pressure. The sudden price hikes on basic staples, especially bread, triggered spontaneous protests in Cairo, Alexandria, and other urban centers, where crowds clashed with police and army units. Demonstrators shouted slogans against the economic reforms, and security forces used tear gas and live ammunition, resulting in dozens of deaths and hundreds of injuries. The unrest forced the regime to partially restore subsidies and temper the reform agenda, exposing the fragility of Egypt’s economy and the volatility of popular opposition to austerity measures."
1983,Ghana: famine-driven migration,Africa,"In 1983 Ghana experienced a severe food crisis triggered by a prolonged drought, locust infestations, and collapsing agricultural output, especially in the northern regions. The famine forced hundreds of thousands of rural households to abandon farms and migrate southward toward Accra, Kumasi, and other urban centers, while many also crossed borders into Côte d'Ivoire, Togo, and Burkina Faso in search of work and aid. The government, under the Provisional National Defence Council led by Jerry Rawlings, declared a state of emergency, appealed for international assistance, and coordinated relief operations with the UN, WFP, and NGOs. The migration reshaped Ghana’s demographic patterns, accelerated urban growth, and highlighted the vulnerability of the country’s agrarian economy to climate shocks."
1984,Burkina Faso: Sankara Revolution,Africa,"In August 1983 a left‑wing military coup installed Captain Thomas Sankara as Burkina Faso’s president, and throughout 1984 he embarked on a radical “Sankara Revolution.” He renamed the country from Upper Volta, launched mass literacy campaigns, and created popular revolutionary committees to mobilize peasants and workers. Sankara’s government instituted land reforms, nationalized key industries, promoted women’s rights—including banning female genital mutilation and encouraging female education—and pursued a policy of self‑sufficiency that rejected foreign aid and debt. These sweeping social, economic, and cultural changes aimed to dismantle colonial legacies and forge a new, egalitarian national identity, positioning Burkina Faso as a symbol of anti‑imperialist revolutionary Africa."
1985,South Africa: anti-apartheid protests,Africa,"Throughout 1985 South Africa experienced a surge of anti‑apartheid protests that intensified domestic resistance and drew global attention. The state of emergency declared in July gave police sweeping powers, yet massive demonstrations continued in townships such as Soweto, Langa, and Alexandra, often organized by the United Democratic Front and trade unions. Strikes shut down factories, while student and church groups staged mass rallies demanding the release of Nelson Mandela and an end to racial segregation. International pressure grew as foreign governments imposed sanctions and cultural boycotts. The government's heavy‑handed response—arrests, curfews, and violent clashes—resulted in dozens of deaths and thousands of injuries, but the unrest signaled a turning point that accelerated negotiations that would end apartheid in the early 1990s."
1965,Indonesia anti-communist purges,Asia,"Following an alleged coup attempt by the Indonesian Communist Party (PKI) on 30 September 1965, General Suharto and allied military units launched a nationwide anti‑communist campaign. Over the next several months, extrajudicial killings, imprisonments and forced relocations targeted suspected communists, PKI members, left‑leaning intellectuals and ethnic Chinese. Estimates of the death toll vary, ranging from 500,000 to over one million victims. The purges dismantled the PKI, eliminated President Sukarno’s political base, and paved the way for Suharto’s rise to power, establishing the New Order regime that ruled Indonesia for three decades. Internationally, the violence was tacitly supported by Western anti‑communist interests."
1966,Chinese Cultural Revolution begins,Asia,"In May 1966, Mao Zedong launched the Great Proletarian Cultural Revolution in the People’s Republic of China, urging Red Guard youth to purge “bourgeois” elements and enforce Maoist ideology. The campaign mobilized millions of students and workers to attack perceived counter‑revolutionaries, leading to widespread denunciations, public humiliations, and the destruction of cultural heritage. Party officials, intellectuals, and traditional institutions were removed or persecuted, while schools and factories were disrupted. The movement rapidly spread across provinces, consolidating Mao’s personal authority but also triggering social chaos, economic stagnation, and a decade of political turmoil that only began to subside after Mao’s death in 1976."
1967,Hong Kong Riots,Asia,"In 1967, Hong Kong experienced a series of violent riots sparked by a labor dispute at a plastic factory and inflamed by the Cultural Revolution in mainland China. Pro‑communist activists organized strikes, demonstrations, and bombings targeting British colonial authorities, commercial establishments, and public infrastructure. The unrest spread to schools, factories, and neighborhoods, leading to clashes with police, widespread arrests, and the death of dozens of civilians and officers. The colonial government responded with emergency regulations, curfews, and a heavy police presence, eventually suppressing the movement by early 1968. The riots exposed deep social tensions, prompted reforms in labor policy and public housing, and reinforced Hong Kong’s alignment with Western anti‑communist policies during the Cold War."
1968,Vietnam War—Tet Offensive mobilizations,Asia,"In late January 1968, North Vietnamese regulars and Viet Cong units launched coordinated attacks across more than 100 South Vietnamese towns and cities, timed with the lunar New Year (Tet). The offensive began with massive troop mobilizations, including 30,000–40,000 fighters moving through the Ho Chi Minh Trail and infiltrating urban centers such as Saigon, Hue, and Da Nang. Although U.S. and ARVN forces eventually repelled the assaults, the surprise scale inflicted heavy casualties and captured global media attention. The Tet Offensive shifted American public opinion, undermined confidence in the U.S. government's optimistic war assessments, and prompted a reassessment of U.S. strategy in Vietnam."
1969,India-Pakistan war (mass mobilization),Asia,"In 1969, India and Pakistan embarked on the largest peacetime troop buildup since the 1965 conflict, moving divisions to the western front and, for Pakistan, to the eastern theater. The mobilization was triggered by renewed clashes in the disputed Kashmir region, Pakistan’s internal unrest in East Pakistan, and Indian support for Bengali nationalist movements. Both capitals announced emergency measures, conscripted reservists, and positioned artillery and air assets along the international border. International observers warned that the concentration of forces risked a new war, but diplomatic pressure and a series of back‑channel talks prevented open hostilities. The 1969 mobilization set the strategic conditions that later erupted in the 1971"
1970,"Bangladesh cyclone, mass refugee crisis",Asia,"In November 1970 a powerful tropical cyclone struck the low‑lying delta of East Pakistan (present‑day Bangladesh), producing a storm surge that inundated coastal districts, especially the Bhola Island region. Official estimates placed the death toll between 300,000 and 500,000, making it one of the deadliest natural disasters of the 20th century. The storm destroyed homes, crops, and infrastructure, displacing millions who fled to temporary shelters and crossed into neighboring India as refugees. The humanitarian crisis overwhelmed local and international relief efforts and intensified existing political grievances between the Bengali population and the West‑Pakistani government. The inadequate response contributed to rising separatist sentiment, setting the stage for the 1971 Bangladesh Liberation War."
1971,Bangladesh independence movement,Asia,"In 1971, the Bengali nationalist movement in East Pakistan, long suppressed by West Pakistani rule, escalated into a full‑scale war for independence. After the 1970 election victory of Sheikh Mujibur Rahman's Awami League, the Pakistani military launched Operation Searchlight, killing an estimated three hundred thousand civilians. The ensuing guerrilla resistance, organized by the Mukti Bahini and supported by India, led to a nine‑month conflict that culminated in the surrender of Pakistani forces on 16 December. Bangladesh emerged as a sovereign nation, reshaping South Asian geopolitics and prompting massive refugee flows, humanitarian crises, and a reorientation of Indo‑Pakistani relations and international diplomatic attention."
1972,Okinawa reversion protests (Japan),Asia,"In 1972, as the United States prepared to return administrative control of Okinawa to Japan after 27 years of post‑World War II occupation, large‑scale protests erupted across the islands. Demonstrators, including local residents, labor unions, and student groups, demanded the removal of U.S. military bases, compensation for wartime damage, and greater autonomy, fearing that reversion would cement a continued American presence. The Japanese government, under Prime Minister Kakuei Tanaka, negotiated the Okinawa Reversion Agreement, which restored sovereignty on 15 May 1972 while preserving U.S. bases under a security treaty. Although the protests did not halt the base network, they heightened public awareness of Okinawan grievances, spurred subsequent anti‑base movements, and shaped Japan’s post‑war foreign‑policy discourse."
1973,Cambodia: Khmer Rouge insurgency -->,Asia,"By 1973 the Cambodian civil war had intensified as the communist Khmer Rouge insurgency expanded its control over rural provinces while the US‑backed Lon Nol government struggled to maintain authority in Phnom Penh. Heavy American bombing under Operation Freedom Deal and the spill‑over of North Vietnamese forces weakened the army, allowing the Khmer Rouge to launch coordinated attacks on supply routes, outposts, and towns. The insurgents’ propaganda appealed to peasants disillusioned by forced relocations and economic hardship, swelling their ranks to an estimated 70,000 fighters. Despite occasional government offensives, the Khmer Rouge captured key districts, tightened the siege of the capital, and set the stage for their eventual victory in April 1975."
1974,Philippines: Martial Law protests,Asia,"In 1974, opposition to President Ferdinand Marcos’s martial law, declared in 1972, erupted across the Philippines in a wave of student rallies, labor strikes, and church‑backed demonstrations. Groups such as the National Union of Students, the Federation of Labor, and clergy aligned with the Catholic hierarchy organized public protests in Manila and provincial cities, demanding the restoration of civil liberties and an end to arbitrary arrests. The regime responded with mass detentions, media censorship, and occasional forceful dispersals, notably at a June student march that resulted in dozens of injuries. Although the protests were largely suppressed, they exposed widening dissent among youth, workers, and religious leaders, laying groundwork for the broader anti‑Marcos movements that would culminate in the 1986 People Power Revolution."
1975,Fall of Saigon: refugee waves,Asia,"The fall of Saigon on 30 April 1975 marked the end of the Vietnam War and triggered the largest forced migration in modern Southeast Asian history. As North Vietnamese forces entered the capital, more than two million South Vietnamese—including soldiers, government officials, and civilians—fled by land, sea, and air. The U.S. organized Operation Frequent Wind, evacuating roughly 7,000 people from the rooftop of the U.S. Embassy, while countless others boarded hastily assembled boats, many of which were later rescued by international ships or stranded in the South China Sea. The exodus created massive refugee camps in Thailand, the Philippines, and Malaysia, and ultimately led to the resettlement of hundreds of thousands in the United States, Canada, Australia, and Europe."
1976,China: Tiananmen Incident mourning,Asia,"In early April 1976, millions of Chinese gathered in Tiananmen Square to mourn the recently deceased Premier Zhou Enlai, whose death on 8 January had sparked widespread grief. The spontaneous memorial—featuring wreaths, flowers, and slogans calling for an end to the Cultural Revolution—was quickly politicized by the radical “Gang of Four,” who denounced the gathering as a “counter‑revolutionary rebellion.” On 5 April, authorities ordered the removal of the tributes and deployed police and militia to disperse the crowd, resulting in arrests and reported injuries. The incident exposed deep public discontent with Maoist policies, heightened tensions within the Communist Party, and foreshadowed the political upheavals that would follow Zhou’s death and the eventual downfall of the Gang of Four."
1977,India: Emergency ends—mass election,Asia,"After six years of authoritarian rule, Prime Minister Indira Gandhi lifted the national Emergency on 21 March 1977, restoring civil liberties and releasing political prisoners. The move paved the way for the first truly competitive general election since 1971, held in March‑April 1977. The Janata Party, a coalition of opposition groups, campaigned on promises of democratic renewal and won a decisive victory, ending Congress’s long‑standing dominance. The election marked a peaceful transfer of power to Morar Baba Rashtriya Jain Jayaprakash Narayan’s Janata government, reaffirming parliamentary democracy in India. International observers noted the election as a significant test of India’s resilience after a period of suspended constitutional rights."
1978,South Korean democratization protests,Asia,"In October 1978, South Korean students, labor groups, and civic activists launched large‑scale demonstrations in the port cities of Busan and Masan, known as the Bu‑Ma protests, demanding an end to President Park Chung‑hee’s Yushin Constitution and the restoration of democratic rights. The movement was sparked by the death of a student activist in police custody and quickly spread to other urban centers, where protesters called for constitutional revision, political liberalization, and the release of political prisoners. The government responded with a heavy police crackdown, arresting thousands and using force that resulted in several deaths. Although the protests were suppressed, they exposed deep popular discontent, galvanized opposition networks, and laid groundwork for the broader democratization wave that culminated in the 1980s."
1979,Iranian Revolution,Asia,"In 1979 Iran experienced a popular uprising that toppled the monarchy of Shah Mohammad Reza Pahlavi and established the Islamic Republic under Ayatollah Ruhollah Khomeini. Widespread discontent over authoritarian rule, rapid modernization, economic inequality, and perceived Western influence fueled mass protests, strikes, and clashes between demonstrators and security forces. After months of civil unrest, the Shah left Iran in January, and Khomeini returned from exile in February to assume leadership. A national referendum in April approved a new constitution based on the principle of Velayat‑e faqih, granting clerical authority over the state. The revolution reshaped regional politics, ended U.S. influence, and set a precedent for Islamist movements worldwide."
1980,Gwangju Uprising (South Korea),Asia,"In May 1980, citizens of Gwangju, South Korea, rose against the military government of Chun Do‑hwan after the dismissal of President Choi Kyu‑hae and the imposition of martial law. Student groups, labor unions and ordinary residents seized city hall, established a self‑governing committee, and demanded democratic reforms. The government responded with the 20th Division of the Korean Army, deploying tanks and troops that opened fire on demonstrators, resulting in widespread casualties. After ten days of intense street fighting, the uprising was violently suppressed, with official death tolls ranging from several hundred to over a thousand. The Gwangju Uprising became a symbol of resistance, influencing South Korea’s subsequent democratization movement."
1981,Iran-Iraq War mass mobilizations,Asia,"In 1981, the Iran‑Iraq War entered a phase of unprecedented mass mobilization as both belligerents expanded their armed forces and enlisted civilian support. Iran, relying on a surge of volunteers, the Basij militia, and newly conscripted soldiers, integrated Revolutionary Guard units into front‑line assaults such as Operation Ramadan aimed at Basra. Simultaneously, Iraq intensified its conscription program, raised new infantry divisions, and deployed paramilitary forces like the Fedayeen to sustain offensives along the Shatt al‑Arab and in the north. Both governments instituted war‑economy measures, rationing, and propaganda campaigns to sustain public morale and labor contributions. The massive mobilizations dramatically increased troop numbers on both sides, setting the stage for protracted, high‑casualty fighting that would last eight more years."
1982,Philippine election protests,Asia,"In 1982, opposition parties, student groups, and the Catholic Church organized nationwide protests demanding the annulment of the 1981 presidential election and calling for free, credible local elections scheduled for later that year. Demonstrators accused President Ferdinand Marcos of electoral fraud, patronage, and continued martial‑law repression. Rallies in Manila, Cebu, and Davao drew thousands, while the regime responded with police raids, mass arrests, and occasional gunfire, intensifying human‑rights concerns. The unrest exposed deepening popular discontent with Marcos’s authoritarian rule and foreshadowed the larger mobilizations that would culminate in the 1986 People Power Revolution."
1983,Sri Lankan civil war mass movements,Asia,"In July 1983, Sri Lanka experienced the Black July riots, a wave of anti‑Tamil violence that erupted after the government’s dismissal of the Tamil United Liberation Front’s parliamentary gains. Over several days, Sinhalese mobs, aided by police and security forces, attacked Tamil neighborhoods in Colombo and other cities, resulting in an estimated 400–3,000 deaths, widespread arson, and the displacement of up to 150,000 Tamil civilians. The brutality galvanized Tamil youth, leading to a surge in recruitment for militant groups, most notably the Liberation Tigers of Tamil Eelam (LTTE). This mass mobilization marked a decisive escalation from political protest to armed insurgency, setting the stage for the protracted Sri Lankan civil war that would last nearly three decades."
1984,Bhopal disaster: Indian protests,Asia,"In the wake of the December 1984 release of methyl isocyanate gas from Union Carbide’s pesticide plant in Bhopal, India, thousands of residents suffered immediate injuries and thousands more died. The scale of the catastrophe sparked massive public outcry; within weeks, citizens formed local committees and organized street demonstrations demanding medical aid, compensation, and the shutdown of the plant. Protesters confronted Union Carbide officials, pressured the Indian government, and filed legal actions that culminated in the 1989 settlement. The movement also gave rise to enduring activist groups such as the Bhopal Gas Victims’ Association, which continued to campaign for stricter industrial safety regulations and corporate accountability across India."
1985,China: university student demonstrations,Asia,"In 1985 Chinese university students organized a series of campus demonstrations in major cities such as Beijing, Shanghai, and Nanjing, protesting rising inflation, corruption among officials, and restrictions on academic freedom. The protests began with petitions and sit‑ins over tuition hikes and alleged nepotism, quickly expanding into broader calls for political reform and greater transparency within the Communist Party. Authorities responded with warnings, limited disciplinary actions, and increased campus surveillance, while some local officials offered modest concessions on fee structures. Although the movement was contained, it highlighted growing discontent among educated youth and set a precedent for the larger student-led protests that culminated in the 1989 Tiananmen Square demonstrations."
1965,France: youth protests,Europe,"In 1965 French youth, primarily university students, began a wave of protests that signaled the rise of a new generational dissent. Sparked by opposition to the government's education reforms, the Vietnam War, and perceived social conservatism, students occupied campuses in Paris, Lyon and Marseille, organized marches, and clashed with police. The arrests of prominent activists such as Alain Geismar and the police repression of a May demonstration intensified mobilization, leading to the creation of the National Union of Students (UNEF) as a more militant body. Although the unrest remained localized, it laid the organizational and ideological groundwork for the massive May 1968 strikes that would later challenge the Gaullist state."
1966,UK: cultural shifts “Swinging Sixties”,Europe,"In 1966 the United Kingdom epitomised the ‘Swinging Sixties’, a period of rapid cultural transformation centred on London’s West End, Carnaby Street and the emerging youth market. Fashion designers such as Mary Quant popularised miniskirts, while music icons including The Beatles, The Rolling Stones and emerging mod bands dominated charts and global airwaves. Television programmes like ‘Ready Steady Go!’ and the rise of pop art, exemplified by Peter Blake, reflected a liberalising attitude toward sexuality, class and consumerism. The era also saw the expansion of the welfare state, increased university enrolment, and a growing anti‑establishment sentiment that would later fuel political movements. By 1966 the Swinging Sixties had reshaped British identity, influencing fashion, music, media and social norms across Europe."
1967,Greek military coup protests,Europe,"In April 1967 a group of right‑wing army colonels seized power in Greece, proclaiming a military junta that suspended parliament, banned political parties and imposed martial law. The coup triggered immediate street demonstrations, especially in Athens and Thessaloniki, where students, trade‑unionists and left‑wing groups erected barricades, shouted slogans, and occupied university campuses. Police and army units responded with tear‑gas, arrests, and the suppression of dissent, leading to dozens of injuries and the detention of prominent opposition figures. Although the protests were eventually quelled, they marked the first organized public resistance to the Regime of the Colonels, which would rule Greece until 1974."
1968,May 1968 France mass protest,Europe,"May 1968 in France erupted into a nationwide crisis when university students in Paris occupied campuses and clashed with police, sparking solidarity strikes among secondary schools and factories. Within weeks, trade unions called a general strike that halted production in roughly two‑thirds of the country and involved an estimated 11 million workers. Demonstrations filled streets, slogans demanded educational reform, workers’ rights, and an end to perceived authoritarianism. President Charles de Gaulle responded by dissolving the National Assembly and calling new elections, while offering wage increases and workplace reforms. Although the movement lost momentum after mid‑June, the events forced the government to adopt social concessions and left a lasting imprint on French political culture."
1969,Prague Spring after-effects in E. Europe,Europe,"In the wake of the 1968 Soviet‑led invasion that ended the Prague Spring, 1969 saw the systematic “normalization” of Czechoslovakia’s political life. Hard‑line Communist Party members, backed by the USSR, removed reformist leaders such as Alexander Dubček from key posts, replacing them with loyalists like Gustáv Husák. The media were placed under strict censorship, and thousands of intellectuals, students, and artists were expelled from universities, dismissed from jobs, or forced into internal exile. The secret police intensified surveillance, while the economy was redirected toward Soviet‑approved plans. These measures re‑aligned Czechoslovakia with Warsaw Pact orthodoxy, discouraged dissent across Eastern Europe, and signaled to the West that Soviet control over its satellite states remained uncompromised."
1970,Northern Ireland: Troubles begin,Europe,"By 1970 the long‑standing sectarian conflict in Northern Ireland erupted into sustained violence known as the Troubles. The civil rights movement of the late 1960s, demanding equal voting rights and an end to discrimination against the Catholic minority, met with harsh police responses and loyalist backlash. In August, the Irish Republican Army (IRA) announced a campaign of armed resistance, while loyalist paramilitary groups such as the Ulster Defence Association formed to protect Protestant interests. Bombings, shootings, and riots escalated, leading to the deployment of British troops in August 1969 and their continued presence in 1970. The period marked the start of three decades of communal killings, internment, and political deadlock that would dominate Northern Irish life."
1971,Swiss women's suffrage movement,Europe,"After decades of campaigning by organizations such as the Swiss Association of Women and the Social Democratic Party, Switzerland held a historic federal referendum on February 7, 1971. Voters approved women’s suffrage with 65 % in favor, granting Swiss women the right to vote and stand for election in national elections for the first time. The victory followed earlier cantonal successes—women had obtained voting rights in Vaud (1959) and other cantons—but the 1971 vote marked the culmination of a long‑standing movement that had faced repeated rejections, including a 1959 national referendum. The reform expanded democratic participation, led to the election of the first female members of the National Council, and set the stage for further gender‑equality legislation."
1972,"Bloody Sunday, N. Ireland",Europe,"On 30 January 1972, British soldiers of the 1st Battalion, Parachute Regiment opened fire on unarmed civil‑rights protesters in the Bogside area of Derry, Northern Ireland. The march, organized by the Northern Ireland Civil Rights Association, sought to protest internment without trial. Thirteen people were killed—nine immediately and four later—and fourteen were wounded. The incident intensified sectarian tensions, provoked widespread riots, and led to a surge in recruitment for the Irish Republican Army. It also prompted the British government to launch the Widgery Tribunal, which was widely criticized for exonerating the soldiers, and later the Saville Inquiry, which in 2010 formally apologized and acknowledged the killings were unjustified."
1973,UK: miners’ strikes,Europe,"In December 1973 the National Union of Mineworkers launched a nationwide strike demanding higher wages and better safety after the Conservative government refused to meet its pay demands. The stoppage halted coal production, Britain’s primary source of electricity, leading to severe power shortages and rolling blackouts. The crisis forced Prime Minister Edward Heath’s cabinet to introduce a three‑day work week in early 1974 to conserve electricity. The strike intensified industrial unrest, contributed to the collapse of the Conservative government’s economic programme, and set the stage for the February 1974 general election. It remains a pivotal episode in the UK’s 1970s labour‑politics conflict."
1974,Portugal Carnation Revolution,Europe,"On 25 April 1974, a largely bloodless military coup known as the Carnation Revolution overthrew Portugal’s Estado Novo dictatorship. Led by the Armed Forces Movement (MFA), junior officers seized key points in Lisbon, Braga and other cities, broadcasting demands for democratic reforms and an end to colonial wars in Africa. Civilians poured into streets, placing red carnations in soldiers’ gun barrels, giving the uprising its name. Within days the authoritarian regime collapsed, Prime Minister Marcelo Caetano resigned, and a provisional government was installed. The revolution triggered rapid decolonization of Angola, Mozambique, Guinea‑Bissau and East Timor, and paved the way for a constitutional democracy established in 1976."
1975,Spanish transition: Franco’s death,Europe,"On 20 November 1975 General Francisco Franco, Spain’s authoritarian ruler since the 1939 Civil War, died, ending a 36‑year dictatorship. His designated successor, King Juan Carlos I, was proclaimed head of state and promptly initiated a controlled opening toward democracy. The new monarch appointed reformist Prime Minister Adolfo Suárez, who oversaw the 1976 Law of Political Reform that dismantled the Francoist legal framework, legalized opposition parties—including the Communist Party—and scheduled free elections. The transition navigated entrenched military interests, regional nationalist demands, and a fragile economy, ultimately leading to Spain’s first democratic parliamentary elections in June 1977 and setting the foundation for the modern constitutional monarchy."
1976,Italy Red Brigades demonstrations,Europe,"In 1976 Italy’s far‑left Red Brigades intensified street actions amid the “Years of Lead,” staging coordinated demonstrations and bombings in Rome, Milan and other cities to protest what they called the capitalist state and to demand a revolutionary “people’s war.” The group’s public calls for armed struggle attracted thousands of sympathizers to rallies, while simultaneous attacks on police stations, the headquarters of the neo‑fascist MSI and transport infrastructure heightened public fear. The Italian government responded with a sweeping security crackdown, arresting dozens of suspected militants, expanding anti‑terrorism legislation, and deploying additional police forces to quell the unrest. These events marked a pivotal escalation in the Red Brigades’ campaign that would culminate in more lethal kidnappings and murders later in the decade."
1977,Germany Autumn leftist protests,Europe,"In the autumn of 1977 West Germany experienced a wave of left‑wing militant activity and mass protests known as the “German Autumn.” The Red Army Faction (RAF) escalated its campaign by kidnapping industrialist Hanns Martin Schleyer, murdering several officials, and orchestrating the hijacking of Lufthansa Flight 181, which ended with a German special‑forces rescue. The events prompted nationwide demonstrations, strikes, and rallies by leftist groups demanding the release of RAF prisoners and condemning state repression. The government responded with heightened security measures, extensive police raids, and the enactment of anti‑terrorism legislation. The crisis deepened societal polarization, intensified debates over civil liberties versus security, and left a lasting imprint on West German politics."
1978,French nuclear power protests,Europe,"In 1978 France saw its first nationwide wave of anti‑nuclear demonstrations, sparked by plans to expand the country’s nuclear electricity program after the 1973 oil crisis. Local residents, environmental NGOs, trade unions and left‑wing parties organized mass protests at sites such as the Bugey and Marcoule plants, and a high‑profile rally in Paris on 16 June drew roughly 30 000 participants. Protesters demanded stricter safety standards, greater public oversight and a halt to new reactor construction. The movement pressured the government to impose a temporary moratorium on additional nuclear orders and to initiate public hearings on nuclear policy, marking a pivotal moment in French environmental activism and shaping subsequent energy debates."
1979,UK anti-Thatcher riots,Europe,"In the summer of 1979, shortly after Margaret Thatcher’s Conservative Party won the general election, a series of street confrontations erupted across several British cities. Workers’ unions, student groups and community organisations staged mass demonstrations against the new government’s proposed cuts to public spending, reductions in unemployment benefits and the introduction of a monetarist economic programme. Clashes with police intensified in industrial centres such as Liverpool, Birmingham, and the East End of London, where protesters erected barricades, set fire to shop windows and looted premises. The disturbances resulted in dozens of arrests, injuries to police and civilians, and heightened political polarization, foreshadowing the larger social unrest that would accompany Thatcher’s tenure throughout the 1980s."
1980,Poland: Solidarity movement,Europe,"In August 1980, workers at the Lenin Shipyard in Gdańsk, led by electrician Lech Wałęsa, launched a strike demanding higher wages, the right to form independent trade unions, and political reforms. The strike quickly spread to other factories and cities across Poland, prompting the government to negotiate. The resulting Gdańsk Agreement granted legal recognition to Solidarity (Solidarność), the first independent, nationwide trade union in the Soviet‑aligned bloc. By year's end Solidarity claimed roughly 10 million members, becoming a powerful social movement that challenged the Communist Party's monopoly, pressured the regime toward economic concessions, and set the stage for later negotiations that ultimately contributed to the fall of communism in Poland."
1981,Anti-nuclear demonstrations Germany,Europe,"In 1981 West Germany saw its largest anti‑nuclear mobilisations, as environmentalists, peace activists, trade unions and newly formed Green Party groups converged to oppose both civilian nuclear power plants and the deployment of U.S. nuclear missiles. The climax was the Brokdorf demonstration on 28 May, where police estimates placed up to 200,000 demonstrators confronting the under‑construction Brokdorf reactor, while parallel rallies occurred in Hamburg, Frankfurt, and Bonn. Protesters demanded a halt to nuclear energy expansion and a withdrawal of Pershing‑II and cruise missiles"
1982,Falklands War: British mobilization,Europe,"Following Argentina's April 2, 1982 invasion of the Falkland Islands, the United Kingdom launched a rapid military mobilization from its European bases. Prime Minister Margaret Thatcher ordered the deployment of a naval task force, including aircraft carriers HMS Hermes and Invincible, destroyers, frigates, and support vessels, escorted by submarines. Over 70,000 troops, primarily from the Royal Marines, Parachute Regiment, and infantry battalions, were assembled and embarked within weeks. Logistical hubs in Portsmouth, Plymouth, and the UK’s southern ports coordinated the movement of equipment, ammunition, and supplies to the South Atlantic. The mobilization demonstrated Britain’s capacity to project power over long distances and set the stage for the ensuing combat operations that reclaimed the islands by June 1982."
1983,Greenham Common Women’s Peace Camp,Europe,"In December 1983, a small group of women, led by activists such as Helen Thomas and Ann Pettitt, established a protest camp outside the RAF Greenham Common airbase in Berkshire, England, to oppose the stationing of American Pershing II nuclear missiles. The encampment, known as the Greenham Common Women’s Peace Camp, grew into a continuous, women‑only presence that employed non‑violent direct action, symbolic vigils, and blockades. Over the next decade the camp attracted thousands of participants from the UK and abroad, influencing public debate on nuclear disarmament, gender and militarism, and prompting legal confrontations with the Ministry of Defence. The protest contributed to the eventual removal of the missiles in 1991 and remains a landmark of feminist anti‑war activism."
1984,UK miners’ strike,Europe,"In March 1984 the National Union of Mineworkers (NUM) called a nationwide strike against the Conservative government’s plan to close unprofitable coal pits, a policy championed by Prime Minister Margaret Thatcher. Over 140,000 miners walked out, leading to mass picketing, violent clashes with police, and the formation of the Union of Democratic Mineworkers by breakaway members. The strike lasted twelve months, severely disrupting electricity supply and deepening regional economic hardship, particularly in Yorkshire, Nottinghamshire, and South Wales. Although the NUM failed to halt pit closures, the confrontation reshaped British industrial relations, weakened union power, and cemented Thatcher’s resolve to pursue market‑driven reforms."
1985,Chernobyl disaster: European response,Europe,"On 26 April 1985 the RBMK reactor at the Chernobyl Nuclear Power Plant in the Ukrainian SSR exploded, releasing a massive plume of radioactive isotopes. Soviet authorities initially concealed the accident, but detectors at Sweden’s Forsmark station recorded abnormal radiation levels, prompting the first public warning. Within days, the cloud drifted over Scandinavia, Central Europe and the Balkans, leading governments to impose food bans on milk, meat and produce, launch extensive air‑sampling programs, and convene emergency meetings of the International Atomic Energy Agency. Western European nations dispatched experts, supplied protective equipment, and coordinated health advisories, while the disaster spurred the adoption of stricter nuclear safety standards and greater cross‑border radiation monitoring throughout the continent."
1965,US Civil Rights marches (Selma),North America,"In March 1965, civil‑rights activists led by Dr. Martin Luther King Jr. organized three mass marches from Selma, Alabama, to the state capital, Montgomery, to demand federal protection of African‑American voting rights. The first attempt, “Bloody Sunday,” on March 7, ended when state troopers and local police brutally attacked over 600 peaceful demonstrators crossing the Edmund Pettus Bridge, drawing national outrage. A second, court‑ordered march on March 9 proceeded under federal protection but turned back at the bridge. On March 21, a federally escorted march of roughly 3,000 participants completed the 54‑mile route, arriving in Montgomery and culminating in a rally that pressured Congress. The demonstrations directly contributed to the passage of the Voting Rights Act of 1965, outlawing discriminatory voting practices."
1966,Black Panther Party formed,North America,"In October 1966, Huey P. Newton and Bobby Seale founded the Black Panther Party for Self‑Defense in Oakland, California, amid growing frustration with police brutality and systemic racism in the United States. The organization combined Marxist‑Leninist ideology with community‑based programs, establishing armed patrols to monitor police conduct and launching free breakfast, health clinics, and education initiatives for Black neighborhoods. Rapidly expanding to dozens of chapters across the United States and internationally, the Panthers became a prominent voice of the Black Power movement, drawing intense scrutiny from law‑enforcement agencies, notably the FBI’s COINTELPRO operation. Their activism reshaped civil‑rights discourse, influencing later social‑justice movements while also provoking violent confrontations and internal schisms."
1967,Detroit riots,North America,"In July 1967, Detroit experienced one of the most destructive civil disturbances in U.S. history. Sparked by a police raid on an unlicensed after‑hours bar in the predominantly Black neighborhood of Virginia Park, the unrest quickly spread across the city. Over five days, confrontations between residents, police, and National Guard troops resulted in 43 deaths, more than 7,000 injuries, and the arrest of over 7,000 people. The riots caused extensive property damage, with roughly 2,000 buildings destroyed or heavily damaged, and left an estimated $45 million in losses. Underlying causes included longstanding racial segregation, discriminatory housing practices, unemployment, and strained police‑community relations. The upheaval prompted federal and local investigations, leading to modest reforms in policing and urban policy, but it also accelerated white flight and deepened Detroit’s economic decline."
1968,MLK assassination: nationwide protests,North America,"On April 4, 1968, civil‑rights leader Dr. Martin Luther King Jr. was shot and killed in Memphis, Tennessee. His assassination triggered immediate riots in over 100 U.S. cities, including major unrest in Washington, Chicago, and Baltimore, resulting in dozens of deaths, thousands of injuries, and extensive property damage. Simultaneously, peaceful vigils and mass marches were organized by civil‑rights groups, labor unions, and student organizations demanding an end to racial violence and urging the federal government to address systemic inequality. President Lyndon B. Johnson called for national mourning and a temporary curfew, while the National Guard was deployed to restore order. The nationwide turmoil underscored deep social tensions and accelerated legislative efforts such as the Fair Housing Act of 1968."
1969,Stonewall riots (NYC),North America,"On June 28, 1969, police raided the Stonewall Inn, a gay bar in New York City’s Greenwich Village, igniting a series of spontaneous demonstrations that lasted several nights. Patrons, activists, and members of the LGBTQ+ community resisted the arrest and harassment, confronting law enforcement with chants, stone‑throwing, and barricades. The unrest marked a turning point in the American gay‑rights movement, galvanizing organizations such as the Gay Liberation Front and the Gay Activists Alliance. Media coverage and subsequent marches spread the protest’s message nationwide, leading to the first pride parades in 1970. Stonewall is now commemorated annually as a catalyst for LGBTQ+ advocacy and legal reforms."
1970,Kent State shootings antiwar protest,North America,"On May 4, 1970, members of the Ohio National Guard opened fire on unarmed students protesting the Vietnam War at Kent State University in Ohio, killing four and wounding nine. The demonstration followed President Nixon’s announcement of the Cambodian incursion, which intensified campus unrest nationwide. Guard troops had been deployed after clashes with police and a prior night of vandalism. The shootings sparked a wave of student strikes, campus closures, and a national debate over the war and the use of military force against civilians. The incident became a symbol of the anti‑war movement and contributed to growing public opposition to U.S. involvement in Southeast Asia."
1971,Vietnam War protests peak,North America,"By 1971 anti‑war demonstrations across the United States reached their zenith, reflecting growing public disillusionment with the Vietnam conflict. Massive rallies such as the May 1971 Moratorium to End the War in Vietnam drew millions in Washington, D.C., and coordinated protests erupted on college campuses, in major cities, and at military recruitment centers. The movement was energized by the release of the Pentagon Papers, the televised My Lai massacre revelations, and the draft lottery, prompting diverse coalitions of students, veterans, civil‑rights activists, and religious groups to demand immediate withdrawal. Congressional hearings and President Nixon’s “Vietnamization” policy faced intense scrutiny, and the scale of the protests pressured policymakers to accelerate negotiations that eventually led to the 1973 Paris Peace Accords."
1972,Watergate hearings—media focus,North America,"In June 1972 five men were arrested for breaking into the Democratic National Committee headquarters in the Watergate complex, prompting a cascade of investigative reporting that turned a minor burglary into a national scandal. Major newspapers, especially The Washington Post, pursued the story aggressively, linking the burglars to officials in President Richard Nixon’s re‑election committee and to the White House. Television news amplified the revelations, and congressional committees began preliminary inquiries. By the end of 1972 the media had exposed a pattern of illegal wiretaps, campaign‑finance violations, and attempts to conceal the operation, setting the stage for the Senate Watergate Committee hearings that would dominate American politics in the following year."
1973,Roe v. Wade reactions,North America,"After the U.S. Supreme Court issued Roe v. Wade in January 1973, legalizing abortion nationwide, the decision sparked immediate and polarized reactions across North America. Pro‑choice advocates organized rallies, founded organizations such as NARAL, and pressed state legislatures to protect the ruling, while anti‑abortion groups convened mass marches, formed the National Right to Life Committee, and began lobbying for restrictive laws. Congressional hearings examined the Court’s reasoning, and the issue quickly entered electoral politics, influencing the 1974 midterm campaigns. State governments varied in response, with some enacting protective statutes and others introducing “trigger” bills to limit abortions. The controversy cemented abortion as a central, enduring fault line in American public discourse."
1974,Nixon resignation public outpourings,North America,"In August 1974, President Richard Nixon became the first U.S. president to resign, ending the Watergate scandal that had dominated American politics for two years. The announcement triggered a wave of public outpourings across the United States: crowds gathered in Washington, New York, and other cities to voice relief, anger, and disappointment; televised town‑hall meetings and talk‑show panels filled with citizens demanding accountability; and spontaneous vigils and protests marked the Capitol steps. While many celebrated the restoration of constitutional order, others expressed cynicism about the political system. Nixon’s departure paved the way for Vice President Gerald Ford’s succession, and the national mood reflected both a desire for healing and a lingering distrust of government."
1975,Aboriginal rights movement Canada,North America,"In 1975 the Canadian Aboriginal rights movement entered a pivotal phase as Indigenous leaders intensified political organization and legal challenges to colonial policies. The National Indian Brotherhood (now the Assembly of First Nations) issued a comprehensive policy platform demanding the repeal or amendment of the Indian Act, recognition of treaty rights, and self‑government. Simultaneously, the federal government launched the Mackenzie Valley Pipeline Inquiry, where Indigenous testimony highlighted land‑use concerns and spurred broader public support for Aboriginal sovereignty. These actions built on earlier court victories such as Calder (1973) and set the stage for subsequent constitutional reforms, including the inclusion of Section 35 in the 1982 Constitution, which formally recognized existing Aboriginal and treaty rights."
1976,Bicentennial mass celebrations (USA),North America,"In 1976 the United States marked its 200th anniversary of independence with a nationwide series of public events, parades, and exhibitions. Federal, state, and local governments coordinated the Bicentennial, featuring a fireworks display on the National Mall, the opening of the United States Bicentennial Commission, and the sailing of the historic ship *USS Constitution* and the replica *America* in the Hudson River. Museums curated special exhibits on colonial history, while television broadcast concerts, documentaries, and the popular “Spirit of ’76” television special. The celebrations emphasized patriotism, historical reflection, and cultural exchange, drawing millions of domestic and international visitors and reinforcing a narrative of national unity during a period of economic challenges and post‑Vietnam societal shifts."
1977,NYC blackout social response,North America,"On July 13‑14 1977 a massive power failure plunged New York City into darkness for up to 48 hours, triggering a wave of social unrest. In many neighborhoods, especially in the Bronx, Brooklyn, and Harlem, looting and arson surged, with thousands of stores damaged and dozens of fires ignited, overwhelming police and emergency services. Simultaneously, community groups, churches, and volunteers organized food distribution, street patrols, and temporary shelters, attempting to restore order and aid vulnerable residents. The blackout exposed deep socioeconomic tensions, prompting city officials to launch a crackdown on crime, increase police presence, and later implement reforms aimed at improving emergency preparedness and addressing urban inequality."
1978,Jonestown mass suicide,North America,"In November 1978, the Peoples Temple agricultural commune founded by Jim Jones in Jonestown, Guyana, ended in a coordinated mass death when over 900 members, including 304 children, ingested a cyanide‑laced beverage. Jones, a charismatic American preacher who had relocated his predominantly African‑American congregation from California to escape scrutiny, had imposed strict control, demanding absolute loyalty and punishing dissent. After a U.S. congressional delegation, led by Representative Leo Ryan, visited to investigate alleged abuses, Ryan and three aides were shot and killed by Temple gunmen. Within hours, Jones directed his followers to “drink the Kool‑Aid,” resulting in the largest single‑event loss of American civilian life until 9/11, prompting widespread media attention and new U.S. legislation on cult activities."
1979,Three Mile Island nuclear crisis,North America,"On March 28, 1979, the Three Mile Island nuclear power plant near Harrisburg, Pennsylvania experienced a partial core melt after a malfunctioning cooling system and operator errors caused loss of coolant in Unit 2. Approximately 140,000 curies of radioactive gases were released, though no immediate injuries occurred. The incident prompted the evacuation of nearby residents, a 48‑hour plant shutdown, and a nationwide reassessment of nuclear safety protocols. It led to the establishment of the Nuclear Regulatory Commission’s emergency response guidelines, stricter operator training, and heightened public scrutiny of nuclear energy, causing a slowdown in U.S. reactor construction throughout the 1980s."
1980,US election mass mobilizations (Reagan),North America,"The 1980 United States presidential election saw unprecedented grassroots mobilizations that propelled Republican former governor Ronald Reagan to victory. Reagan’s campaign organized nationwide rallies, televised speeches, and a network of volunteer “Reagan Clubs” that appealed to fiscal conservatives, anti‑inflation voters, and socially conservative “Moral Majority” churches. Massive door‑to‑door canvassing and telephone drives targeted “Reagan Democrats” disillusioned with Jimmy Carter’s handling of the economy and the Iran hostage crisis. The movement’s emphasis on lower taxes, a strong anti‑communist foreign policy, and traditional values generated high voter turnout, culminating in Reagan’s decisive win and ushering in a conservative realignment that reshaped American politics for the ensuing decade."
1981,AIDS awareness activism rises,North America,"In 1981, the first cases of a mysterious immune deficiency disease were reported by the U.S. Centers for Disease Control, prompting urgent concern among medical professionals and gay‑rights activists in North America. The alarming rise of what would later be named AIDS spurred the creation of the Gay Men’s Health Crisis in New York City, the first community‑based organization dedicated to education, counseling, and support for those affected. Early activists organized press conferences, distributed informational pamphlets, and lobbied health officials for research funding and compassionate care. Media coverage expanded the public’s awareness, while the nascent movement laid the groundwork for larger coalitions such as ACT UP that would emerge later in the decade."
1982,Mexico debt crisis migrations,North America,"In 1982 Mexico's sudden sovereign debt default triggered a severe economic crisis that sharply reduced real wages and employment, prompting a surge in migration to the United States and other North American destinations. The government, under President José López Portillo, announced a moratorium on external debt payments, devalued the peso by 50 %, and adopted IMF‑prescribed austerity measures. As inflation and unemployment rose, many Mexican workers—particularly from the industrial north and rural central states—joined established migrant networks, increasing legal and undocumented flows across the U.S. border. The crisis also spurred temporary guest‑worker programs such as the 1986 H‑2A agricultural visa, reshaping the demographic and labor landscape of both countries."
1983,Nuclear freeze movement protests,North America,"In 1983 the North American nuclear‑freeze movement reached its zenith, staging massive street demonstrations that demanded a bilateral halt to the production, testing and deployment of strategic nuclear weapons. On June 12, a coalition of peace churches, student groups, labor unions and environmental organizations gathered in New York’s Central Park, with estimates of half a million participants, while parallel rallies erupted in Washington, D.C., Los Angeles, San Francisco and Toronto. Protesters framed the freeze as a way to curb the escalating arms race intensified by President Reagan’s Strategic Defense Initiative and Soviet actions in Afghanistan. Although the marches did not produce immediate legislative change, they heightened public pressure on elected officials, helped shape the discourse that led to later arms‑control agreements such as the 1987 INF Treaty."
1984,LA Olympics mass gathering,North America,"The 1984 Summer Olympics, held in Los Angeles from July 28 to August 12, attracted over 5,000 athletes from 140 nations and drew unprecedented public attendance, with an estimated 1.5 million spectators visiting venues and the Olympic Village. The Games were marked by a Soviet‑led boycott that removed many Eastern Bloc competitors, yet commercial sponsorship and television contracts generated record revenues. Security measures, intensified after the 1972 Munich tragedy, involved thousands of police and private guards, while the city’s infrastructure accommodated massive traffic and crowd flows. The event showcased iconic moments such as Carl Lewis’s four gold medals and the debut of the women’s marathon, and it left a lasting legacy of profit‑making Olympic organization."
1985,Farm Aid concert—national movement,North America,"Farm Aid was a benefit concert organized by Willie Nelson, John Mellencamp, and Neil Young on September 22, 1985, at the John F. Kennedy Stadium in Washington, D.C., to raise funds for family farmers facing a crisis due to low commodity prices, high debt, and corporate consolidation. The televised event featured a lineup of prominent musicians and attracted an estimated 80,000 attendees and millions of viewers, generating over $8 million for the newly formed Farm Aid Foundation. The concert helped launch a sustained national movement that promoted agricultural policy reform, public awareness of farm bankruptcies, and ongoing benefit tours, influencing U.S. farm legislation and establishing a model for celebrity‑driven charitable activism."
1965,Chile student strikes,South America,"In 1965 Chilean secondary and university students launched coordinated strikes demanding greater university autonomy, lower tuition, and expanded scholarships, protesting the education policies of President Eduardo Frei Montalva’s Christian Democratic government. Demonstrations spread from Santiago’s Universidad de Chile and Pontifical Catholic University to regional campuses, with students occupying buildings, holding mass rallies, and confronting police who responded with forceful dispersals. The unrest pressured the government to negotiate, resulting in the passage of a university reform law that granted limited self‑governance and increased state funding for student aid. Although the concessions fell short of the protesters’ broader democratic aspirations, the 1965 strikes marked a pivotal moment in Chile’s 1960s social mobilization, foreshadowing larger protests later in the decade."
1966,Argentine coup mass rallies,South America,"On 28 June 1966 the Argentine armed forces, led by General Juan Carlos Onganía, seized power from President Arturo Illia in a bloodless coup that inaugurated a de facto military government. The takeover was accompanied by massive public rallies: conservative labor unions, business groups and segments of the Catholic Church poured onto streets to applaud the “restoration of order,” while student organizations and left‑wing workers staged counter‑demonstrations denouncing the overthrow. The military dissolved Congress, suspended the constitution, and imposed censorship, marking the start of the “Argentine Revolution” period that would last until 1973. The polarized rallies highlighted deep societal divisions over authoritarian rule, economic policy, and the role of the military in politics."
1967,Peru: guerrilla uprisings,South America,"In 1967 a series of isolated left‑wing guerrilla actions erupted across Peru’s Andean highlands and Amazonian frontier. Small bands linked to the Revolutionary Left Movement (MIR) and other Marxist‑inspired groups attempted to mobilize peasant discontent against the ruling military‑civilian coalition, seizing villages, sabotaging infrastructure, and proclaiming “people’s power.” The Peruvian armed forces responded with swift counter‑insurgency operations, deploying troops, imposing curfews, and arresting suspected militants. Although the uprisings failed to spark a broader revolution, they exposed deep rural grievances, prompted the government to strengthen internal security measures, and presaged the more extensive insurgencies that would emerge in the 1980s."
1968,Uruguay: Tupamaro urban insurrection,South America,"In 1968, the urban guerrilla group Movimiento de Liberación Nacional‑Tupamaros launched a coordinated insurrection in Montevideo and other Uruguayan cities, carrying out bank robberies, kidnappings, bombings and the brief occupation of a police station to pressure the authoritarian government of President Jorge Pacheco Areco. The movement seized weapons, kidnapped a U.S. diplomat and a local businessman, and declared a “social revolution” against perceived corporate and foreign domination. The state responded with a sweeping security crackdown, declaring a state of emergency, arresting hundreds of militants and employing torture. Although the 1968 actions failed to overthrow the regime, they marked the emergence of left‑wing urban guerrilla warfare in Uruguay and foreshadowed the severe repression of the early 1970s."
1969,"Cordobazo strikes, Argentina",South America,"In May 1969 the Argentine city of Córdoba erupted in a massive popular uprising known as the Cordobazo. Triggered by rising living costs, wage controls and political repression under General Juan Carlos Onganía’s military government, workers from the steel mill and other factories, organized by the CGT, joined university students demanding academic freedom. Over 30,000 demonstrators occupied streets, clashed with police, and set fire to government buildings; the confrontation left dozens injured and two dead. The revolt exposed the regime’s fragility, accelerated nationwide labor unrest, and forced Onganía to resign in 1970, paving the way for a resurgence of Peronist politics and later guerrilla activity."
1970,Brazil dictatorship economic protests,South America,"In 1970 Brazil, ruled by the military regime that seized power in 1964, a wave of economic protests erupted as inflation surged and the government imposed strict wage and price controls to sustain the “Brazilian Miracle” growth model. Urban workers, especially metal‑industry laborers in São Paulo and Rio de Janeiro, organized strikes and demonstrations demanding real wage adjustments and relief from rising food costs. Student groups and left‑leaning unions joined the unrest, confronting police and the regime’s security apparatus. The protests were met with arrests, censorship, and occasional forceful dispersals, but they exposed growing discontent with the authoritarian economic policies and foreshadowed the broader labor mobilizations that would intensify in the mid‑1970s."
1971,Chile Allende social reforms,South America,"During 1971 President Salvador Allende pursued an ambitious program of socialist reforms in Chile. His government accelerated agrarian redistribution, expropriating large estates and allocating land to peasant cooperatives. The state nationalized the copper industry, most notably the Anglo‑American‑owned Chuquicamata mines, and expanded public ownership of banking and utilities. Allende also increased wages, instituted price controls, and launched extensive health, education and housing initiatives aimed at reducing inequality. While these measures garnered strong support from workers, peasants and left‑wing parties, they provoked fierce resistance from the Chilean right, the United States, and business sectors, leading to economic shortages, strikes and heightened political polarization that set the stage for the 1973 coup."
1972,Uruguay: general strikes,South America,"In March 1972 Uruguay experienced its largest general strike since the 1960s, organized by the Plenario Intersindical de Trabajadores (PIT) and supported by the leftist Broad Front. Workers across banking, transport, manufacturing and public services halted production to protest steep wage cuts, rising inflation, and the government’s increasingly authoritarian response to labor unrest under President Jorge Pacheco Areco. The strike spread to Montevideo and the interior, paralyzing the economy for several days and prompting violent confrontations with police, mass arrests of union leaders, and the declaration of a state of emergency. Although the strike did not achieve immediate economic concessions, it intensified political polarization and foreshadowed the 1973 coup that ushered in Uruguay’s twelve‑year civic‑military dictatorship."
1973,Chilean coup d’état,South America,"On September 11, 1973, the Chilean military, led by General Augusto Pinochet, launched a coordinated coup against President Salvador Allende’s democratically elected socialist government. The armed forces bombarded the presidential palace, La Moneda, forcing Allende to die under disputed circumstances. The junta dissolved Congress, suspended the constitution, and instituted a military dictatorship that lasted until 1990. Thousands of political opponents were arrested, tortured, or disappeared, while economic policies shifted toward neoliberal reforms under the guidance of the Chicago School. The coup polarized Chilean society, provoked international condemnation, and became a defining moment in Cold War Latin America. The event reshaped regional politics and left a lasting legacy of human‑rights challenges."
1974,Argentina mass worker strikes,South America,"In 1974 Argentina, following President Juan Perón’s death, Isabel Perón inherited a spiraling economy marked by soaring inflation and a sharp drop in real wages. The powerful General Confederation of Labor (CGT) mobilized millions of industrial, oil‑field and public‑sector workers in a series of coordinated strikes beginning in May and intensifying after Perón’s July death. Demonstrators demanded wage increases, price controls and the preservation of Peronist labor rights, while the government responded with emergency decrees, wage freezes and police repression. The unrest crippled production, deepened social polarization and accelerated the erosion of civilian authority"
1975,Peruvian agrarian reform protests,South America,"In 1975, Peru’s military government under General Juan Velasco Alvarado faced intense nationwide protests over its sweeping agrarian reform, which had begun in 1969 by expropriating large estates and redistributing land to peasant cooperatives. Rural workers and indigenous communities demanded faster, more equitable allocation of land, while powerful landowners and business groups organized strikes, demonstrations, and legal challenges to resist the seizures. Urban labor unions also joined, condemning the economic disruption caused by the reforms. The clashes produced violent confrontations in several regions, prompting the government to tighten security and temporarily suspend parts of the program. The unrest highlighted deep social divisions and set the stage for the eventual scaling back of the reform in the late 1970s."
1976,Argentine military coup,South America,"On March 24, 1976, the Argentine armed forces, led by General Jorge Rafael Videla, seized power in a bloodless coup that ousted President Isabel Perón. The junta dissolved Congress, banned political parties, and imposed a state of emergency, inaugurating a period known as the National Reorganization Process. Its primary goal was to eradicate left‑wing guerrillas and perceived subversion, leading to a systematic campaign of forced disappearances, torture, and extrajudicial killings that claimed an estimated 30,000 victims. The regime also implemented neoliberal economic reforms, curbed civil liberties, and aligned closely with the United States during the Cold War. International condemnation grew, but the dictatorship persisted until democratic elections were restored in 1983."
1977,Bolivia: mining strikes,South America,"In 1977, Bolivia’s tin‑mining sector erupted in a wave of strikes that challenged the authoritarian rule of General Hugo Banzer. Workers at major mines such as Huanuni, Siglo XX and Atocha, organized by the Central Obrera Boliviana (COB) and allied left‑wing groups, demanded wage increases, safer conditions, and the restoration of union autonomy after years of state‑imposed control. The government responded with a mix of concessions and harsh repression, deploying police and military units to break picket lines, arresting leaders, and, in several instances, using live ammunition against demonstrators. Although the strikes were eventually quelled, they exposed deep social discontent, weakened Banzer’s legitimacy, and set the stage for the broader labor mobilizations that helped propel Bolivia toward democratic transition in the early 1980s."
1978,Brazil: Diretas Já movement,South America,"In 1978 Brazil witnessed the emergence of the Diretas Já movement, a nationwide coalition of labor unions, student groups, political parties, and civil‑society organizations demanding the restoration of direct presidential elections after 21 years of military rule. Massive rallies in São Paulo, Rio de Janeiro and other cities drew millions, symbolized by the slogan “Diretas Já” (“Direct Elections Now”). The movement pressured the authoritarian regime to convene a constitutional amendment (the “Abertura”) and to hold an indirect election for a civilian president, which ultimately produced the 1985 election of Tancredo Neves. Although the 1978 protests did not achieve immediate direct voting, they marked a decisive turning point toward Brazil’s democratic transition."
1979,Ecuador oil nationalization protests,South America,"In 1979, following the transition from a military junta to the democratically elected government of President Jaime Roldós, Ecuador moved to assert control over its burgeoning oil sector. The Congress approved the Ley de Hidrocarburos, which transferred exploration and production rights from foreign firms to the newly created state company Petroecuador. The proposal triggered a wave of protests and strikes led by oil‑company workers, union leaders, and segments of the business community who feared loss of investment and jobs. Demonstrations in Quito and Guayaquil sometimes turned violent, prompting police crackdowns and dozens of arrests. Despite the unrest, the law was enacted, marking the first comprehensive nationalization of Ecuadorian oil and reshaping the country’s fiscal and political landscape."
1980,Colombian narcoterrorism responses,South America,"In 1980 Colombia’s government launched its first coordinated response to the emerging nexus of drug trafficking and guerrilla insurgency, a phenomenon later termed narcoterrorism. President Julio César Turbay’s administration enacted stricter anti‑narcotics legislation, created a dedicated police anti‑drug directorate, and signed an extradition treaty with the United States, allowing DEA agents to operate in Colombian territory. Simultaneously, left‑wing groups such as the M‑19 and FARC began financing operations with cocaine proceeds, escalating kidnappings, bombings, and attacks on state institutions. The state’s reaction combined intensified law‑enforcement raids, expanded military patrols in rural coca‑growing regions, and heightened judicial measures, marking the start of a protracted, militarized struggle that would dominate Colombian politics for the next two decades."
1981,Peruvian election demonstrations,South America,"In 1981 Peru experienced a wave of public demonstrations surrounding the recent return to civilian rule and the 1980 presidential election that had installed Fernando Belaúnde Terry. Student groups, labor unions, peasant organizations, and the United Left coalition staged rallies in Lima and regional centers demanding land reform, higher wages, and an end to perceived electoral fraud and corruption. Simultaneously, the nascent Shining Path insurgency capitalized on the unrest, staging protests that turned violent in the Andean highlands. The government responded with police crackdowns and curfews, arresting dozens of activists. These protests exposed deep socioeconomic divisions, intensified political polarization, and foreshadowed the broader conflict that would engulf Peru throughout the 1980s."
1982,Falklands War Latin America mobilization,South America,"During the 1982 Falklands War, the United Kingdom and Argentina clashed over the disputed islands, prompting a wave of political mobilization across Latin America. Most regional governments, adhering to the principle of non‑intervention and solidarity with a fellow Latin American state, issued statements supporting Argentina’s claim and condemned perceived British aggression. Mass demonstrations erupted in Brazil, Chile, Peru and Mexico, while the Non‑Aligned Movement and the Organization of American States debated the conflict, leading to diplomatic initiatives urging a peaceful settlement. Argentina’s military junta leveraged this regional backing to legitimize its actions domestically, whereas the United States’ tacit support for Britain strained its relations with several South American nations. The mobilization highlighted Cold‑War alignments and the emerging assertiveness of Latin American foreign policy."
1983,Chile: march of a million,South America,"On May 12 1983, Chile witnessed the “March of the Million,” a massive public demonstration in Santiago that brought together trade unions, student groups, religious organizations, and opposition parties to protest the economic hardship and political repression of Augusto Pinochet’s military regime. Organizers estimated participation near one million, making it the largest anti‑government rally since the 1973 coup. Demonstrators carried banners demanding the restoration of democratic freedoms, an end to curfew restrictions, and relief from soaring inflation and unemployment. The regime responded with a heavy police presence but avoided a large‑scale crackdown, signaling a shift toward tolerating limited dissent. The march amplified domestic and international pressure on Pinochet, contributing to the gradual erosion of his authoritarian rule."
1984,Brazil: Landless Workers Movement,South America,"In 1984, amid Brazil's transition from military rule to democracy, peasants and rural activists formally organized the Landless Workers' Movement (MST). At a founding congress in São Paulo in April, representatives from agrarian reform groups, Catholic base communities, and labor unions established a national network to occupy idle estates and demand redistribution of land to landless families. The movement quickly staged high‑profile land occupations, most notably the takeover of a large farm in Paraná, provoking police evictions and legal confrontations. Although the state responded with repression, the MST's coordinated structure enabled rapid growth, laying the groundwork for a sustained campaign that would become one of Latin America's largest social movements for agrarian reform."
1985,Brazil: end of military rule mass mobilizations,South America,"After twelve years of authoritarian rule, Brazil’s military regime faced unprecedented public pressure in the early 1980s. Economic stagnation, inflation, and a growing demand for democratic rights spurred the “Diretas Já” campaign, which organized nationwide rallies that drew millions in São Paulo, Rio de Janeiro, and other cities in 1984. The mass mobilizations forced the regime to accelerate its political opening (abertura) and agree to an indirect presidential election. In January 1985 the electoral college chose opposition leader Tancredo Neves, whose subsequent death led Vice‑President José Sarney to assume office, marking the first civilian presidency since 1964 and the effective end of military rule in Brazil."
1965,Australian Freedom Ride,Australia/Oceania,"In February 1965, a group of university students led by Charles Perkins organized the Australian Freedom Ride, a bus tour through rural New South Wales to expose segregation and discrimination against Aboriginal people. Modeled after the U.S. civil‑rights Freedom Rides, the activists visited towns such as Moree, Walgett and Bowraville, confronting local councils and businesses that barred Aboriginal patrons from swimming pools, pubs and other public facilities. Their protests, media coverage and subsequent legal challenges forced several councils to desegregate public spaces and heightened national awareness of Indigenous rights, laying groundwork for the 1967 referendum and the broader Aboriginal land‑rights movement."
1966,Papua New Guinea independence protests,Australia/Oceania,"In 1966, growing political consciousness in the Australian‑administered Territory of Papua and New Guinea sparked a series of public demonstrations demanding an end to colonial rule. Influenced by the United Nations trusteeship review and the recent establishment of a locally elected House of Assembly, indigenous leaders and emerging parties such as the Pangu movement organized rallies, petitions and occasional street protests in Port Moresby and provincial centres. Demonstrators called for full self‑government, greater control of natural resources, and eventual independence. Australian authorities responded with a mix of concessions—expanding legislative powers—and police actions to disperse gatherings, leading to several arrests. The 1966 protests heightened national awareness, pressured the Australian administration to accelerate constitutional reforms, and set the stage for the self‑government granted in 1973 and independence achieved in 1975."
1967,Australian referendum on Aborigine rights,Australia/Oceania,"In May 1967 Australians voted in a national referendum that overwhelmingly approved two constitutional amendments concerning Aboriginal peoples. The changes removed Section 51(xxvi), which had excluded Indigenous Australians from federal legislative power, and altered Section 127, which barred them from being counted in the census. The “Yes” vote, recorded at 90.8% of voters, signaled a broad public endorsement of greater federal responsibility for Indigenous affairs and a symbolic recognition of Aboriginal peoples as full members of the nation. While the referendum did not grant specific rights or land claims, it paved the way for subsequent policies, including the 1972 Aboriginal Land Rights Act and increased federal involvement in health, education, and welfare programs."
1968,Fiji: independence movement escalates,Australia/Oceania,"In 1968 Fiji’s push for independence intensified as ethnic Fijian and Indo‑Fijian political leaders mobilized around competing visions of the future state. The Alliance Party, led by indigenous chief Ratu Sir Kamisese Mara, and the National Federation Party, representing the Indo‑Fijian community, intensified campaigning for greater self‑government, while labor unions and student groups staged demonstrations demanding an end to colonial rule. The British colonial administration responded by convening a constitutional conference in London, where proposals for a bicameral legislature and power‑sharing arrangements were debated. Heightened public rallies and occasional clashes underscored rising communal tensions, but the negotiations set the framework that led to Fiji’s full internal self‑government in 1970 and eventual independence in 1970."
1969,Bougainville mining protests,Australia/Oceania,"In 1969, residents of Bougainville Island in the Australian‑administered Territory of Papua New Guinea began organized protests against the newly opened Panguna copper‑gold mine operated by Conzinc Rio Tinto. Indigenous landowners and village groups demanded recognition of customary land rights, a fair share of mining revenues, and protection from severe environmental damage caused by the open‑pit operation. Demonstrations, road blockades and petitions were met with police arrests and company security crackdowns, intensifying local resentment. Although the unrest was initially limited to peaceful actions, it exposed deep‑seated grievances that later fueled the larger Bougainville regional conflict of the 1980s and 1990s."
1970,Australia: Moratorium Vietnam rallies,Australia/Oceania,"In 1970, Australia witnessed its largest anti‑Vietnam War demonstrations, known as the Moratorium to End the War in Vietnam. Organized by the Australian Union of Students, the Campaign for Nuclear Disarmament, and various community groups, the rallies peaked on 8 May, drawing an estimated 100,000 participants to Melbourne’s Domain and similar crowds in Sydney, Brisbane, and Adelaide. Protesters demanded the withdrawal of Australian troops from Vietnam, an end to conscription, and a broader shift toward peace and social justice. The movement received extensive media coverage, pressured Prime Minister John Gorton’s Liberal government, and contributed to the growing public opposition that eventually led to the end of Australia’s involvement in the conflict in 1972."
1971,"Nuclear testing protests, Pacific Islands",Australia/Oceania,"In 1971, growing opposition to France’s atmospheric nuclear tests at Mururoa and Fangataufa in French Polynesia sparked a wave of protests across the Pacific Islands. Indigenous groups, environmental activists, and political leaders in New Zealand, Australia, and the French‑administered islands organized rallies, petitions, and maritime demonstrations, condemning the health and ecological risks of radioactive fallout. The movement coalesced around calls for a nuclear‑free South Pacific, prompting the first regional conferences on disarmament and influencing the 1974 South Pacific Nuclear Free Zone Treaty negotiations. International media coverage amplified the protests, pressuring the French government to eventually shift to underground testing in 1974, though the 1971 demonstrations marked the Pacific’s emergence as a focal point of anti‑nuclear activism."
1972,Aboriginal Tent Embassy (Australia),Australia/Oceania,"In August 1972, Aboriginal activists erected a beach‑side protest camp on the lawns of Parliament House in Canberra, calling it the Tent Embassy to demand recognition of Indigenous land rights and sovereignty. The site, consisting of a canvas tent and flags, symbolised the failure of the Australian government to honour the 1967 referendum promises and the proposed 1971 Aboriginal Land Rights Bill. Police repeatedly dismantled the embassy, prompting confrontations, arrests, and national media attention. The embassy persisted for several months, inspiring a broader Indigenous rights movement, influencing subsequent legislation such as the 1976 Aboriginal Land Rights (Northern Territory) Act, and remaining a recurring symbol of protest in later decades."
1973,NZ anti-racist Springbok protests,Australia/Oceania,"During the 1973 South African rugby tour of New Zealand, widespread anti‑apartheid demonstrations erupted across the country. Māori activists, university students, trade unions and church groups organized mass rallies and blockades to prevent the Springboks from playing, arguing that hosting the team legitimised South Africa’s racial segregation. Police confrontations in Auckland, Wellington and Christchurch led to dozens of arrests and occasional violence, while the government, led by Prime Minister Norman Kirk, attempted to balance diplomatic ties with South Africa against growing domestic pressure. The protests marked the first large‑scale, coordinated anti‑racist movement in New Zealand, heightened public awareness of apartheid, and set a precedent for future sporting boycotts."
1974,Cyclone Tracy Darwin—mass displacement,Australia/Oceania,"On 24–25 December 1974 Cyclone Tracy struck Darwin, the capital of the Northern Territory, with wind gusts exceeding 200 km/h and a storm surge that flooded low‑lying suburbs. The cyclone demolished roughly 80 % of the city's buildings, killed 71 people and left about 25,000 of the 47,000 residents homeless, constituting one of Australia’s largest peacetime evacuations. Immediate relief was coordinated by the Australian Defence Force, the Red Cross and state agencies, who established temporary shelters in schools, churches and the Darwin International Airport. The disaster prompted the establishment of the National Disaster Relief and Recovery Arrangements and a comprehensive reconstruction program that rebuilt Darwin on stricter building codes and modern urban planning."
1975,Australian Dismissal crisis,Australia/Oceania,"On 11 November 1975 Australia experienced its only peacetime constitutional crisis when Governor‑General Sir John Kerr exercised the reserve power to dismiss Prime Minister Gough Whitlam’s Labor government. The move followed a Senate deadlock that blocked supply bills, leaving the nation without funding. Kerr appointed Opposition Leader Malcolm Fraser as caretaker prime minister, pending a double‑dissolution election. Whitlam’s government contested the dismissal, but the High Court upheld the Governor‑General’s authority. The subsequent election on 13 December produced a landslide victory for Fraser’s Liberal‑Country coalition, ending Whitlam’s three‑year term and reshaping Australian political conventions regarding the role of the Crown’s representative."
1976,PNG full independence celebrations,Australia/Oceania,"In September 1976 Papua New Guinea marked the first anniversary of its full independence from Australia with nationwide celebrations. The capital, Port Moresby, hosted a formal ceremony attended by Prime Minister Michael Somare, Australian Governor‑General Sir John Kerr, and representatives from the United Nations and neighboring Pacific nations. A new national flag and anthem were prominently displayed, while traditional dances, music, and parades showcased the country’s diverse cultures. Government officials used the occasion to stress sovereignty, development goals, and the transition from colonial administration to self‑government. Community gatherings, school events, and radio broadcasts reinforced a sense of unity, even as PNG began confronting the economic and infrastructural challenges of nation‑building."
1977,Sydney Mardi Gras emerges,Australia/Oceania,"In 1977 the Sydney Gay and Lesbian Mardi Grass began as a protest march organized by activists such as Lance Gowland, following a police raid on the Oxford Street nightclub “The Larrikin” the previous year. On 24 June, about 2,000 participants marched from Central Station to Darling Harbour, displaying banners, costumes and a call for decriminalisation of homosexual acts. Police responded with arrests and violence, detaining dozens, which drew national media attention and galvanized the emerging gay‑rights movement. The event evolved from a single demonstration into an annual carnival, becoming a cornerstone of LGBTQ+ visibility in Australia and influencing subsequent legal reforms, including the 1984 decriminalisation of homosexuality in New South Wales."
1978,NZ feminist protests,Australia/Oceania,"In 1978 New Zealand’s second‑wave feminist movement staged a series of high‑profile protests that brought gender equality onto the national agenda. Coordinated by the Women’s Liberation Movement and groups such as the Abortion Law Reform Association, activists organized a nationwide “Women’s Day” march on 8 March, drawing thousands in Wellington, Auckland and Christchurch to demand equal pay, improved maternity leave, and the de‑criminalisation of abortion. Parallel sit‑ins at Parliament targeted the pending Abortion Legislation Bill, while university campuses hosted teach‑ins on sexual harassment and reproductive rights. The pressure contributed to the passage of the 1979 Equal Pay Amendment and the 1979 Contraception, Sterilisation and Abortion Act, marking a decisive shift in New Zealand’s gender‑policy landscape."
1979,Australia: uranium mining protest,Australia/Oceania,"In 1979 a nationwide anti‑nuclear campaign erupted in Australia after the Fraser government approved expanded uranium extraction at the Ranger and other sites in the Northern Territory. Environmental organisations such as the Australian Conservation Foundation, the newly formed Australian Nuclear Free Alliance, and Aboriginal groups including the Mirarr people staged blockades, sit‑ins and public rallies to oppose mining and the export of uranium to the United States. The protests drew extensive media attention, prompted parliamentary inquiries, and forced the government to introduce stricter environmental assessments and a moratorium on new licences for several years. The 1979 uranium mining protest marked a turning point in Australia’s nuclear debate, embedding anti‑uranium sentiment in the country’s political discourse."
1980,Fiji coup d’état mobilizations,Australia/Oceania,"In 1980 Fiji experienced a wave of political mobilizations that foreshadowed later coups. Ethnic tensions between indigenous iTaukei and Indo‑Fijian communities intensified after the 1977 constitutional crisis, prompting the opposition National Federation Party to hold large rallies demanding electoral reform. Simultaneously, rumours circulated that a faction of the Republic of Fiji Military Forces was planning a takeover, leading Prime Minister Kamisese Mara to declare a state of emergency in May, deploy police to strategic sites."
1981,Commonwealth Games anti-apartheid protests,Australia/Oceania,"In September‑October 1981 Brisbane hosted the XI Commonwealth Games, but the event became a focal point for anti‑apartheid activism across Australia and the Pacific. Demonstrators, including Aboriginal groups, student unions, and international solidarity organisations, staged marches, sit‑ins and banner displays outside the stadium and at the athletes’ village, demanding the exclusion of South Africa and condemning New Zealand’s sporting contacts with the apartheid regime. Police made numerous arrests, and several athletes faced harassment. The protests drew global media attention, pressured the Commonwealth Games Federation to reaffirm its opposition to apartheid, and marked a turning point in Australian public opposition to racial segregation in sport."
1982,Franklin Dam campaign (Aus),Australia/Oceania,"In 1982 the proposed Franklin Dam on Tasmania’s Franklin River became the focal point of Australia’s most prominent environmental campaign. The Tasmanian government, led by Premier Robin Gray, approved the hydro‑electric project as part of the Gordon‑below‑Franklin scheme, but the Tasmanian Wilderness Society, Bob Brown and a coalition of conservation groups organized mass protests, river‑blockades and civil‑disobedience that drew national media attention. The issue dominated the federal election, and the newly elected Labor government of Prime Minister Bob Hawke pledged to intervene. Throughout 1982 the campaign escalated, culminating in legal challenges that would reach the High Court, ultimately leading to the dam’s cancellation."
1983,NZ No Nukes flotilla,Australia/Oceania,"In 1983 a coalition of New Zealand environmental groups organized the “No Nukes” flotilla, sending a fleet of yachts, fishing vessels and a converted trawler from Auckland toward the French nuclear test site at Mururoa Atoll in French Polynesia. The flotilla aimed to physically block French atmospheric and underground tests and to draw international attention to the health and ecological risks of nuclear weapons testing in the Pacific. French authorities intercepted the ships in international waters, boarding and detaining several crews, while the protest received extensive media coverage in New Zealand and abroad. The episode galvanized public opinion, contributed to the passage of New Zealand’s nuclear‑free legislation in 1984, and heightened diplomatic pressure on France to end its Pacific testing program."
1984,Pitjantjatjara Land Rights movement (Australia),Australia/Oceania,"In 1984, after years of advocacy, the South Australian government enacted the Anangu Pitjantjatjara Yankunytjatjara Land Rights Act, granting freehold title over ~102,000 km² of desert to the Pitjantjatjara, Yankunytjatjara and Ngaanyatjarra peoples. The handover ceremony at Umuwa, attended by the premier and Aboriginal elders, marked the first large‑scale Aboriginal freehold in Australia. The act gave the community authority over land management, mining negotiations and limited self‑government, and it set a precedent for later native‑title legislation. The movement was driven by Indigenous elders, the Central Land Council and supportive activists, and it heightened political recognition of Aboriginal land rights across the continent."
1985,Uluru handed back to Aboriginal peoples,Australia/Oceania,"In 1985 the Australian government formally returned ownership of Uluru (Ayers Rock) and the surrounding Kata Tjuta to its traditional custodians, the Anangu people, marking a landmark in Indigenous land‑rights policy. The handover, announced by Prime Minister Bob Hawke and completed on 26 October, transferred title while the land remained under a 99‑year lease to the National Parks and Wildlife Service for continued public access and tourism. Joint management arrangements gave the Anangu a decisive role in cultural preservation, environmental stewardship, and visitor education. The event followed the 1983 Aboriginal Land Rights (Northern Territory) Act and signaled broader recognition of Aboriginal connection to country, influencing subsequent heritage listings and reconciliation initiatives."
1985,Ethiopia famine relief mobilization,Africa,"In 1985, as the 1983‑85 famine devastated Ethiopia’s northern provinces, the Marxist Derg government and international community launched a massive relief mobilization. The United Nations World Food Programme, the Red Cross, and NGOs such as Oxfam coordinated air‑drops and ground convoys, while Western governments, notably the United States, pledged billions of dollars in food aid. High‑profile campaigns, including Live Aid and Band Aid, raised global awareness and funds. The Ethiopian authorities, however, imposed restrictions on aid distribution, fearing insurgent groups would benefit, which slowed delivery and sparked criticism. By the end of 1985, relief operations had saved millions of lives, yet the famine’s political and humanitarian legacy continued to shape Ethiopia’s development and foreign‑aid policies."
1986,Soweto school protests,Africa,"In 1986, amid intensified internal resistance to apartheid, students in Soweto launched a wave of school boycotts and protests demanding free, quality education and an end to the Bantu Education system. Organized by the Congress of South African Students (COSAS) and local youth committees, thousands of learners marched, occupied schools, and staged strikes across the township, confronting police and security forces. The apartheid government responded with curfews, mass arrests, and violent dispersals, resulting in numerous injuries and several deaths. The unrest sparked similar demonstrations in other townships, heightened international condemnation of South Africa’s segregationist policies, and contributed to the broader anti‑apartheid movement that would culminate in democratic reforms a few years later."
1987,Burkina Faso Revolution demonstrations,Africa,"In October 1987, a sudden palace coup in Burkina Faso ended Thomas Sankara’s four‑year “revolution” and installed his former ally Blaise Compaoré as president. Within days, workers, students and women’s groups poured onto the streets of Ouagadougou and other towns, chanting slogans for Sankara’s anti‑imperialist policies and demanding his reinstatement. The demonstrations were quickly suppressed: security forces used tear‑gas and live ammunition, hundreds of protesters were arrested, and independent media were shut down. The crackdown cemented Compaoré’s authority, marked the abrupt termination of the popular revolutionary program, and ushered in a more conservative, pro‑Western regime that would last three decades."
1988,Algerian October Riots,Africa,"In early October 1988, Algeria experienced a wave of urban riots that began on October 5 in Algiers after a police crackdown on a protest over rising food prices and unemployment. Over the next week, demonstrations spread to other cities, turning into violent clashes, looting, and arson as discontented youths, workers, and students confronted security forces. Official estimates recorded dozens of deaths and thousands of injuries, while the unrest exposed deep economic distress and political repression under President Chadli Bendjedid. In response, the government announced sweeping reforms, including a new constitution, the legalization of opposition parties, and promises of economic liberalization. The October riots are widely regarded as the catalyst for Algeria’s subsequent transition toward multiparty politics and the turmoil that followed in the 1990s."
1989,Benin Conference for democratization,Africa,"In 1989, facing severe economic decline and growing popular unrest, Benin’s Marxist‑Leninist government under President Mathieu Kérékou agreed to convene a broad National Conference on democratization. Representatives of opposition parties, trade unions, religious groups and civil society gathered in Cotonou to debate the country’s political future. The conference produced a draft constitution that abolished the single‑party system, guaranteed fundamental freedoms and established a transitional executive. Its recommendations led to the adoption of a new constitution in 1990 and the first multiparty presidential election in 1991, making Benin the first West African state to achieve a peaceful, negotiated shift from authoritarian rule to democracy."
1990,South Africa: release of Nelson Mandela,Africa,"On 11 February 1990, South African President F.W. de Klerk announced the unconditional release of Nelson Mandela after 27 years of imprisonment, marking a pivotal step in dismantling apartheid. The decision followed intensified internal protests, international sanctions, and secret negotiations between the African National Congress and the government. Mandela’s freedom energized the ANC’s transition from underground resistance to legal political participation, leading to the unbanning of liberation movements and the commencement of multiracial talks on a democratic constitution. While the release was celebrated worldwide, it also heightened tensions and occasional violence as South Africa grappled with the rapid shift toward majority rule, culminating in the first democratic elections in 1994."
1991,Somali Civil War mass exodus,Africa,"In 1991, the overthrow of President Siad Barre triggered a power vacuum that erupted into clan‑based fighting across Somalia. As rival warlords seized towns and the capital Mogadishu, civilians faced indiscriminate violence, looting, and famine. Within months, an estimated 1.5 million people fled their homes, seeking safety in refugee camps along the Kenyan, Ethiopian, and Djiboutian borders, while others embarked on perilous sea journeys to the Gulf states and Europe. The mass displacement strained neighboring countries, prompting the United Nations to launch the first humanitarian airlift (Operation Restore Hope) and to establish camps such as Dadaab. The 1991 exodus marked the beginning of a protracted refugee crisis that has persisted for decades."
1992,Angola election mass mobilization,Africa,"In 1992 Angola conducted its first multi‑party elections since independence, following the 1991 Bicesse Accords that ended years of civil war between the MPLA government and UNITA rebels. A nationwide voter registration drive and extensive mobilization campaigns urged citizens to participate, resulting in an unprecedented turnout of roughly 85 % of the 6 million registered voters. The MPLA won a narrow presidential majority, while UNITA secured a substantial share of parliamentary seats. However, UNITA rejected the results, alleging fraud, and hostilities quickly resumed, plunging the country back into armed conflict and undermining the brief democratic opening. The election mobilization remains a pivotal moment in Angola’s turbulent transition toward peace."
1993,Rwanda: mass movements prior to genocide,Africa,"During 1993 Rwanda experienced a surge of political mobilization that set the stage for the 1994 genocide. Following the 1990 Rwandan Patriotic Front (RPF) invasion, the government and rebel leaders negotiated the Arusha Accords, creating a power‑sharing timetable, a transitional National Assembly, and a joint military commission. While moderate Hutu and Tutsi politicians prepared for elections, extremist Hutu factions organized mass rallies, paramilitary training, and the formation of the Interahamwe militia. Large numbers of Tutsi refugees returned from neighboring countries, intensifying competition for land and jobs. Propaganda campaigns in radio and newspapers vilified the Tutsi and warned of a “foreign invasion.” These coordinated movements heightened ethnic polarization and armed preparedness, directly preceding the April"
1994,Rwandan Genocide mass displacement,Africa,"In April 1994, following the assassination of President Juvénal Habyarimana, extremist Hutu forces and militia groups launched a coordinated campaign of mass killings against Tutsi and moderate Hutu civilians in Rwanda. Over roughly 100 days, an estimated 800,000 people were murdered and millions were forced to flee their homes. The violence triggered one of the largest displacement crises in recent African history, with up to two million refugees crossing into neighboring Burundi, the Democratic Republic of Congo, Uganda, and Tanzania. International response was limited; a small UN peacekeeping contingent remained largely ineffective, and humanitarian aid struggled to reach displaced populations. The mass exodus reshaped regional demographics and contributed to prolonged instability in the Great Lakes region."
1995,South Africa Truth and Reconciliation hearings,Africa,"In 1995 South Africa’s Truth and Reconciliation Commission (TRC) began public hearings to investigate human rights violations committed during apartheid. Chaired by Archbishop Desmond Tutu, the commission invited victims to recount torture, killings, and forced removals, while offering amnesty to perpetrators who fully disclosed their actions and proved political motivation. Over 21,000 statements were collected, and high‑profile testimonies from security forces, liberation movements, and ordinary citizens were broadcast nationwide. The hearings aimed to promote national healing, document the historical record, and recommend reparations and institutional reforms. Although the process faced criticism for perceived leniency and incomplete accountability, it became a landmark transitional‑justice experiment influencing similar mechanisms worldwide."
1996,Zaire: refugee crisis escalation,Africa,"In 1996, Zaire saw a sharp escalation of its refugee crisis as hundreds of thousands of Rwandan Hutu refugees, fleeing the 1994 genocide and subsequent Rwandan Patriotic Front advance, poured into eastern Zaire, joining earlier Burundian and Congolese displaced persons. The sudden influx strained camps in Goma, Bukavu and other border towns, overwhelming humanitarian capacity and sparking violent clashes between refugee militias, Zairian security forces, and local militias. The presence of former Interahamwe fighters prompted the Zairian government under Mobutu Sese Seko to launch security operations, which further displaced civilians and contributed to the outbreak of the First Congo War later that year. International agencies struggled to deliver aid amid insecurity, while the crisis deepened regional instability."
1997,Congo war mass movements,Africa,"In 1997 the First Congo War culminated in massive population movements across the former Zaire as rebel forces led by Laurent‑Désiré Kabila, backed by Rwanda and Uganda, advanced from the east toward the capital. The rapid collapse of Mobutu Sese Seko’s regime triggered waves of refugees fleeing combat zones, while millions of internally displaced persons were forced from their homes amid fighting, looting, and breakdown of state services. Humanitarian corridors struggled to deliver aid, and the influx of combatants and civilians reshaped ethnic and political dynamics throughout the country. By May 1997 Kabila seized Kinshasa, ending Mobutu’s 32‑year rule, but the mass displacements left a lasting humanitarian crisis that persisted into the subsequent conflict."
1998,Nigeria democracy protests (Abacha death),Africa,"Following the sudden death of military ruler General Sani Abacha on 8 June 1998, Nigeria experienced a surge of pro‑democracy demonstrations across major cities. Labor unions, student groups, religious leaders and opposition parties took to the streets demanding an end to military rule, the release of political prisoners and a swift return to civilian government. The new head of state, General Abdulsalami Abubakar, responded by lifting bans on political parties, freeing detained activists such as Moshood Abiola’s supporters, and announcing a timetable for elections in 1999. The largely peaceful protests underscored popular fatigue with authoritarianism and paved the way for Nigeria’s first democratic transition since the 1980s."
1999,Sierra Leone peace agreement mass celebrations,Africa,"In July 1999 the Sierra Leonean government and the Revolutionary United Front signed the Lomé Peace Accord, formally ending six years of civil war. The agreement granted a blanket amnesty, integrated RUF fighters into the national army, and set a timetable for disarmament and upcoming elections. News of the pact sparked spontaneous street celebrations across Freetown and other towns, with crowds waving flags, singing, and lighting fireworks as they welcomed the prospect of peace. International observers and United Nations peacekeepers joined the festivities, highlighting the global support for Sierra Leone’s transition. Although the celebrations marked a hopeful moment, subsequent violations would later threaten the durability of the accord."
2000,Zimbabwe land reform protests,Africa,"In 2000, the Zimbabwean government launched a fast‑track land‑reform programme that ordered the compulsory acquisition of white‑owned commercial farms for redistribution to black Zimbabweans. The policy sparked mass protests in Harare and other towns, led by the opposition Movement for Democratic Change, civil‑society groups, and farm workers who demanded compensation, rule of law, and an end to violent farm invasions. Security forces responded with curfews, arrests, and occasional lethal force, resulting in dozens of injuries and several deaths. The unrest highlighted deep political polarization, undermined investor confidence, and marked the beginning of a protracted land‑reform conflict that reshaped Zimbabwe’s economy and international relations."
2001,HIV/AIDS awareness mobilization,Africa,"In 2001 African governments, regional bodies, and civil‑society groups intensified continent‑wide HIV/AIDS awareness mobilization to confront soaring infection rates that affected roughly one in twenty adults. The African Union endorsed the Abuja Declaration’s targets, while national AIDS councils in South Africa, Kenya, Uganda and Nigeria launched mass media campaigns, school‑based education, and community theatre to dispel myths and promote condom use and testing. International partners, including the United Nations Programme on HIV/AIDS (UNA‑IDS) and the newly forming Global Fund, provided technical support and funding for radio spots, poster drives, and training of peer educators. The coordinated effort marked a shift from isolated treatment programs toward large‑scale prevention messaging, laying groundwork for subsequent scale‑up of antiretroviral treatment across the continent."
2002,Ivory Coast civil war mass flows,Africa,"In September 2002 a mutiny by soldiers in the Ivorian army sparked a civil war that quickly divided the country, with rebel forces of the Forces Nouvelles controlling the north and government troops holding the south. Fighting, artillery shelling, and road blockades prompted a massive humanitarian crisis; by the end of 2003 more than 600,000 people had fled their homes, creating large internally displaced populations and refugee flows into neighboring Liberia, Ghana, Burkina Faso, and Mali. French and United Nations peacekeepers were deployed to protect civilians and secure humanitarian corridors, while cease‑fire agreements in 2003 and 2004 attempted to stem the displacement. The mass flows reshaped demographic patterns and strained regional aid capacities."
2003,Liberian peace protests,Africa,"In 2003, as Liberia’s second civil war raged and President Charles Taylor’s regime faced mounting international pressure, thousands of Liberians flooded the streets of Monrovia and other towns demanding an end to the fighting and Taylor’s resignation. The protests, sparked by the siege of Monrovia, reports of mass atrocities, and the ongoing Accra peace talks, were largely peaceful but met with sporadic security‑force violence that left several demonstrators dead or injured. The sustained civic pressure helped push the warring factions toward the August 2003 Accra Comprehensive Peace Agreement, after which Taylor fled into exile and a transitional government was installed, paving the way for the country’s eventual stabilization."
2004,Sudan Darfur crisis mass displacement,Africa,"In 2004 the conflict in Sudan’s western Darfur region escalated into a humanitarian catastrophe, forcing an estimated 2.5 million people to flee their homes. The Sudanese government and allied Janjaweed militias launched coordinated attacks on villages identified with rebel groups such as the Sudan Liberation Army and the Justice and Equality Movement, employing aerial bombardments, ground raids, and systematic burning of crops. Widespread killings, sexual violence, and destruction of livestock triggered mass internal displacement toward camps in the states of North and South Darfur and cross‑border flows into Chad. International agencies struggled to deliver aid amid insecurity, while the United Nations‑backed African Union Mission (AMIS) faced limited mandates, highlighting the crisis’s growing regional impact."
2005,Ethiopia election unrest,Africa,"In May 2005 Ethiopia held its first multi‑party parliamentary election in over a decade. The ruling Ethiopian People’s Revolutionary Democratic Front (EPRDF) claimed a decisive victory, but the main opposition coalition, the Coalition for Unity and Democracy (CUD), alleged widespread ballot‑stuffing, intimidation and vote‑count manipulation. Massive protests erupted in Addis Ababa and other cities in June, demanding a recount and the release of detained opposition leaders. Security forces responded with tear gas, beatings and arrests; at least 30 demonstrators were killed and hundreds injured. International observers, including the EU and the Carter Center, reported significant irregularities. The unrest deepened political polarization, led the opposition to boycott the new parliament, and reinforced Meles Zenawi’s authoritarian grip on power."
1985,Japan: economic bubble collective investment,Asia,"In 1985 Japan entered the peak phase of its post‑war economic bubble, driven by unprecedented growth in collective investment schemes such as investment trusts, pension funds, and corporate savings pools. Liberalized financial regulations, ultra‑low interest rates, and speculative optimism spurred massive inflows into the Tokyo Stock Exchange and urban real‑estate markets. Household and corporate investors pooled capital in “zaimu shōshū” vehicles, inflating equity prices to record highs and driving land values in central cities to unsustainable levels. The surge in leveraged buying amplified credit expansion, while banks increasingly financed these investments. Although the bubble would burst in the early 1990s, 1985 marked the height of coordinated, speculative investment that reshaped Japan’s financial landscape."
1986,People Power Revolution (Philippines),Asia,"In February 1986, millions of Filipinos gathered in Manila’s Epifanio de los Santos Avenue and surrounding streets to demand the resignation of President Ferdinand Marcos after a disputed snap election that declared him the winner over opposition leader Corazon Aquino. The largely peaceful demonstrations, organized by the Catholic Church, civil society, and the military faction led by Defense Minister Juan Ponce Enrile and General Fidel Ramos, faced limited violence but were bolstered by a decisive defection of key armed forces units. International pressure and the refusal of Marcos to concede led him to flee into exile on February 25, ending his 20‑year authoritarian rule and ushering in a democratic transition under Aquino."
1987,South Korea democratization protests,Asia,"Throughout June 1987, South Korea experienced the largest pro‑democracy uprising in its modern history, known as the June Democratic Struggle. Sparked by the police‑forced death of student activist Park Jong‑chul and the arrest of opposition leader Kim Dae‑june, millions of citizens—students, laborers, religious groups, and middle‑class professionals—took to the streets of Seoul and regional cities demanding an end to authoritarian rule and the introduction of direct presidential elections. The Chun‑Do‑hwan regime responded with arrests and limited force, but sustained nationwide demonstrations forced President Roh Tae‑woo to announce the June 29 Declaration, pledging constitutional reforms. The subsequent amendment established direct elections, leading to the 1987 presidential vote and marking a decisive step toward South Korea’s democratic transition."
1988,Burmese Uprising,Asia,"In August 1988, Burma experienced a nationwide popular uprising, commonly called the 8888 Uprising, when students, monks, workers and urban residents staged mass protests demanding an end to the one‑party rule of General Ne Win. Demonstrations began in Rangoon on 8 August and quickly spread to other cities, calling for democratic reforms, price controls and the release of political prisoners. The military responded with a violent crackdown, deploying troops and security forces that opened fire, arrested activists and imposed curfews. Estimates of the death toll range from several hundred to several thousand. The unrest forced Ne Win to resign, and the State Law and Order Restoration Council (SLORC) seized power, promising elections that were later postponed, setting the stage for Myanmar’s prolonged authoritarian rule."
1989,Tiananmen Square protests,Asia,"In spring 1989, thousands of students and citizens gathered in Beijing's Tiananmen Square to demand political reform, greater transparency, and an end to corruption under Deng Xiaoping's leadership. The movement, sparked by the death of reformist official Hu Yaobang, spread to other Chinese cities and included hunger strikes and sit‑ins. On June 3–4, the Chinese government declared martial law and ordered the People’s Liberation Army to clear the square, using live ammunition and armored vehicles. The crackdown resulted in an uncertain death toll, with estimates ranging from several hundred to several thousand, and led to widespread international condemnation, tighter domestic controls, and a lasting symbol of dissent in Chinese modern history."
1990,Indian Mandal Commission protests,Asia,"Following the Indian government's decision in August 1990 to implement the Mandal Commission's recommendation of reserving 27 % of central government jobs and public‑sector college seats for Other Backward Classes, massive protests erupted across the country. Student groups, upper‑caste organizations, and political parties such as the Bharatiya Janata Party organized strikes, road blockades, and self‑immolation attempts, while supporters of the quota system held counter‑rallies. The unrest led to clashes with police, numerous arrests, and several deaths, most notably the self‑immolation of Rajiv Goswami in Delhi, which became a rallying symbol. The episode forced the government to reaffirm the reservation policy, intensified debates on affirmative action, and reshaped Indian electoral politics in the 1990s."
1991,Soviet Asian Republics independence movements,Asia,"In 1991, the weakening Soviet Union triggered a cascade of independence movements across its Asian republics. Following the failed August coup, the Supreme Soviets of Kazakhstan, Kyrgyzstan, Tajikistan, Turkmenistan, and Uzbekistan declared sovereignty, held referendums, and formally proclaimed statehood between June and December. These declarations were accompanied by the establishment of new national institutions, the adoption of constitutions, and the withdrawal of Russian military and economic control. The transitions were largely peaceful, though they exposed ethnic tensions and economic challenges that would later erupt into conflicts in the region. By the end of 1991, all five Central Asian republics were internationally recognized as independent nations, marking the final disintegration of Soviet authority in Asia."
1992,Thai protests “Black May”,Asia,"In May 1992, Thailand experienced a nationwide pro‑democracy uprising known as “Black May.” After the 1991 military coup, General Suchinda Kraprayoon was installed as prime minister without election, prompting former premier Chatichai Choonhavan, student leaders and civil‑society groups to demand a civilian government. Massive rallies in Bangkok swelled to hundreds of thousands; on 17–20 May security forces under Suchinda’s command opened fire on demonstrators, killing an estimated 52 people and injuring hundreds. The violent crackdown drew domestic and international condemnation, forcing Suchinda to resign on 24 May and prompting new elections and constitutional reforms that restored civilian rule in Thailand's political history."
1993,Chinese rural migration boom,Asia,"In 1993 China experienced a sharp acceleration of rural‑to‑urban migration, often called the “migration boom.” Following decades of market‑oriented reforms, the loosening of the household‑registration (hukou) system and the rapid expansion of export‑oriented factories created strong pull factors for peasants seeking higher wages. Government estimates placed the floating population at roughly 70 million, while independent surveys suggested even higher numbers. Migrants supplied cheap labor to coastal cities such as Shenzhen, Guangzhou and Shanghai, fueling China’s manufacturing surge and contributing to a rise in national GDP. The surge also generated social challenges, including inadequate housing, limited access to public services for migrants, and growing regional income disparities, prompting later policy adjustments."
1994,Indonesia East Timor resistance escalation,Asia,"In 1994 the armed resistance in East Timor, led by the Falintil guerrilla force, intensified its attacks against Indonesian security forces, while the Indonesian military escalated counter‑insurgency operations across the occupied territory. Frequent ambushes, sabotage of infrastructure, and increased recruitment boosted Falintil’s capabilities, prompting Jakarta to impose curfews, mass arrests, and village sweeps that resulted in civilian casualties and displacement. International NGOs and the United Nations documented widespread human‑rights violations, raising global criticism of Indonesia’s occupation. The United States and Australia, while maintaining strategic ties with Jakarta, faced growing domestic calls to reassess aid to Indonesia. The heightened violence set the stage for the 1999 referendum that eventually led to East Timor’s independence."
1995,Tokyo subway sarin attack—mass panic,Asia,"On March 20, 1995, members of the Aum Shinrikyo cult released the nerve agent sarin on three lines of the Tokyo subway during rush‑hour. The perpetrators punctured gas canisters with sharpened umbrellas, dispersing the invisible toxin into train cars and stations. Over 5,000 people were exposed; 13 died and more than 5,000 required medical treatment for respiratory distress, eye irritation, and neurological effects. The attack triggered immediate chaos, with commuters fleeing, emergency services overwhelmed, and authorities imposing a citywide lockdown. In the aftermath, Japanese police arrested dozens of cult members, dismantled Aum’s network, and introduced stricter chemical‑weapon regulations, while the incident reshaped public perceptions of domestic terrorism and emergency preparedness."
1996,Kashmir protests India-Pakistan,Asia,"In 1996, Indian‑administered Kashmir saw a surge of mass protests after New Delhi announced state assembly elections slated for September, which separatist groups denounced as a sham and called for a boycott. Demonstrations in Srinagar and other towns turned violent as security forces used tear gas and live ammunition, resulting in dozens of deaths and hundreds of injuries. The unrest heightened Indo‑Pakistani tensions; Pakistan’s government organized rallies along the Line of Control, condemned India’s handling of the dissent, and appealed to international bodies over alleged human‑rights abuses. The protests underscored the deepening political deadlock over Kashmir’s status and foreshadowed a prolonged period of instability in the region."
1997,Hong Kong handover mass gatherings,Asia,"On the months leading up to 1 July 1997, Hong Kong saw unprecedented public gatherings as the British colony prepared to revert to Chinese sovereignty. Tens of thousands assembled in Victoria Park and other venues for pro‑democracy rallies, notably the 4 June “Hong Kong 1997” march commemorating the Tiananmen anniversary and demanding guarantees under the “one‑country, two‑systems” formula. Simultaneously, large celebratory crowds gathered for the handover ceremony at the Hong Kong Convention and Exhibition Centre, where Governor Chris Patten lowered the Union Jack, Prince Charles and Chinese President Jiang Zemin raised the Chinese flag, and fireworks illuminated Victoria Harbour. The juxtaposition of protest and festivity highlighted deep anxieties about political freedoms while marking a historic transfer of power."
1998,Indonesian economic crisis riots,Asia,"Amid the 1997‑98 Asian financial crisis, Indonesia’s rupiah lost more than 80 % of its value, plunging the country into severe recession, soaring inflation and widespread unemployment. By May 1998, frustration over soaring food prices and perceived corruption sparked massive street protests that turned into violent riots in Jakarta and several other cities. Demonstrators looted shops, set fire to buildings—particularly targeting businesses owned by ethnic Chinese—and clashed with police, resulting in an estimated 1,000‑1,200 deaths and thousands of injuries. The unrest accelerated political pressure on President Suharto, who resigned after 31 years in power, ushering in a period of democratic reform and IMF‑backed economic stabilization."
1999,Kargil conflict mobilization (India-Pakistan),Asia,"During the summer of 1999, Indian forces detected the infiltration of Pakistani‑backed militants into the high‑altitude Kargil sector of Jammu and Kashmir. In response, India launched Operation Vijay, mobilizing infantry, artillery and air power to dislodge the occupiers from strategic ridgelines such as Tololing, Tiger Hill and Point 4875. Pakistan denied official involvement but later acknowledged limited support. Intense mountain warfare, heavy artillery exchanges and limited air strikes resulted in over 500 Indian and 300 Pakistani casualties before a United Nations‑brokered cease‑fire on 26 July. The conflict ended with India regaining most of the occupied positions, reinforcing its control over the Line of Control and prompting diplomatic pressure that led Pakistan to withdraw its forces."
2000,South Korean mass candlelight rallies,Asia,"In 2000, South Korea experienced its first large‑scale candlelight vigils, as thousands gathered nightly in Seoul’s streets and public squares to protest the U.S.–Korea joint military exercises and broader concerns about national sovereignty and democratic accountability. Organized by student groups, labor unions, and civic NGOs, the peaceful demonstrations used candles to symbolize hope and unity, drawing participants from diverse social backgrounds. The rallies maintained a non‑violent stance, emphasizing dialogue with the government and calling for greater transparency in security policy. Though the protests did not immediately alter the exercises, they established a new mode of civic expression that later shaped South Korea’s mass mobilizations in the 2000s and beyond."
2001,Afghanistan invasion—refugee crisis,Asia,"Following the September 11, 2001 terrorist attacks, the United States and its NATO allies launched Operation Enduring Freedom, invading Afghanistan to dismantle al‑Qaeda and remove the Taliban regime. The rapid military campaign displaced millions of civilians; by the end of 2001 an estimated 2 million Afghans fled to neighboring Pakistan and Iran, while internal displacement reached similar levels. Humanitarian agencies faced severe challenges delivering food, shelter, and medical aid amid ongoing combat and the collapse of basic services. The refugee outflow strained host countries’ resources and prompted the United Nations High Commissioner for Refugees to launch large‑scale assistance programs, marking the beginning of a protracted displacement crisis that would shape regional politics for years."
2002,Gujarat riots India,Asia,"In February 2002, communal violence erupted in Gujarat, India, after the burning of the Sabarmati Express train in Godhra, which killed 59 Hindu pilgrims. The incident triggered a series of riots across the state, primarily targeting Muslim communities. Over the next weeks, mobs, police, and local officials were accused of participating in attacks that resulted in at least 1,000 deaths, widespread arson, looting, and displacement of tens of thousands. The violence drew national and international condemnation, leading to multiple investigations, Supreme Court‑ordered commissions, and prolonged legal battles over accountability. The Gujarat riots remain a pivotal episode in contemporary Indian politics, influencing debates on secularism, law enforcement conduct, and minority rights."
2003,SARS panic and quarantines,Asia,"In early 2003 the severe acute respiratory syndrome (SARS) coronavirus, first identified in Guangdong Province, China, spread rapidly through Hong Kong, Taiwan, Singapore, Vietnam and other Asian cities. By March the World Health Organization issued global alerts as hospitals reported high fever, pneumonia and a mortality rate of roughly 10 %. Governments imposed unprecedented public‑health measures: travel bans, school closures, mandatory temperature screenings, and the isolation of thousands of suspected patients in quarantine facilities. The panic led to economic disruption, especially in tourism and aviation, while intensive contact‑tracing and infection‑control protocols eventually contained the outbreak by July, leaving 8,098 confirmed cases and 774 deaths worldwide."
2004,Boxing Day tsunami global mobilization,Asia,"On 26 December 2004, a magnitude‑9.1 undersea earthquake off the coast of Sumatra triggered a series of devastating tsunamis that struck the coasts of Indonesia, Sri Lanka, India, Thailand and other Indian‑Ocean nations, killing over 230,000 people. The unprecedented scale of loss prompted an immediate, worldwide humanitarian mobilization: governments, UN agencies, NGOs and private donors coordinated air‑lifted relief, medical teams, and reconstruction aid. The United Nations established the International Strategy for Disaster Reduction, while the United States, Japan, Australia, the European Union and numerous charities contributed billions of dollars, emergency supplies, and volunteer personnel. The response reshaped global disaster‑response protocols, leading to the creation of the Indian Ocean Tsunami Warning System and a new emphasis on rapid, coordinated international assistance."
2005,Anti-Japan demonstrations in China,Asia,"In 2005, large anti‑Japan demonstrations swept across major Chinese cities after the Japanese government reaffirmed its claim to the disputed Diaoyu/Senkaku islands and after a Japanese history textbook revision downplayed wartime atrocities. Protesters gathered in Beijing, Shanghai, Guangzhou and other locales, chanting slogans, displaying banners, and in some cases targeting Japanese businesses and the Japanese embassy. Police deployed crowd‑control measures, resulting in arrests and occasional clashes. The Chinese foreign ministry condemned Japan’s actions, while the Japanese government expressed regret over the unrest. The protests heightened diplomatic friction, prompting both sides to engage in a series of diplomatic notes and to temporarily suspend high‑level talks."
1985,Live Aid concert mass solidarity,Europe,"In July 1985, the Live Aid concert was staged simultaneously at London’s Wembley Stadium and broadcast worldwide, marking the largest satellite‑linked music event of its time. Organized by Bob Geldof and Midge Ure, the concert featured over 70 performers—including Queen, U2, and David Bowie—who played to an estimated 72 million television viewers across 150 nations. Proceeds were directed to famine relief in Ethiopia, raising more than $125 million for the International Red Cross and UNICEF. Live Aid demonstrated unprecedented coordination among governments, broadcasters, and the music industry, catalyzing global charitable fundraising models and cementing popular culture’s role in international humanitarian response."
1986,Chernobyl disaster & mass evacuation,Europe,"On 26 April 1986 the Soviet Union’s Chernobyl Nuclear Power Plant in Ukraine suffered a catastrophic failure when Reactor 4 exploded during a safety test, releasing massive amounts of radioactive isotopes into the atmosphere. The accident prompted the immediate evacuation of the nearby city of Pripyat, home to roughly 49,000 people, within 36 hours, followed by the relocation of over 300,000 residents from a 30‑kilometre radius. Soviet authorities established a 2,600‑square‑kilometre exclusion zone, deployed thousands of emergency workers, and sealed the reactor with a concrete sarcophagus. The disaster exposed severe flaws in reactor design and emergency protocols, caused acute radiation sickness among plant staff, and sparked long‑term health, environmental, and political repercussions across Europe and the world."
1987,Perestroika protests (Eastern Europe),Europe,"In 1987, as Mikhail Gorbachev’s perestroika policies loosened political control, public dissent erupted across several Eastern Bloc states. In the Soviet Union, spontaneous gatherings in Moscow and Leningrad demanded greater openness and economic change, leading to the first large‑scale unsanctioned demonstrations since the 1960s. In Poland, the underground Solidarity movement organized strikes and street rallies demanding legal recognition, while the government responded with limited concessions. In East Germany, church‑linked groups held memorial services that turned into protests against the regime’s rigidity. These actions signaled a growing willingness to challenge communist authority and set the stage for the revolutions of 1989"
1988,Armenian earthquake relief mobilization,Europe,"On 7 December 1988 a magnitude 6.8 earthquake struck the northern Armenian SSR, devastating the towns of Spitak, Leninakan (now Gyumri) and Kirovakan. Official Soviet death toll reached about 25,000, with tens of thousands injured and hundreds of thousands left homeless. The Soviet state launched an unprecedented domestic relief effort, deploying the Red Army, civil‑defense units, and thousands of volunteers to clear rubble, provide medical care, and distribute food and shelter. Simultaneously, an international humanitarian response poured in, with aid trucks, medical teams, and donations arriving from over 40 countries and the Armenian diaspora. The mobilization highlighted both the capacity of Soviet emergency structures and the growing reliance on global assistance in disaster response."
1989,Fall of Berlin Wall,Europe,"On 9 November 1989, East German authorities announced that citizens could cross the heavily fortified Berlin Wall, prompting thousands of East Berliners to surge toward the checkpoints. Over the next hours, border guards, overwhelmed by the crowds, opened the gates, allowing people from both sides to reunite, climb the concrete barrier, and dismantle sections with hammers and chisels. The peaceful breach symbolized the collapse of the communist regime in the German Democratic Republic and accelerated the reunification process, which was formally completed on 3 October 1990. The event marked a decisive moment in the end of the Cold War, influencing democratic movements across Eastern Europe and reshaping the geopolitical landscape of the continent."
1990,German reunification mass celebrations,Europe,"On 3 October 1990, after the formal signing of the Treaty on the Final Settlement with Respect to Germany, crowds poured onto streets in Berlin, Leipzig, Dresden and other former East German cities to celebrate the reunification of the German Democratic Republic with the Federal Republic. Millions waved flags, sang national anthems, and gathered at iconic sites such as the Brandenburg Gate, where Chancellor Helmut Kohl addressed the nation. The celebrations marked the end of a half‑century of Cold‑War division, reflected the rapid political integration of East German institutions, and were broadcast worldwide as a symbol of European transformation. While jubilant, the events also foreshadowed the economic and social challenges of merging two distinct societies."
1991,Collapse of Soviet Union demonstrations,Europe,"Throughout 1991, massive public demonstrations swept across the Soviet republics, reflecting popular demand for political reform, national sovereignty, and economic relief. In Moscow, the August 19–21 rally on Red Square attracted hundreds of thousands, while similar protests erupted in Kyiv, Riga, Tallinn, and Minsk, often organized by emerging opposition movements such as the Baltic Popular Fronts and Ukraine’s Rukh. Demonstrators called for the end of Communist Party rule, free elections, and independence from Moscow. The scale and intensity of the protests pressured Soviet leader Mikhail Gorbachev to resign, accelerated the signing of the Belavezha Accords in December, and culminated in the formal dissolution of the USSR on 26 December 1991."
1992,Maastricht Treaty protests,Europe,"In 1992, as the European Community prepared to sign the Maastricht Treaty, which would create the European Union and lay foundations for a single currency, large‑scale demonstrations erupted across several European capitals. In France, Germany, the Netherlands, Belgium and Italy, trade unions, green activists, eurosceptic parties and student groups organized marches, sit‑ins and road blockades, demanding greater democratic control, protection of national sovereignty and social safeguards. Police confrontations led to arrests and occasional clashes, notably in Paris and Berlin. Although the protests failed to halt ratification, they signaled deep public unease with deeper integration and foreshadowed later anti‑EU movements, influencing subsequent treaty referendums in several member states."
1993,Yugoslav Wars: refugee exodus,Europe,"In 1993, the disintegration of Yugoslavia triggered one of the largest refugee crises in post‑World War II Europe. Fighting between Bosniak, Croat, and Serb forces in Bosnia and Herzegovina forced roughly two million people from their homes, with half seeking shelter in neighboring Croatia and Serbia and the rest moving toward Western Europe. United Nations agencies established camps and organized humanitarian convoys, while the International Committee of the Red Cross and numerous NGOs provided food, medical care, and temporary housing. The exodus strained host‑country resources, altered demographic patterns, and heightened international pressure for diplomatic intervention, ultimately contributing to the 1995 Dayton Accords that ended the conflict."
1994,UK anti-Criminal Justice Act protests,Europe,"In 1994, the United Kingdom enacted the Criminal Justice and Public Order Act, a sweeping law that expanded police powers to curb rave gatherings, squatting, and certain forms of protest. The legislation sparked a series of coordinated demonstrations across England, Scotland and Wales, organized by civil‑rights groups, rave‑scene activists, squatters and trade unions. On 23 March, thousands marched on Westminster, confronting police who used kettling and baton tactics; similar clashes occurred in Manchester, Brighton and Glasgow. Protesters condemned the act as an infringement on freedom of assembly and expression, while the government defended it as necessary for public order. The unrest contributed to heightened public debate over civil liberties and influenced subsequent amendments to UK protest law."
1995,Bosnian peace negotiations/activism,Europe,"Throughout 1995, intense diplomatic and civil‑society efforts culminated in the end of the Bosnian War. After NATO’s air campaign forced the Bosnian Serb leadership to the negotiating table, representatives of the Bosniak, Croat and Serb factions met in Dayton, Ohio, under U.S. mediation and with EU, UN and Russian participation. The resulting Dayton Agreement, signed in Paris on 14 December, established a single state of Bosnia‑Herzegovina divided into two entities and created a multinational peace‑keeping force (SFOR). Parallel activism by NGOs, religious groups and displaced‑person networks pressured negotiators, documented war crimes and promoted reconciliation, shaping the post‑war political architecture and the establishment of the International Criminal Tribunal for the former Yugoslavia."
1996,French strikes against social reforms,Europe,"In late 1995 and into 1996 France experienced the largest wave of industrial action since World II, triggered by Prime Minister Alain Juppé’s plan to overhaul the welfare state. The reform package sought to tighten eligibility for unemployment benefits, raise the retirement age, and curb public‑sector spending. Trade unions representing civil servants, transport workers, teachers and health‑care staff called a series of nationwide strikes and mass demonstrations that paralysed rail, metro, and road transport and shut schools and hospitals. Over a million participants rallied in Paris and other cities, while the government faced mounting political pressure. The protests forced Juppé to suspend several provisions and highlighted deep societal divisions over the sustainability of France’s social model."
1997,Diana Princess of Wales death: mass mourning,Europe,"On 31 August 1997, Diana, Princess of Wales, died in a car crash in Paris, prompting an unprecedented wave of public grief across Europe, especially in the United Kingdom. Millions gathered spontaneously outside Buckingham Palace, Kensington Palace, and other royal residences, leaving flowers, candles, and personal messages. Television audiences in Britain and France peaked as news coverage showed mourners chanting “God Save the Queen” and “We love you, Diana.” The British government, led by Prime Minister Tony Blair, suspended parliamentary business and lowered flags to half‑mast. The outpouring of emotion sparked debate over media intrusion, royal protocol, and the role of the monarchy in contemporary society."
1998,Northern Ireland Good Friday Agreement campaigns,Europe,"In 1998, after years of sectarian conflict, political parties, grassroots groups, and international mediators launched intensive campaigns to secure public support for the Good Friday Agreement, a comprehensive peace accord for Northern Ireland. The agreement, negotiated by the British and Irish governments with the Ulster Unionist Party, Social Democratic and Labour Party, and other parties, proposed power‑sharing, de‑commissioning of weapons, and cross‑border institutions. Massive public rallies, media outreach, and door‑to‑door canvassing were organized to persuade voters ahead of simultaneous referendums in Northern Ireland and the Republic of Ireland on 22 May. The campaigns succeeded; 71 % of voters in the North and 94 % in the Republic approved the accord, paving the way for the end of the Troubles and a new devolved government."
1999,Kosovo War refugee crises,Europe,"During the 1999 Kosovo War, Serbian and Yugoslav forces launched a campaign of violence and forced displacement against ethnic Albanians, prompting a massive refugee crisis. Within weeks, an estimated 800,000 to 1 million Albanians fled across the border into neighboring Albania and the Republic of Macedonia, while smaller numbers of Serb and Roma civilians were displaced internally. The exodus strained the humanitarian capacities of the United Nations, Red Cross, and NATO‑led Kosovo Force, which organized emergency camps, food distribution, and medical aid. NATO’s air campaign, begun in March 1999, pressured the Yugoslav government to withdraw, allowing the return of many refugees after the conflict’s end in June. The crisis highlighted the region’s ethnic tensions and the challenges of post‑conflict reconstruction."
2000,Anti-globalization protests Prague,Europe,"In September 2000 Prague hosted the International Monetary Fund and World Bank spring meetings, drawing a coalition of anti‑globalization activists, trade unions, NGOs and students who staged large street demonstrations. Roughly 10,000 protesters converged on the city centre, confronting police with banners condemning neoliberal reforms, debt‑driven austerity and corporate privatization. Police responded with tear gas and batons, resulting in dozens of injuries and over 200 arrests. While the IMF/World Bank proceedings continued largely uninterrupted, the clashes highlighted growing European opposition to global financial institutions and helped cement Prague as a focal point for the emerging anti‑globalization movement. The protests also inspired similar actions in Budapest and Warsaw later that year."
2001,Genoa G8 summit protests,Europe,"In July 2001 the Group of Eight leaders convened in Genoa, Italy, prompting a massive, multinational protest movement that brought together environmentalists, anti‑globalization activists, trade unionists and anarchists. Demonstrators erected a large encampment in the city’s port area, while police deployed riot units, water cannons and tear‑gas. Clashes escalated on July 20, resulting in the death of Carlo Giuliani, a 23‑year‑old protester shot by police, and the arrest of thousands, including many foreign activists. The Italian government declared a state of emergency, imposing a curfew and restricting media coverage. The events highlighted deep opposition to neoliberal economic policies, sparked widespread debate over police tactics, and influenced security planning for subsequent G8 summits."
2002,Euro currency introduction pan-European,Europe,"On 1 January 2002 the euro became legal tender in cash form across twelve European Union member states, completing the monetary union that had begun with electronic euro accounting in 1999. Austria, Belgium, Finland, France, Germany, Ireland, Italy, Luxembourg, the Netherlands, Portugal, Spain and Greece replaced their national currencies with € coins and banknotes, while the European Central Bank oversaw a coordinated transition to ensure price stability and market confidence. The rollout involved massive public information campaigns, dual‑price displays and the withdrawal of legacy notes and coins. The introduction facilitated cross‑border trade, reduced exchange‑rate risk, and symbolised deeper political integration, though it also sparked concerns over price rounding and loss of national monetary sovereignty."
2003,Anti-Iraq War protests,Europe,"In early 2003, millions of Europeans took to the streets to oppose the United States‑led invasion of Iraq, staging the largest coordinated anti‑war demonstrations in recent history. On 15 February, simultaneous rallies in London, Berlin, Rome, Paris, Madrid and other capitals drew up to three million participants, uniting trade unions, student groups, religious organizations and left‑wing parties under slogans such as “No war on Iraq.” Protesters demanded diplomatic solutions, condemned alleged weapons‑of‑mass‑destruction claims, and called for the withdrawal of NATO forces. Police in several cities faced clashes with a minority of agitators, leading to arrests and injuries. The mass mobilizations shifted public opinion, pressured several European governments to delay or limit their contributions, and highlighted deep transatlantic divisions over the war."
2004,Madrid train bombing public responses,Europe,"On 11 March 2004, a series of coordinated bombings on commuter trains in Madrid killed 191 people and injured over 2,000, marking the deadliest terrorist attack in Spain’s peacetime history. In the immediate aftermath, Spaniards flooded the streets, holding spontaneous vigils and large-scale demonstrations demanding justice and an end to terrorism. Public outrage focused on the government’s initial attribution of the attacks to the Basque separatist group ETA, which many perceived as a cover‑up for Islamist perpetrators. The protests intensified political pressure, contributing to a rapid shift in public opinion ahead of the scheduled general election on 14 March, where the ruling Popular Party suffered a decisive defeat and the Spanish Socialist Workers’ Party formed a new government."
2005,London tube bombings aftermath,Europe,"In July 2005, coordinated suicide bombings on London’s Underground and a bus killed 52 people and injured hundreds, prompting an extensive emergency response and a nationwide security overhaul. Police and emergency services secured the city, while forensic teams identified the four British‑born Islamist attackers and traced their links to radical networks. The attacks spurred the UK government to introduce stricter counter‑terrorism legislation, expand CCTV coverage, and increase police presence on public transport. Public vigils and community outreach sought to heal societal divisions, and the subsequent trial of the conspirators reinforced legal precedents for prosecuting homegrown terrorism. The aftermath reshaped Britain’s domestic security policies and heightened public awareness of the threat posed by radicalized individuals within its own borders."
1985,Hands Across America (USA),North America,"On May 25 1985, the nonprofit coalition Hands Across America organized a simultaneous nationwide fundraiser in which volunteers formed a continuous human chain stretching roughly 4,500 miles from the Atlantic to the Pacific. More than six million participants linked arms at designated points along highways, parks and public spaces, aiming to draw attention to homelessness and hunger in the United States and to raise money for local charities. The event raised approximately $15 million, which was distributed to over 200 community organizations. While the visual spectacle received extensive media coverage and inspired temporary volunteerism, critics noted logistical challenges, uneven participation, and limited long‑term impact on poverty alleviation."
1986,Immigration Reform Act activism,North America,"In 1986 the United States passed the Immigration Reform and Control Act, granting legal status to about three million undocumented residents while imposing penalties on employers who hired them without verification. The legislation sparked a nationwide wave of activism: immigrant‑rights groups organized rallies and legal‑aid clinics to ensure eligible individuals could navigate the amnesty process; labor unions and civil‑rights organizations lobbied for stronger worker protections and opposed employer sanctions they feared would increase exploitation; and anti‑immigration factions staged counter‑protests demanding stricter limits. The intense public debate and grassroots mobilization shaped the act’s implementation, highlighted the complexities of regularizing a large undocumented population, and set a precedent for future U.S. immigration policy discussions."
1987,AIDS awareness marches,North America,"In 1987, North America saw its first coordinated large‑scale AIDS awareness marches, most notably the National AIDS March on Washington, D.C., on October 11. Organized by emerging activist groups such as ACT UP and the National Gay and Lesbian Task Force, the demonstration attracted roughly 5,000 participants, including people living with HIV, their families, and allies. The march demanded increased federal funding for research, faster approval of experimental treatments, and an end to discrimination against gay men and other affected communities. Media coverage amplified public discussion of the epidemic, while the visibility of the protests helped shape subsequent policy debates and spurred the growth of local AIDS education and support initiatives across the United States and Canada."
1988,Canada: Meech Lake Accord protests,North America,"In 1988, the Meech Lake Accord—a constitutional amendment package intended to bring Quebec into the Canadian constitutional fold by recognizing it as a distinct society and granting provincial powers—faced intense public opposition. Demonstrations erupted across major cities, led by Indigenous groups, feminist organizations, and civil‑rights activists who argued the accord excluded broader Canadian interests, ignored Indigenous rights, and threatened national unity. Massive rallies in Ottawa, Montreal, and Toronto drew thousands, while a series of provincial legislative votes ultimately failed to ratify the accord by the June 1990 deadline. The protests highlighted deep regional and cultural divisions, and the accord’s collapse set the stage for subsequent constitutional debates, including the 1992 Charlottetown Accord."
1989,Exxon Valdez oil spill response,North America,"In March 1989 the Exxon Valdez tanker ran aground in Prince William Sound, Alaska, spilling roughly 11 million gallons of crude oil. The immediate response was coordinated by the U.S. Coast Guard, Exxon, and state agencies, deploying booms, skimmers, and thousands of volunteers to contain and recover oil. Mechanical recovery was supplemented by chemical dispersants and high‑pressure hot‑water washing, while wildlife rescue teams treated thousands of oiled birds and mammals. The cleanup cost exceeded $2 billion and prompted the Oil Pollution Act of 1990, which strengthened tanker design standards, mandated double hulls, and gave federal authorities greater authority to enforce spill liability. The incident reshaped U.S. environmental policy and remains a benchmark for large‑scale oil‑spill response planning."
1990,Oka Crisis indigenous standoff (Canada),North America,"In the summer of 1990, a land dispute between the Mohawk community of Kanehsatà:ke and the town of Oka, Quebec, escalated into a 78‑day armed standoff that drew national and international attention. The conflict began when the town approved expansion of a golf course onto land claimed by the Mohawks, including a burial ground. Mohawk protesters erected a barricade on the disputed road; police responded with tear gas and arrests, prompting the Mohawks to call for support from other First Nations. The Canadian Army was deployed, and the siege ended only after the Quebec government halted the development and the barricades were dismantled. The crisis highlighted Indigenous land‑rights issues and led to subsequent legal and policy reforms in Canada."
1991,LA Rodney King protests,North America,"In March 1991, Los Angeles police officers brutally beat motorist Rodney King after a high‑speed chase, an incident captured on a widely broadcast videotape. The graphic footage sparked immediate outrage, prompting a series of demonstrations across Los Angeles demanding accountability for police misconduct and broader reforms of the LAPD. Community groups, civil‑rights activists, and residents organized marches, sit‑ins, and rallies that highlighted systemic racism and excessive force. While the protests remained largely peaceful in 1991, they intensified public scrutiny of the department and set the stage for the massive unrest that erupted in 1992 after the officers’ acquittal. The 1991 demonstrations marked a pivotal moment in the national conversation on policing and racial justice."
1992,Mexico: NAFTA protests,North America,"In 1992, as the United States, Canada, and Mexico negotiated the North American Free Trade Agreement, Mexico saw its largest coordinated public opposition to date. Labor unions, campesino groups, indigenous organizations, and left‑wing NGOs staged mass rallies in Mexico City and regional centers, demanding safeguards for workers, agriculture, and national sovereignty. Protesters warned that NAFTA would flood the Mexican market with subsidized U.S. goods, depress wages, and erode labor and environmental standards. The demonstrations prompted the Mexican government to delay ratification, hold public hearings, and incorporate limited labor‑rights language into the final text. Although the agreement was eventually signed in 1993 and implemented in 1994, the 1992 protests highlighted deep social resistance to neoliberal trade reforms."
1993,Waco Siege public fascination,North America,"In February–April 1993, the U.S. Bureau of Alcohol, Tobacco, Firearms and Explosives (ATF) attempted to execute a search warrant at the Mount Carmel Center, a compound near Waco, Texas, belonging to the Branch Davidians, a religious group led by David Koresh. A gunfight left four agents and six followers dead, prompting a 51‑day FBI siege that attracted intense live‑news coverage and public scrutiny. The standoff ended on April 19 when a fire—originating during a tactical assault—consumed the compound, killing 76 people, including Koresh. The dramatic images, televised negotiations, and disputed narratives spurred widespread fascination, fueling debates over government authority, religious freedom, and spawning numerous books, documentaries, and conspiracy theories that continue to shape American discourse."
1994,Zapatista Uprising Mexico,North America,"On 1 January 1994, the Zapatista Army of National Liberation (EZLN), a largely indigenous guerrilla movement, seized several towns in the Mexican state of Chiapas, coinciding with the implementation of NAFTA. The uprising highlighted longstanding grievances over land dispossession, poverty, and political marginalization of the region’s Maya communities. The Mexican government responded with a brief military offensive, then entered negotiations, leading to the San Andrés Accords in 1996, which promised indigenous rights but were only partially implemented. The Zapatistas established autonomous municipalities, maintaining a parallel political and social structure that persists today, influencing broader debates on neoliberal reforms, indigenous autonomy, and civil‑society activism across Latin America."
1995,Oklahoma City bombing mobilization,North America,"On April 19 1995, a truck bomb detonated outside the Alfred P. Murrah Federal Building in Oklahoma City, killing 168 people and injuring over 600. The attack, orchestrated by Timothy McVeigh and Terry Nichols, prompted an unprecedented mobilization of local, state, and federal agencies. First responders—including firefighters, police, and emergency medical teams—rushed to the scene amid massive structural collapse, while the FBI, ATF, and Department of Homeland Security coordinated a massive investigative effort. The incident spurred the largest domestic terrorism response in U.S. history at that time, leading to the rapid identification, arrest, and conviction of the perpetrators and prompting sweeping reforms in building security, emergency preparedness, and anti‑terrorism legislation."
1996,"Million Man March (DC, USA)",North America,"On October 16, 1996, approximately 800,000 African‑American men gathered on the National Mall in Washington, D.C., for the Million Man March, organized by the Nation of Islam’s Minister Louis Farrakhan and supported by various civil‑rights groups. The rally called for personal responsibility, family unity, and an end to violence in Black communities, featuring speeches by Farrakhan, Rev. Al Sharpton, and former President Jimmy Carter. Participants pledged to sign a “Declaration of Principles” and to engage in community service. The event received extensive media coverage, sparked debate over its religious overtones, and influenced subsequent initiatives focused on Black empowerment, voter registration, and urban renewal."
1997,Canada Quebec referendum mobilization,North America,"In 1997, Quebec’s sovereignty movement sustained a vigorous mobilization following the razor‑thin defeat of the 1995 independence referendum. The Parti Québécois and the Bloc Québécois organized a series of rallies, town‑hall meetings, and a province‑wide petition urging the federal government to grant a clear mandate for another vote. Federalist groups, backed by Prime Minister Jean‑Chrétien’s Liberal Party, counter‑mobilized with campaigns emphasizing national unity and the economic risks of separation. The heightened activism shaped the 1997 federal election in Quebec, deepened partisan polarization, and laid the political groundwork for the 1998 Clarity Act, which later defined the conditions for any future referendum."
1998,Monica Lewinsky scandal media frenzy,North America,"In early 1998, the revelation that White House intern Monica Lewinsky had engaged in a sexual relationship with President Bill Clinton sparked a nationwide media frenzy. The scandal began when independent counsel Kenneth Starr obtained Lewinsky’s testimony and a blue‑dress stain, leading to televised hearings and intense newspaper coverage. Clinton denied the affair before later admitting to “inappropriate” conduct, prompting impeachment proceedings in the House of Representatives. The episode dominated U.S. news cycles, fueled partisan debate, and raised questions about privacy, media ethics, and the limits of executive accountability. By the end of the year, the Senate acquitted Clinton, but the scandal left a lasting imprint on American political discourse."
1999,Columbine shooting response,North America,"The April 20, 1999, Columbine High School massacre in Littleton, Colorado, killed 13 people and injured 24, prompting a sweeping national response. Federal and state authorities launched investigations that exposed deficiencies in school security and police coordination, leading to revised active‑shooter protocols and the adoption of threat‑assessment teams. Congress debated, but failed to pass, comprehensive gun‑control legislation, while the event intensified public discourse on bullying, mental‑health services, and media influence. The tragedy spurred the passage of the 1999 Safe Schools Act in several states, increased funding for school resource officers, and inspired widespread drills and emergency‑preparedness programs across the United States. Columbine also became a reference point for subsequent school‑shooting policies and cultural analyses."
2000,Bush-Gore election protests,North America,"Following the November 7, 2000, U.S. presidential election, the razor‑thin margin between Republican George W. Bush and Democrat Al Gore triggered a series of protests across the United States, especially in Florida, Washington, D.C., and other swing‑state locales. Demonstrators from both camps gathered outside county clerk offices, courthouses, and the Supreme Court to demand recounts, ballot reforms, and a fair resolution. The contentious “hanging‑chad” recount process sparked nightly rallies, sit‑ins, and occasional clashes with police. The legal battle culminated in the Supreme Court’s Bush v. Gore decision on December 12, which halted the recount and effectively awarded the presidency to Bush, prompting further public outcry and calls for electoral reform."
2001,9/11 attacks: mass mobilization solidarity,North America,"On September 11, 2001, coordinated terrorist attacks destroyed the World Trade Center towers, damaged the Pentagon, and killed nearly 3,000 people. In the hours and days that followed, the United States experienced an unprecedented wave of civilian mobilization: first‑responders, volunteers, and ordinary citizens converged on the sites to search for survivors, provide medical aid, and clear debris. Nationwide, schools, businesses, and religious institutions organized blood‑drive marathons, collection of supplies, and vigils, while the American flag was displayed on public buildings and private homes as a symbol of unity. This mass solidarity extended to international gestures of support, shaping a collective response that emphasized communal resilience and humanitarian assistance in the immediate aftermath of the attacks."
2002,US: Iraq war build-up protests,North America,"In 2002, as the Bush administration intensified diplomatic pressure on Iraq and prepared a possible military invasion, a wave of anti‑war demonstrations swept the United States. Large rallies in Washington, D.C., New York, San Francisco and other cities—organized by coalitions such as United for Peace and Justice, ANSWER and various faith and student groups—drew tens of thousands of participants demanding an end to the “War on Terror” against Iraq, condemning the alleged weapons‑of‑mass‑destruction narrative, and calling for continued UN inspections. The protests peaked with a massive “World Against War” march in October, featuring speeches from former officials and activists. Although the demonstrations highlighted significant domestic opposition, they failed to halt the U.S. invasion that began in March 2003."
2003,Blackout northeast US/Canada,North America,"On August 14, 2003, a cascading failure in the high‑voltage transmission grid triggered the largest simultaneous power outage in North American history, plunging about 50 million people across the northeastern United States and Ontario, Canada into darkness. The event began when a protective relay on a 345‑kV line in Ohio mis‑operated, causing overloads that tripped additional lines and generators. Within minutes, the Eastern Interconnection lost stability, leading to a blackout that lasted up to two days in some areas. The outage highlighted vulnerabilities in grid management, prompting regulatory reforms, investment in reliability standards, and upgrades to monitoring and emergency response protocols across the region."
2004,Tsunami relief campaigns,North America,"In the wake of the 26‑December 2004 Indian Ocean tsunami, governments, NGOs, and private donors across North America launched coordinated relief campaigns. The United States Agency for International Development (USAID) mobilized emergency funds, deployed disaster‑response teams, and air‑lifted supplies to affected regions, while the Department of Defense provided naval assets for humanitarian assistance. Canada’s International Development Research Centre and the Canadian Red Cross organized nationwide donation drives, sending medical kits, food, and shelter materials. Major charitable organizations such as the American Red Cross, Oxfam, and Save the Children raised billions of dollars through televised telethons and online fundraising. These efforts contributed significantly to immediate rescue operations, reconstruction of schools and homes, and longer‑term health and livelihood programs in Indonesia, Sri Lanka, India, and Thailand."
2005,Hurricane Katrina mass displacement relief,North America,"In August 2005 Hurricane Katrina devastated the Gulf Coast of the United States, breaching levees in New Orleans and flooding over 80 percent of the city. More than one million residents were displaced, creating the largest domestic relocation effort in U.S. history. Federal agencies—primarily FEMA—coordinated with state governments, the National Guard, the American Red Cross, and numerous NGOs to establish emergency shelters, distribute food and water, and provide medical care. Temporary housing was set up in schools, churches, and convention centers, while the Federal Emergency Management Agency later funded trailers and vouchers for long‑term rehousing. The response faced criticism for delayed deployment and logistical failures, prompting reforms in disaster management policy and highlighting the challenges of mass displacement relief on the North American continent."
1985,Brazil: New Republic inauguration,South America,"On 15 March 1985 Brazil marked the formal start of its New Republic when Vice‑President José Sarney was sworn in as president after the death of elected civilian leader Tancredo Neves. The inauguration ended a 21‑year military dictatorship that had ruled since the 1964 coup, restoring civilian governance and initiating a process of democratic consolidation. Sarney’s assumption of office was accompanied by the re‑opening of political parties, the lifting of censorship, and the convening of a constituent assembly that would draft the 1988 constitution. Although the transition faced economic instability and lingering military influence, the 1985 ceremony symbolized Brazil’s return to democratic rule and set the stage for subsequent political reforms."
1986,Chile: Pinochet regime rallies,South America,"In 1986 the authoritarian government of General Augusto Pinochet organized a series of large‑scale pro‑regime rallies across Chile, most notably the “Rally of National Unity” in Santiago. The events featured military parades, speeches by Pinochet and senior officials, and displays of patriotic symbols intended to project popular backing for the dictatorship as opposition movements and international pressure intensified. Attendance was bolstered by state‑coordinated mobilization of supporters, while independent observers and human‑rights groups denounced the gatherings as orchestrated propaganda. The rallies aimed to reinforce the regime’s legitimacy ahead of the 1988 plebiscite that would ultimately decide Pinochet’s continuation in power."
1987,Argentina Mothers of Plaza de Mayo protests,South America,"In 1987 the Mothers of the Plaza de Mayo, a group of women whose children had vanished during Argentina’s 1976‑83 military dictatorship, staged renewed public demonstrations in Buenos Aires’s Plaza de Mayo. Marking the tenth anniversary of the coup, they marched weekly, carrying white scarves and demanding the location of their missing relatives, full accountability for the junta’s crimes, and an end to the 1986 “Full Stop” law that limited prosecutions. Their protests drew national and international media attention, pressured the democratic government of President Raúl Alfonsín to keep the “Trial of the Juntas” records open, and highlighted the ongoing struggle for truth and justice in post‑dictatorship Argentina."
1988,Brazilian anti-inflation marches,South America,"In March 1988, millions of Brazilians took to the streets in the country’s largest anti‑inflation demonstrations since the military era. Organized by trade unions, middle‑class associations and the emerging “Diretas Já” coalition, the marches converged on São Paulo, Rio de Janeiro and other major cities, demanding immediate price controls, wage adjustments and a credible plan to curb hyperinflation that was eroding real wages and savings. Protesters carried banners reading “Fim da inflação” and staged sit‑ins at banks and government offices, pressuring President José Sarney’s administration. The massive civic mobilization forced the government to accelerate economic reforms, leading to the introduction of the Plano Verão in early 1989, which temporarily stabilized the currency but underscored the political volatility of Brazil’s transition to democracy."
1989,Venezuela Caracazo riots,South America,"In February 1989, after President Carlos Andrés Pérez implemented IMF‑mandated austerity measures that sharply raised gasoline and public‑transport fares, spontaneous protests erupted in Caracas and surrounding barrios. Demonstrators clashed with police and military units, leading to widespread looting, arson, and confrontations that spread to other Venezuelan cities. The government responded with a heavy security crackdown, deploying the army and declaring a state of emergency; official death tolls were 300, though independent estimates range up to several thousand, with many arrests and reports of extrajudicial killings. The Caracazo exposed deep socioeconomic discontent, weakened Pérez’s legitimacy, and is widely regarded as a catalyst for the rise of Hugo Chávez and the subsequent Bolivarian Revolution."
1990,Colombia: drug cartel protests,South America,"In 1990, Colombians took to the streets in unprecedented numbers to demand an end to the violence and corruption wrought by the Medellín and Cali drug cartels. Massive rallies in Bogotá, Medellín, and other cities featured cacerolazos—clanging pots and pans—to condemn cartel assassinations of politicians, journalists, and judges, and to protest the government's perceived impotence. Civil society groups, student unions, and religious organizations organized marches, while families of victims displayed photographs of those killed by cartel hitmen. The protests pressured President Virgilio Barco’s administration to intensify extradition agreements with the United States and to launch coordinated police and military operations against cartel leaders, marking a pivotal public backlash against narco‑terrorism."
1991,Peru anti-terrorism mobilizations,South America,"In 1991 Peru intensified nationwide anti‑terrorism mobilizations as President Alberto Fujimori’s government declared a state of emergency to confront the Shining Path insurgency and the MRTA. The military and newly created special police units launched large‑scale operations in the Andean highlands and urban centers, while civilian groups were organized into “national mobilizations” to support security forces and denounce guerrilla violence. These campaigns involved curfews, checkpoints, and mass arrests, leading to significant civilian displacement and documented human‑rights abuses. By the end of the year, the coordinated state and popular actions had weakened the Shining Path’s operational capacity, setting the stage for the decisive 1992 capture of its leader, Abimael Guzmán."
1992,Argentina bombings public response,South America,"In March 1992 a powerful car bomb detonated outside the Israeli embassy in Buenos Aires, killing 29 people—most of them Argentine Jews—and wounding more than 200. The blast provoked nationwide shock and a wave of public demonstrations, with citizens lining streets to mourn the victims, express solidarity with the Jewish community, and demand swift justice. President Carlos Menem condemned the attack, declared a state of emergency, and ordered intensified security measures, while opposition groups criticized the government for inadequate protection and alleged foreign interference. International condemnation followed, and the incident marked a turning point in Argentine public awareness of transnational terrorism and prompted reforms in counter‑terrorism policy."
1993,Bolivia indigenous autonomy movements,South America,"In 1993 Bolivia enacted a series of constitutional reforms that marked the first legal recognition of indigenous self‑government. Under President Gonzalo Sánchez de Lozada, the Law of Indigenous Autonomy (Ley de Autonomías Indígenas) and the broader Law of Popular Participation granted Aymara, Quechua and other native groups the right to establish autonomous territories, manage local resources, and preserve cultural institutions. The legislation responded to growing mobilizations by indigenous organizations, coca‑grower unions, and campesino movements demanding land rights, political inclusion, and protection of traditional practices. While the reforms opened a formal pathway for indigenous political representation, implementation proved uneven, sparking continued protests and laying groundwork for the deeper autonomy debates that culminated in the 2006 constitutional overhaul."
1994,Ecuador agrarian unrest,South America,"In 1994 Ecuador faced widespread agrarian unrest as small‑holder farmers and rural laborers protested against declining crop prices, loss of state subsidies, and slow implementation of land‑reform policies mandated by IMF‑backed structural adjustments. Demonstrations and strikes erupted in the highland provinces and the coastal regions of Guayas and Manabí, where peasants demanded fair market access, debt relief, and protection of communal lands. The government of President Sixto Durán Ballén responded with police deployments, resulting in several clashes and arrests, while also initiating limited concessions such as temporary price supports. The unrest highlighted deep socioeconomic tensions in Ecuador’s agricultural sector and pressured the administration to reconsider its liberalization agenda."
1995,Chile student protests,South America,"In 1995 Chilean secondary and university students launched a nationwide series of strikes and demonstrations demanding greater public funding, reduced tuition, and opposition to the government’s Higher Education Law, which expanded private university enrollment and raised fees. Organized by the Confederación de Estudiantes de Chile (CEC) and regional student unions, protests peaked in August with mass occupations of university campuses in Santiago, Valparaíso, and Concepción, drawing police intervention and several arrests. The movement highlighted lingering inequalities from the Pinochet-era education system and pressured President Eduardo Frei’s administration to negotiate reforms, leading to modest budget increases and the establishment of a parliamentary commission to review higher‑education policy. The 1995 protests set a precedent for larger student mobilizations in the 2000s."
1996,Venezuela: oil privatization unrest,South America,"In 1996 President Rafael Caldera’s administration pursued a controversial plan to privatize portions of the state oil company PDVSA, aiming to attract foreign investment and reduce fiscal deficits. The proposal sparked widespread unrest among PDVSA workers, labor unions, and left‑wing political groups who feared loss of national control over Venezuela’s principal revenue source. Massive strikes, street protests, and occasional clashes with police erupted in Caracas and oil‑producing regions, forcing the government to suspend the privatization measures. The episode deepened public distrust of the political elite, highlighted the volatility of Venezuela’s oil‑dependent economy, and set the stage for the populist surge that brought Hugo Chávez to power a few years later."
1997,Peru: Japanese embassy hostage crisis,South America,"In December 1996 a group of 14 members of the Túpac Amaru Revolutionary Movement (MRTA) seized the Japanese ambassador’s residence in Lima, taking 72 diplomats, government officials and businesspeople hostage, including the Japanese ambassador and Peru’s foreign minister. The crisis lasted 126 days, during which the captors demanded the release of MRTA prisoners and a ransom, while Peru’s government, led by President Alberto Fujimori, pursued a hard‑line stance and negotiated through intermediaries. International pressure mounted, and on 22 April 1997 Peruvian special forces executed Operation Chavín de Huántar, storming the compound, killing all the insurgents and rescuing most hostages, though two hostages died. The event highlighted Fujimori’s authoritarian tactics and intensified Peru’s counter‑insurgency campaign."
1998,Brazil: Landless Workers Movement marches,South America,"In 1998 Brazil’s Landless Workers’ Movement (MST) staged a series of nationwide marches and land occupations that culminated in a massive rally in Brasília. Tens of thousands of land‑less families set up temporary camps on idle estates, demanding comprehensive agrarian reform, redistribution of unused land, and state support for small‑scale agriculture. The protests confronted local police, attracted extensive media coverage, and forced President Fernando Henrique Cardoso’s government to open a national dialogue on land policy. Although the movement did not achieve immediate large‑scale redistribution, the 1998 actions solidified MST’s role as Brazil’s largest social movement, linking rural poverty with broader demands for social justice and influencing subsequent reform debates."
1999,Argentina economic crisis mass protests,South America,"In late 1999, Argentina experienced a wave of mass protests triggered by a deepening economic crisis. The peso's fixed exchange rate, soaring unemployment, and rising poverty under President Carlos Menem's neoliberal reforms sparked public anger. After the December 1999 election of Fernando de la Rúa, labor unions, student groups, and middle‑class citizens took to the streets in Buenos Aires and other cities, demanding wage increases, debt relief, and an end to austerity measures imposed by the International Monetary Fund. The demonstrations often turned into cacerolazo gatherings, with participants banging pots and pans. The protests highlighted the fragility of Argentina’s economy and foreshadowed the severe financial collapse that would erupt in 2001."
2000,Bolivia: Cochabamba Water War,South America,"In early 2000, the Bolivian government granted a 40‑year concession for Cochabamba’s water system to the private consortium Aguas del Tunari, led by U.S. firm Bechtel. The new tariffs, which rose up to 200 % for many households, sparked a broad coalition of residents, labor unions, indigenous groups, and NGOs to organize mass protests, road blockades, and sit‑ins. Clashes with police resulted in injuries and two civilian deaths, prompting a state of emergency. Under intense domestic and international pressure, the government annulled the concession in April 2000, returning water management to public control. The Cochabamba Water War became a landmark episode illustrating the backlash against neoliberal privatization policies in Latin America."
2001,Argentina December protests (economic collapse),South America,"In December 2001 Argentina experienced a sudden economic collapse that triggered nationwide protests. A sharp devaluation of the peso, a sovereign debt default, and the government's “corralito” freeze on bank accounts left millions without access to savings. Unemployment and poverty surged, prompting spontaneous demonstrations, road blockades, and looting in Buenos Aires and other cities. President Fernando de la Rúa declared a state of emergency, but the unrest forced his resignation on 20 December and the appointment of an interim president. The crisis deepened social discontent, led to a series of short‑lived administrations, and marked the beginning of a prolonged recession that reshaped Argentine politics and economics."
2002,Venezuela coup protests,South America,"In April 2002, mass protests erupted in Venezuela as opposition groups and segments of the military attempted to overthrow President Hugo Chávez. Demonstrators seized the presidential palace, and Chávez was detained and briefly replaced by interim president Pedro Gómez. The coup sparked nationwide rallies, with supporters demanding Chávez’s return and opponents calling for his resignation, leading to violent clashes and dozens of deaths. After two days, loyalist military units reinstated Chávez, who denounced the uprising as a “coup d’état.” The episode deepened political polarization, prompted a crackdown on dissent, and set the stage for subsequent protests and a prolonged struggle between the government and opposition forces."
2003,Ecuador: oil pipeline protests,South America,"In 2003 Ecuadorian indigenous groups, environmental NGOs, and local residents mobilized against the construction of a 1,500‑kilometre oil pipeline intended to transport crude from the Amazon basin to the Pacific coast. Led by the Confederation of Indigenous Nationalities of Ecuador (CONAIE), protesters blockaded roads, occupied construction sites, and demanded greater consultation, revenue sharing, and protection of rainforest ecosystems. Police and military forces were deployed, resulting in clashes, arrests, and several injuries. The government declared a state of emergency in affected provinces but ultimately allowed the pipeline’s completion. The protests drew international attention to Ecuador’s extractive policies, spurred legal challenges, and set a precedent for later indigenous resistance to oil projects in the country."
2004,Peru: anti-privatization marches,South America,"In 2004, Peru experienced a wave of mass demonstrations opposing the government's push to privatize key public utilities and natural‑resource concessions. Organized by trade unions, indigenous organizations, student groups and neighborhood committees, the marches converged on Lima and regional capitals, demanding that water, electricity and mining contracts remain under state control. Protesters highlighted fears that privatization would raise prices, reduce access for the poor, and transfer strategic assets to multinational corporations. The rallies, some turning violent with clashes between police and demonstrators, pressured President Alejandro Toledo's administration to suspend several privatization bills and to open a broader public debate on the management of essential services. The episode marked"
2005,Brazil: anti-corruption protests,South America,"In mid‑2005 Brazil erupted in nationwide anti‑corruption protests after the federal police exposed the “Mensalão” scandal, a scheme in which senior members of the ruling Workers’ Party allegedly paid legislators for congressional support. Massive rallies convened in São Paulo, Rio de Janeiro, Brasília and other cities, drawing students, labor unions, religious groups and middle‑class citizens demanding transparency and the resignation of implicated officials. Demonstrators occupied streets, staged sit‑ins at government buildings, and used televised media to amplify calls for judicial investigations. The pressure forced the Chamber of Deputies to open a parliamentary inquiry, leading to the indictment and eventual conviction of several high‑ranking politicians and cementing the protests as a pivotal moment in Brazil’s modern anti‑corruption movement."
1985,Uluru returned to Aboriginal ownership (Australia),Australia/Oceania,"In 1985 the Australian government formally transferred legal ownership of the sacred monolith Uluru (Ayers Rock) and the nearby Kata Tjuta formations to the Anangu traditional owners, marking a watershed moment in Indigenous land‑rights policy. After decades of Aboriginal activism and negotiations, Prime Minister Bob Hawke signed the hand‑over deed on 26 October, and a joint‑management framework was established to balance cultural preservation with tourism. The transfer recognized the Anangu’s spiritual connection to the land, set a precedent for subsequent native title claims, and signaled a broader shift toward reconciliation and recognition of Aboriginal sovereignty within Australia’s legal and political systems."
1986,New Zealand Homosexual Law Reform campaign,Australia/Oceania,"In 1986 New Zealand concluded a nationwide campaign to reform its criminal code regarding male homosexuality. The effort, driven by LGBT activists, the New Zealand AIDS Foundation, and supportive politicians such as Labour MP Fran Wilde, sought to repeal sections of the Crimes Act that criminalised consensual anal intercourse between men. Public rallies, media debates, and lobbying intensified after the 1985 AIDS crisis highlighted discrimination. Parliament passed the Homosexual Law Reform Act on 9 July 1986, decriminalising private consensual sex between men over 16 and establishing anti‑discrimination protections. The legislation marked a pivotal shift in New Zealand’s social policy, aligning the country with emerging global human‑rights norms and prompting further advances for LGBTQ+ rights."
1987,Fiji military coup,Australia/Oceania,"In May 1987 Lieutenant‑Colonel Sitiveni Rabuka led the first of two military coups that toppled Fiji’s newly elected coalition government of Prime Minister Timoci Bavadra, a multi‑ethnic alliance that had defeated the long‑ruling Alliance Party. Citing fears of Indo‑Fijian political dominance, the army seized parliament, suspended the constitution and installed an interim military administration. A second coup on 25 September, again orchestrated by Rabuka, dissolved the interim government, declared Fiji a republic and removed the British monarch as head of state. The coups triggered ethnic polarization, international condemnation, economic sanctions, and led to the 1990 constitution that entrenched indigenous Fijian political supremacy."
1988,Australian bicentennial protests,Australia/Oceania,"In 1988 Australia marked the bicentennial of the First Fleet’s arrival, but the celebrations were met with extensive protests across the nation. Aboriginal activists, supported by environmentalists, left‑wing groups, and some trade unions, organized nationwide demonstrations—including the “Bicentennial March for Aboriginal Sovereignty” in Canberra, blockades of Parliament House and the Sydney Harbour Bridge, and sit‑ins at cultural festivals—to demand recognition of Indigenous land rights, sovereignty, and the legacy of colonisation. Police confrontations led to numerous arrests, and the protests highlighted broader anti‑nuclear and anti‑globalisation sentiments. Although the bicentennial proceeded, the dissent amplified public debate on Indigenous issues and helped set the stage for subsequent legal advances such as the 1992 Mabo decision."
1989,PNG Bougainville uprising,Australia/Oceania,"In 1989 the Bougainville uprising on Papua New Guinea’s mineral‑rich island intensified from earlier mine protests into an armed rebellion. Discontent over environmental damage and revenue sharing from the Panguna copper‑gold mine spurred the formation of the Bougainville Revolutionary Army, which seized key towns and declared independence from PNG. The national government responded by deploying the Papua New Guinea Defence Force, leading to heavy fighting, civilian casualties, and a blockade that crippled the island’s economy. The conflict escalated into a protracted civil war that lasted through the 1990s, ultimately ending with the 2001 Bougainville Peace Agreement, granting the region autonomous status and a future referendum on full independence."
1990,Aboriginal Deaths in Custody protests,Australia/Oceania,"Throughout 1990, Indigenous Australians intensified nationwide protests against the high rate of Aboriginal deaths while in police or prison custody. Sparked by the 1988 Royal Commission into Aboriginal Deaths in Custody and the death of 16‑year‑old John Paterson, demonstrations, marches, and sit‑ins were organized by groups such as the Aboriginal Legal Service, the National Aboriginal Conference, and community elders. Protesters demanded independent investigations, reforms to policing and sentencing, and the implementation of the commission’s 339 recommendations. Major rallies in Sydney, Melbourne, Brisbane and remote communities drew thousands, while some confrontations led to police arrests. The movement pressured state and federal governments to adopt tighter oversight of custodial practices, though many recommendations remained unimplemented."
1991,Pacific Islands cyclone mass migration,Australia/Oceania,"In early 1991 a succession of severe tropical cyclones—most notably Cyclone Val in Fiji and Cyclone Ofa’s lingering effects across Samoa, Tonga, and the Marshall Islands—devastated low‑lying atolls and coastal villages throughout the Pacific. Storm surges, wind damage, and freshwater contamination rendered homes uninhabitable, prompting the displacement of an estimated 30,000 residents. National governments, aided by Australian, New Zealand and UN agencies, organized emergency shelters and initiated relocation programs that moved many families from vulnerable islands to larger islands such as Fiji’s main island, to urban centers in Samoa, and, for the first time in significant numbers, to overseas host communities in Australia and New Zealand. The 1991 cyclone series thus triggered the largest coordinated Pacific‑Island migration response of the decade."
1992,High Court Mabo decision (land rights),Australia/Oceania,"In June 1992 the High Court of Australia delivered its landmark judgment in Mabo v Queensland (No 2), overturning the doctrine of terra nullius that had treated the continent as belonging to no one at the time of British settlement. The Court recognized that the Meriam people of the Torres Strait, represented by Eddie Mabo, held native title to their traditional lands, and that such title could survive colonial acquisition unless extinguished by clear legislation. The ruling mandated the federal government to enact the Native Title Act 1993, establishing a legal framework for Indigenous Australians to claim land rights. The decision reshaped Australian property law, sparked nationwide debate, and marked a pivotal step toward reconciliation with Aboriginal and Torres Strait Islander peoples."
1993,NZ: anti-privatization rallies,Australia/Oceania,"In 1993 New Zealand saw a wave of public demonstrations against the National government’s programme of selling state‑owned enterprises. Trade unions, community groups and opposition Labour activists organized large rallies in Wellington, Auckland and Christchurch, demanding that assets such as the electricity corporation, telecommunications and the recently privatized Bank of New Zealand remain in public hands. Protesters argued the sales would erode social services, increase unemployment and concentrate wealth."
1994,Solomon Islands ethnic unrest,Australia/Oceania,"In 1994, the Solomon Islands erupted into violent ethnic unrest as rival militias from the island of Guadalcanal and the neighboring island of Malaita clashed over land, employment, and political power. Guadalcanal-based groups, fearing Malaitan migration and perceived economic domination, formed the Isatabu Freedom Movement, while Malaitan communities organized the Malaita Eagle Force in response. The conflict escalated into armed raids, arson, and the displacement of thousands, crippling the capital Honiara and straining the national police. By the end of the year, the government declared a state of emergency and sought assistance from regional partners, setting the stage for a prolonged crisis that would later require a multinational peacekeeping intervention."
1995,New Hebrides land protests,Australia/Oceania,"In 1995, Vanuatu (formerly the New Hebrides) experienced a wave of land protests as customary landowners and community groups mobilised against the government’s policy of leasing large tracts of indigenous land to foreign investors for tourism, mining and agricultural projects. Demonstrators, chiefly from rural islands, occupied government offices in Port Vila and staged blockades of proposed development sites, demanding recognition of customary land tenure, greater community participation in lease negotiations, and higher compensation. The unrest prompted the administration to suspend several pending lease agreements and to initiate a review of the 1992 Land Reform Act. Although the protests did not overturn all leases, they heightened public awareness of land rights issues and led to modest reforms in Vanuatu’s land‑lease procedures."
1996,Port Arthur massacre reaction (Australia),Australia/Oceania,"In April 1996, a lone gunman opened fire at the historic Port Arthur tourist site in Tasmania, killing 35 people and wounding 23. The carnage shocked the nation, prompting an unprecedented outpouring of grief and a swift political response. Within weeks Prime Minister John Howard’s government introduced the National Firearms Agreement, which banned semi‑automatic rifles and shotguns, imposed strict licensing, and mandated a buy‑back program that removed roughly 650,000 firearms. Public rallies, a massive fundraising effort for victims, and the emergence of gun‑control advocacy groups cemented the massacre as a turning point in Australian policy, establishing one of the world’s strictest gun‑ownership regimes."
1997,NZ anti-nuclear demonstrations,Australia/Oceania,"In 1997 New Zealand witnessed a series of nationwide anti‑nuclear demonstrations, the largest since the 1980s, as activists rallied against France’s resumed atmospheric testing at Mururoa and the continued presence of US nuclear‑powered vessels in the Pacific. Organized by the Peace Movement and Māori groups, protests converged on Wellington, Auckland and Christchurch, drawing thousands who marched to the French embassy, staged blockades of naval ports, and held candlelit vigils. The demonstrations reinforced New Zealand’s 1987 nuclear‑free legislation, pressured the French government to end testing later that year, and underscored the country’s broader commitment to a nuclear‑free Pacific region."
1998,Aboriginal Reconciliation marches,Australia/Oceania,"In 1998 Aboriginal and Torres Strait Islander groups coordinated a series of nationwide reconciliation marches, most prominently the National Reconciliation Walk that began in Adelaide and culminated in a large rally in Canberra on 26 May. Supported by non‑Indigenous allies, the events drew an estimated 250,000 participants across major cities, demanding formal recognition of Indigenous rights, implementation of the Council for Aboriginal Reconciliation’s recommendations, and a government apology for historic injustices. Protesters highlighted land‑rights, native title, health, education and incarceration disparities. The marches amplified public debate, pressured federal and state governments, and laid groundwork for later policy reforms, including the 2008 national apology to Indigenous Australians."
1999,Timor-Leste independence campaign,Australia/Oceania,"After 24 years of Indonesian occupation, East Timor (Timor‑Leste) held a UN‑supervised independence referendum on 30 August 1999. Over 78 percent of voters chose separation, triggering a coordinated campaign of violence by pro‑Indonesia militias, backed by elements of the Indonesian military, which razed villages, burned infrastructure and displaced hundreds of thousands. In response, the United Nations authorized the International Force for East Timor (INTERFET), led by Australia, to intervene in September, securing key towns and restoring order. INTERFET was succeeded by the UN Transitional Administration in East Timor (UNTAET), which oversaw reconstruction and the establishment of provisional institutions. The campaign culminated in Timor‑Leste’s formal independence on 20 May 2002."
2000,Sydney Olympics mass gatherings,Australia/Oceania,"The 2000 Summer Olympics in Sydney, held from 15 September to 1 October, attracted unprecedented mass gatherings across the Australian continent, with an estimated 6.6 million spectators attending events and the opening ceremony drawing over 1.2 million people to the stadium. The Games showcased 10,651 athletes from 199 nations competing in 300 events, while extensive public viewing sites and transport upgrades facilitated crowd movement. Security operations coordinated over 10,000 police and emergency personnel to manage the dense crowds, and the event spurred significant urban redevelopment in the Darling Harbour and Homebush Bay precincts. The successful handling of these mass gatherings reinforced Sydney’s global reputation and left a lasting legacy of sporting infrastructure and community engagement."
2001,Tampa refugee crisis Australia,Australia/Oceania,"In August 2001 the Norwegian cargo ship MV Tampa rescued 438 asylum seekers, mainly Afghans, from a distressed vessel in international waters near Christmas Island. The Australian government, invoking its newly‑tightened border‑protection policy, refused the ship’s request to dock and ordered it to proceed to international waters, later directing it to Indonesia. The standoff triggered a high‑profile legal battle, culminating in the High Court’s affirmation of the government’s authority to refuse entry. International criticism and domestic protests followed, and the episode prompted the swift passage of the Border Protection (Sea Arrivals) Bill, cementing Australia’s “turn‑back” approach to maritime asylum arrivals, reinforcing the policy."
2002,Bali bombings response,Australia/Oceania,"On Oct 12 2002, twin bombings in Kuta, Bali killed 202 people, including 88 Australians. The Australian government launched consular assistance, repatriated victims, and entered a joint investigation with Indonesian authorities. Prime Minister John Howard sent a delegation, declared a national day of mourning, and tightened security measures for Australians abroad. Australian Federal Police and intelligence agencies provided forensic support, contributing to the capture and prosecution of Jemaah Islamiyah operatives. The tragedy prompted Australia to strengthen counter‑terrorism legislation, deepen regional security cooperation, and establish the Bali Memorial Fund for victims’ families, shaping its foreign‑policy and counter‑terrorism posture in the early 2000s."
2003,Kiribati evacuation climate crisis,Australia/Oceania,"In 2003 the Republic of Kiribati, confronting accelerating sea‑level rise that was inundating its atolls, launched its first government‑backed climate‑induced relocation effort. With funding from the United Nations Development Programme and technical assistance from New Zealand and Fiji, a pilot scheme moved a small cohort of vulnerable families from the low‑lying island of Tarawa to temporary housing in Fiji for training and resettlement planning. The program was presented at the United Nations as evidence that some island states might need to evacuate populations, prompting wider diplomatic debate on climate migration and leading to subsequent agreements with New Zealand for future relocation pathways. The 2003 evacuation marked the earliest organized response to a climate‑driven displacement threat in Oceania."
2004,NZ: Foreshore and Seabed protests,Australia/Oceania,"In 2004 the New Zealand Labour government enacted the Foreshore and Seabed Act, which declared the coastal strip and seabed public property and effectively nullified Māori claims to customary ownership. The legislation sparked nationwide protests, including large rallies in Wellington and Auckland, occupations of Parliament grounds, and a series of road blockades led by iwi (tribal) groups. Māori activists argued the law breached the Treaty of Waitangi and threatened cultural and economic rights. The controversy prompted the formation of the Māori Party, which entered Parliament in the 2005 election, and led to a series of legal challenges that ultimately resulted in the 2011 Marine and Coastal Area (Takutai Moana) Act, which replaced the 2004 law with a more nuanced co‑management framework."
2005,Cronulla riots (Australia),Australia/Oceania,"On 11–12 December 2005, a series of violent confrontations erupted on Sydney’s southern beaches, primarily at Cronulla, between groups of Anglo‑Australian youths and men of Lebanese and other Middle‑Eastern backgrounds. The clashes were sparked by a prior incident in which a group of beachgoers filmed and harassed a group of Lebanese teenagers, leading to a social‑media call for “reclaiming” the beach. Over two nights, mobs of up to several hundred people engaged in assaults, property damage, and arson, while police deployed officers in riot gear and made dozens of arrests. The riots highlighted rising racial tensions, prompted a national debate on multiculturalism and law‑and‑order policies, and resulted in subsequent community outreach programs and stricter anti‑riot legislation in New South Wales."
2005,Ethiopia election protests,Africa,"In May 2005 Ethiopia held its first multiparty parliamentary elections, but the ruling Ethiopian People’s Revolutionary Democratic Front (EPRDF) was accused of widespread fraud. Opposition parties, notably the Coalition for Unity and Democracy, organized mass protests in Addis Ababa and other cities after the June announcement that the EPRDF retained a dominant majority. Demonstrators demanded transparent results and the release of detained leaders; security forces responded with tear gas, beatings, and live ammunition. Over the ensuing weeks at least three dozen protesters were killed, hundreds injured, and dozens of opposition figures were arrested or placed under house arrest. International observers, including the EU and the Carter Center, reported significant irregularities, marking the 2005 election protests as a pivotal moment of political tension in Ethiopia."
2006,DRC elections: mass mobilization,Africa,"In 2006 the Democratic Republic of Congo held its first multi‑party presidential and parliamentary elections since 1960, prompting an unprecedented mass mobilization of voters across a war‑torn country. Over 30 million citizens, many traveling long distances on foot, registered and turned out, supported by a massive UN‑MONUC security operation that opened polling stations in remote, conflict‑prone regions. The election pitted incumbent President Joseph Kabila against opposition leader Jean‑Pierre Bemba and was overseen by the Independent Electoral Commission and international observers who deemed the vote largely free despite isolated incidents of intimidation and violence. Kabila’s victory was confirmed in October, marking a tentative step toward political stability, though sporadic rebel attacks and disputed results continued to threaten peace."
2007,Kenya: election violence/mass movement,Africa,"After the December 2007 presidential vote, Kenya’s electoral commission declared incumbent Mwai Kibaki the winner over opposition leader Raila Odinga. Immediate accusations of vote‑rigging sparked nationwide unrest, with Kikuyu‑aligned supporters of Kibaki confronting Luo and Kalenjin communities backing Odinga. Over the next weeks, ethnic clashes, looting, arson and systematic sexual violence left more than 1,000 people dead and displaced roughly 600,000. The crisis paralyzed the capital, Nairobi, and spread to the Rift Valley and western provinces. International mediators, led by former UN Secretary‑General Kofi Annan, brokered a power‑sharing deal in February 2008, creating a coalition government that appointed Odinga as prime minister and initiated reforms of Kenya’s electoral and judicial institutions."
2008,Zimbabwe election crisis,Africa,"In March 2008 Zimbabwe held a presidential election that quickly descended into a political crisis. Incumbent President Robert Mugabe’s ZANU‑PF party claimed a narrow first‑round lead, while opposition leader Morgan Tsvangirai of the Movement for Democratic Change reported a clear majority, prompting both sides to dispute the official results. The Electoral Commission delayed the announcement, and widespread reports of intimidation, violence, and irregularities emerged. International observers, including the Southern African Development Community, condemned the process, and the United Nations called for a credible recount. After a runoff was scheduled for June, Tsvangirai withdrew, citing fear of further bloodshed, leaving Mugabe to win a second term amid sanctions and heightened domestic unrest."
2009,Boko Haram uprising (Nigeria),Africa,"In July 2009, the Islamist group Boko Haram erupted into open rebellion in Nigeria’s northeastern city of Maiduguri after police detained and killed its founder, Mohammed Yusuf. The ensuing clashes left dozens dead and sparked a broader insurgency as the group launched attacks on police stations, government buildings, churches and schools, targeting civilians and security forces. The Nigerian military responded with a heavy crackdown, arresting thousands and imposing curfews, while the violence displaced thousands of residents. Although the uprising was initially contained, it marked the beginning of a protracted conflict that would expand across the Lake Chad basin, leading to years of insurgent attacks, humanitarian crises, and regional security concerns."
2010,Egypt: anti-Mubarak youth activism,Africa,"In 2010, Egyptian youth increasingly mobilized against President Hosni Mubarak's regime, using social media and street actions to voice grievances over unemployment, police brutality, and electoral fraud. The April 6 Youth Movement, revived after the 2008 Gaza war, organized demonstrations following the June parliamentary elections, which were widely denounced as rigged. Police dispersals in Cairo’s Tahrir Square and in Alexandria sparked further online campaigns, while groups such as Kefaya and the National Association for Change coordinated petitions and sit‑ins. These activities broadened networks of dissent, attracted middle‑class professionals, and set the organizational groundwork that would later fuel the mass protests of the January 2011 uprising."
2011,Arab Spring Egypt protests,Africa,"In January 2011, millions of Egyptians took to streets across Cairo, Alexandria, Suez and other cities demanding an end to President Hosni Mubarak’s three‑decade rule, citing police brutality, unemployment and corruption. The protests, sparked by the self‑immolation of Tunisian street vendor Mohamed Bouazizi and coordinated through social media, grew into the largest sustained popular uprising in modern Egypt. Security forces responded with live fire and mass arrests, while demonstrators erected a 24‑hour occupation of Tahrir Square. After 18 days of escalating pressure, Mubarak resigned on 11 February, transferring power to the Supreme Council of the Armed Forces, which pledged a transition to civilian rule."
2012,Mali coup & Tuareg movement,Africa,"In March 2012, a faction of Malian soldiers led by Captain Amadou Sanogo seized the capital Bamako, forcing President Amadou Toumani Touré to resign and exposing deep military discontent over the handling of a long‑standing Tuareg insurgency. Simultaneously, the National Movement for the Liberation of Azawad (MNLA), a secular Tuareg militia, intensified its rebellion in the north, briefly declaring the independent state of Azawad in April. Within weeks, Islamist groups such as Ansar Dine and Al‑Qaïda in the Islamic Maghreb overran MNLA positions, imposing strict Sharia law and threatening regional stability. The coup and ensuing power vacuum prompted a UN‑mandated African-led International Support Mission, and in early 2013 France launched Operation Serval to retake northern towns, restoring Malian control but leaving lingering security and political challenges."
2013,South Sudan civil war mass flows,Africa,"In December 2013, political rivalry between President Salva Kiir and Vice President Riek Machar ignited a civil war in South Sudan, rapidly devolving into ethnic violence between Dinka and Nuer communities. Fighting shattered infrastructure and prompted widespread insecurity, forcing millions to flee. By 2014, over two million people were internally displaced, while an estimated 400,000 South Sudanese sought refuge in neighboring Uganda, Sudan, Ethiopia, Kenya, and the Democratic Republic of Congo. Humanitarian corridors were repeatedly disrupted, and aid agencies struggled to reach the displaced amid ongoing clashes and road blockades. The mass flows created one of the world’s largest displacement crises, straining regional resources and prompting multiple UN‑led peace initiatives that sought to halt the humanitarian catastrophe."
2014,"Ebola outbreak, West Africa",Africa,"Beginning in March 2014, a novel Ebola virus strain spread rapidly through Guinea, Liberia, and Sierra Leone, eventually reaching neighboring countries and causing isolated cases in Europe and the United States. Weak health infrastructures, dense urban settlements, and traditional burial practices facilitated transmission, leading to over 28,000 confirmed infections and more than 11,000 deaths by the end of 2015. International response escalated from WHO alerts to large‑scale deployments of Médecins Sans Frontières, the U.S. Centers for Disease Control, and United Nations humanitarian teams, who established treatment centers, contact‑tracing programs, and community education campaigns. The crisis exposed systemic gaps in global health security, prompted reforms in epidemic preparedness, and accelerated development of experimental vaccines and therapeutics."
2015,Burkina Faso popular uprising,Africa,"In September 2015, Burkina Faso’s fragile transition after the 2014 ouster of President Blaise Compaoré was threatened when the Regiment of Presidential Security (RSP), a force loyal to the former president, seized the capital Ouagadougou and announced a coup. Within days, widespread popular protests erupted across cities, with citizens, trade unions, religious leaders, and civil‑society groups demanding a return to civilian rule. International pressure and the inability of the RSP to secure broader support forced the coup leaders to relinquish power, allowing the interim president Michel Kafando and prime minister Yacouba Isaac Zida to resume authority. The uprising reinforced Burkina Faso’s commitment to democratic transition and highlighted the decisive role of mass mobilization in curbing military interference."
2016,Ethiopian Oromo protests,Africa,"In late 2015 and throughout 2016, large‑scale protests erupted across Ethiopia’s Oromia region, driven by opposition to the government’s Addis Ababa Integrated Master Plan, perceived land grabs, and long‑standing political marginalisation of the Oromo majority. Demonstrations began peacefully in November 2015 but intensified after a police raid on a protest in April 2016, which left dozens dead and hundreds injured. The state responded with mass arrests, internet shutdowns, and a nationwide security crackdown, prompting a state of emergency in October. The unrest spread to other cities, amplified calls for democratic reforms, the release of political prisoners, and an end to ethnic discrimination, setting the stage for subsequent political transitions in Ethiopia."
2017,Nigeria: #EndSARS protests,Africa,"In October 2017, Nigerian youths and civil‑society groups launched the #EndSARS campaign to demand the disbandment of the Special Anti‑Robbery Squad (SARS), a police unit accused of extrajudicial killings, extortion, and torture. Demonstrations began in Lagos and quickly spread to Abuja, Port Harcourt, and other urban centers, with protesters using social media hashtags, street rallies, and sit‑ins at police headquarters. The government responded by announcing a temporary suspension of SARS and promising reforms, while security forces deployed to contain the protests, resulting in several arrests and reports of violence. Although the unit was later restructured, the 2017 movement laid the groundwork for larger nationwide protests in 2020, cementing #EndSARS as a symbol of broader demands for police accountability and human‑rights protection in Nigeria."
2018,Sudanese bread price protests,Africa,"In March 2018, Sudan's government abruptly lifted subsidies on wheat flour, causing a sharp rise in the price of basic bread, a staple for most citizens. The sudden increase sparked spontaneous demonstrations in Khartoum, Omdurman, and other towns, where market vendors, students, and workers gathered to demand the reinstatement of subsidies and an end to corruption. Security forces responded with tear gas and live ammunition, resulting in dozens of injuries and several deaths. The protests, though initially focused on bread prices, quickly broadened into wider grievances against President Omar al‑Bashir’s regime, setting the stage for the massive anti‑government uprising that erupted in late 2018 and culminated in the president’s removal in April 2019."
2019,Sudan Revolution,Africa,"Beginning in December 2018, Sudan erupted in nationwide protests against soaring bread prices, quickly expanding into a broader demand to end President Omar al‑Bashir’s three‑decade rule. Massive demonstrations in Khartoum, Omdurman and other cities forced the military to depose Bashir in April 2019 and install a Transitional Military Council. Civilian groups, notably the Forces for Change, organized a sustained sit‑in at the army headquarters; the June 3 crackdown, which killed dozens, drew international condemnation. Persistent pressure led to negotiations between the council and opposition leaders, culminating in an August 2019 power‑sharing deal that created a mixed civilian‑military Sovereign Council and set a timetable for democratic elections. The Sudan Revolution marked a pivotal, largely peaceful transition effort in the country’s modern history."
2020,COVID-19 pandemic response Africa-wide,Africa,"In early 2020 COVID‑19 reached Africa with the first confirmed case in Egypt, quickly spreading to South Africa, Nigeria, Kenya and dozens of other nations. Governments imposed nationwide lockdowns, curfews, border closures and mask mandates, while the African Union mobilised the Africa Centres for Disease Control and Prevention to launch a continent‑wide joint strategy that coordinated testing, contact tracing, procurement of personal protective equipment and public‑health messaging. Many states declared emergencies, redirected health budgets, and sought financial aid from the International Monetary Fund and World Bank. Despite limited laboratory capacity and large informal economies, the coordinated response slowed early transmission, highlighted gaps in health infrastructure, and set the groundwork for later vaccine‑distribution initiatives."
2021,Nigeria Twitter ban reactions,Africa,"In June 2021 the Nigerian government ordered a nationwide suspension of Twitter, citing the platform’s alleged violation of the country’s laws after it removed a post by President Muhammadu Buhari about the #EndSARS protests. The decree blocked access for users, halted advertising revenue, and prompted protests in Lagos and Abuja, as well as legal challenges that culminated in a Lagos High Court ruling that the ban was unconstitutional. Internationally, the United States, European Union, United Nations and several tech firms condemned the action and warned of economic repercussions. After two months of pressure, the government lifted the suspension in early July following the court’s decision, restoring the service while continuing to monitor online content."
2022,Kenya presidential election social media surge,Africa,"In August 2022 Kenya held a tightly contested presidential election, prompting an unprecedented surge of activity on social‑media platforms. Deputy President William Ruto, opposition leader Raila Odinga, and several smaller candidates mobilized supporters through Twitter, Facebook, TikTok and WhatsApp, using hashtags such as #Ruto2022 and #Raila2022. The digital campaign amplified youth engagement, diaspora voting, and real‑time election monitoring, but also spread misinformation and sparked coordinated harassment. Online discourse intensified after the Aug 9 poll, when the electoral commission announced Ruto’s victory; Odinga filed petitions alleging irregularities, leading to a high‑profile Supreme Court challenge. The episode highlighted the growing influence of social media on Kenyan politics and the attendant risks of digital manipulation in African elections."
2023,Somali drought migration crisis,Africa,"In 2023 Somalia experienced one of its worst droughts in decades, with failed rains across the south‑central regions drying up rivers, wells and grazing lands. The loss of livestock and crops pushed more than one million people to abandon their homes, creating a massive internal displacement wave and prompting cross‑border movement into Kenya, Ethiopia and, via the Gulf of Aden, Yemen. United Nations agencies and NGOs warned that over 4 million Somalis faced acute food insecurity, while humanitarian funding lagged behind needs. Insecurity from al‑Shabaab and limited road access hampered aid delivery, and the crisis highlighted the growing impact of climate variability on the Horn of Africa’s fragile societies."
2024,Congolese social media anti-corruption protests,Africa,"In early 2024 a wave of anti‑corruption protests swept the Democratic Republic of Congo after viral social‑media campaigns exposed alleged embezzlement of mining royalties and misallocation of public funds. Youth activists and civil‑society groups used Twitter, Facebook and TikTok to share leaked contracts and demand accountability, prompting mass rallies in Kinshasa, Lubumbashi and several provincial towns. Security forces responded with dispersals, curfews and the arrest of prominent online figures, while the government announced the formation of a parliamentary anti‑corruption commission and pledged audits of mining concessions. International observers condemned the crackdown on digital dissent. The protests underscored public anger over opaque management of cobalt revenues and delayed salaries, leaving the political climate tense ahead of the scheduled elections."
2025,African Games mass participation,Africa,"In 2025 the African Games, staged in Nairobi, Kenya, recorded the largest athlete turnout in the event’s history, with over 8,000 participants from 54 nations, including a record 1,200 para‑athletes competing across 30 sports. The program expanded to feature e‑sports, skateboarding, and traditional African martial arts, reflecting a continental push to modernize the Games and attract youth audiences. Host‑nation infrastructure projects—new stadiums, upgraded transport links, and renewable‑energy powered venues—were completed ahead of schedule, showcasing Kenya’s growing capacity for large‑scale events. The Games also served as a diplomatic platform, with several regional bodies using the opening ceremony to reaffirm commitments to African unity, gender equity in sport, and collaborative anti‑doping measures."
2005,Kashmir earthquake—mass relief mobilization,Asia,"On 8 October 2005 a magnitude‑7.6 earthquake struck the Pakistan‑administered region of Kashmir and adjoining Khyber Pakhtunkhwa, killing over 86,000 people, injuring roughly 69,000 and leaving an estimated 3 million homeless. The disaster triggered one of the largest humanitarian responses in South Asia: the Pakistani military and civil authorities established emergency camps, coordinated air‑lift operations, and distributed food, water and medical supplies. The United Nations, Red Crescent societies, international NGOs, and donor governments mobilized funds, personnel and relief kits, while the Pakistani diaspora organized large‑scale fundraising. Within weeks, relief convoys and field hospitals were operating across the devastated districts, marking a massive, multi‑layered relief mobilization that reshaped disaster‑response protocols in the region."
2006,Nepal pro-democracy uprisings,Asia,"In early 2006 Nepal experienced the Loktantra Andolan, a nationwide pro‑democracy movement that combined street protests, strikes, and civil disobedience by opposition parties, civil society groups, and the Maoist insurgency. Demonstrators demanded the restoration of parliamentary rule and an end to King Gyanendra’s direct rule, which had been imposed in 2005. Massive rallies in Kathmandu and other cities pressured the monarchy, leading the king to announce the reinstatement of the dissolved House of Representatives on 24 April 2006. The movement paved the way for the Comprehensive Peace Accord signed in November 2006, formally ending a decade‑long civil war and initiating Nepal’s transition toward a federal democratic republic."
2007,Myanmar “Saffron Revolution” protests,Asia,"In August 2007, Myanmar’s Buddhist monastic community sparked a nationwide uprising known as the Saffron Revolution after the military junta abruptly lifted fuel subsidies, causing sharp price hikes and widespread hardship. Monks in saffron robes led peaceful marches in Yangon, Mandalay and other cities, joined by students, activists and ordinary citizens demanding economic relief and political reform. The regime responded with a harsh crackdown, deploying police and security forces, arresting thousands of monks and demonstrators, and using tear gas and live ammunition. International condemnation grew, leading to limited sanctions and diplomatic pressure, while the protests were eventually dispersed by late September, leaving the junta in power but exposing deep societal discontent."
2008,Beijing Olympics mass gatherings,Asia,"During the 2008 Beijing Summer Olympics, unprecedented mass gatherings unfolded across the city and the nation. Over 100,000 spectators filled the iconic Bird’s Nest stadium for the opening ceremony, while streets surrounding venues were lined with cheering crowds and organized fan zones. Simultaneously, large‑scale demonstrations occurred, including pro‑democracy protests in Hong Kong and sporadic anti‑government rallies in mainland cities, prompting heightened security measures. The Chinese government deployed tens of thousands of police and military personnel to manage both celebratory audiences and dissent, resulting in extensive surveillance and temporary restrictions on public assembly. The events highlighted China’s desire to showcase its global stature while exposing underlying political tensions."
2009,"Xinjiang unrest, China",Asia,"In July 2009, the Xinjiang Uyghur Autonomous Region of China experienced a wave of ethnic unrest that began with a protest in the regional capital, Ürümqi, after a Uyghur worker was accused of stabbing a Han Chinese colleague. Demonstrations quickly escalated into violent clashes between Uyghur and Han participants, spreading to other cities such as Kashgar and Karamay. Over the course of several days, the riots left at least 197 people dead, more than 1,700 injured, and thousands detained. The Chinese government responded with a massive security deployment, internet shutdowns, and a crackdown on Uyghur activists, while also tightening surveillance and restricting religious practices. The incident heightened domestic and international scrutiny of Beijing’s policies toward its Muslim minority and underscored longstanding ethnic tensions in the region."
2010,Bangkok Red Shirts protests,Asia,"In April 2010, supporters of former Prime Minister Thaksin Shinawatra, known as the Red Shirts (United Front for Democracy Against Dictatorship), gathered in Bangkok to demand the dissolution of the 2007 constitution and new elections. The movement, numbering up to 200,000 participants, occupied central avenues and the Government House, confronting police and military forces. Clashes peaked on May 13 when security forces launched a crackdown, resulting in at least 25 civilian deaths, dozens of injuries, and widespread arrests. The protests highlighted deep political polarization between rural‑based pro‑Thaksin factions and the establishment‑aligned Yellow Shirts, and they set the stage for subsequent coups and ongoing instability in Thailand."
2011,"Fukushima disaster response, Japan",Asia,"Following the magnitude‑9.0 Tōhoku earthquake and ensuing tsunami on 11 March 2011, the Fukushima Daiichi nuclear power plant suffered core meltdowns, hydrogen explosions, and massive radioactive releases. The Japanese government declared a nuclear emergency, ordered the evacuation of over 150,000 residents within a 20‑kilometre radius, and mobilized the Self‑Defense Forces, TEPCO crews, and international experts to stabilize reactors, vent containment vessels, and inject cooling water. Emergency shelters, food distribution, and health monitoring were organized nationwide, while the International Atomic Energy Agency and foreign technicians provided technical assistance. By summer, temporary exclusion zones were delineated, decontamination of soil and infrastructure began, and new nuclear safety regulations were enacted, shaping Japan’s long‑term disaster‑response and energy policies and ongoing health surveillance for affected populations."
2012,India anti-corruption (Anna Hazare movement),Asia,"In 2012, Indian social activist Anna Hazare led a nationwide anti‑corruption movement demanding the passage of a strong Lokpal (ombudsman) law. Beginning with a 12‑day hunger strike at Delhi’s Jantar Mantar, Hazare’s call for a Jan Lokpal Bill—an independent body with powers to investigate and prosecute public officials—galvanized millions, prompting mass rallies, social media campaigns, and support from diverse political parties and civil society groups. The movement pressured the United Progressive Alliance government to draft a Lokpal bill, though negotiations over its scope caused internal splits and criticism. While the original Jan Lokpal proposal was not adopted, the protests forced the passage of the Lokpal and Lokayuktas Act in 2013, marking a significant moment in India’s fight against systemic corruption."
2013,Bangladesh Shahbag protests,Asia,"In February 2013, Bangladesh’s Shahbag district became the focal point of massive, largely student‑led demonstrations demanding the death penalty for Abdul Quader Molla and other senior leaders of the Jamaat‑E‑Islami party convicted of war crimes from the 1971 Liberation War. Protesters occupied the Shahbag intersection, organized nightly rallies, and used social media to mobilize millions, calling for swift execution of the International Crimes Tribunal’s verdicts and broader accountability for alleged collaborators. The movement sparked counter‑protests by Islamist groups, leading to clashes, arrests, and a heightened political debate over secularism, freedom of expression, and the role of the judiciary. The Shahbag protests marked a significant moment in Bangladesh’s post‑war reconciliation and civil‑society activism."
2014,Hong Kong Umbrella Movement,Asia,"In September 2014, Hong Kong's pro‑democracy activists launched the Umbrella Movement, a series of peaceful sit‑ins and occupations of major thoroughfares such as Admiralty, Causeway Bay and Mong Kok. The protests demanded genuine universal suffrage for the 2017 Chief Executive election, rejecting a Beijing‑backed proposal that would allow only pre‑screened candidates. Hundreds of thousands of students, civil society groups and ordinary citizens joined, using umbrellas to shield themselves from police pepper spray and rain, a symbol that gave the movement its name. Police employed tear gas, batons and arrests, but the demonstrators maintained a largely non‑violent stance for 79 days. Although the movement did not achieve immediate electoral reform, it reshaped Hong Kong's political discourse, inspired subsequent activism, and heightened international attention on the city's autonomy under the “one‑country, two‑systems” framework."
2015,Nepal earthquake mass mobilization,Asia,"On 25 April 2015 a magnitude‑7.8 earthquake struck central Nepal, killing over 9,000 people, injuring tens of thousands and destroying more than half a million homes. The disaster triggered an unprecedented mass mobilization: Nepali citizens formed spontaneous rescue teams, cleared rubble, and distributed food and water; the Nepalese Army, police and civil‑service agencies coordinated large‑scale relief operations. International NGOs, UN agencies and foreign governments dispatched aid, medical teams, and engineering assistance. The crisis also spurred nationwide protests demanding faster reconstruction, transparent use of donor funds, and stricter building codes, pressuring the coalition government to accelerate policy reforms. By the end of 2015, coordinated domestic and global efforts had delivered billions of dollars in assistance and laid the groundwork for long‑term recovery."
2016,South Korean mass protests (Park impeachment),Asia,"In late 2016, South Korea experienced unprecedented candlelight demonstrations demanding the removal of President Park Geun‑hye after revelations that her confidante Choi Soon‑sil had illicitly accessed state documents and extorted donations from conglomerates. Beginning in October, millions gathered peacefully in Seoul’s Gwanghwamun Plaza and other cities, chanting for accountability and an end to corruption. The protests pressured the National Assembly to vote overwhelmingly for impeachment on 9 December 2016. Although Park remained in office pending a Constitutional Court ruling, the sustained public pressure underscored the power of South Korean civil society and set the stage for her eventual removal in March 2017."
2017,Rohingya crisis—mass exodus Myanmar,Asia,"In August 2017, a coordinated military crackdown by Myanmar’s armed forces and local Buddhist militias in Rakhine State targeted the Rohingya, a Muslim minority denied citizenship. Airstrikes, ground operations, and reports of extrajudicial killings, arson, and sexual violence forced over 700,000 Rohingya to flee across the border into Bangladesh, creating the largest refugee movement in Asia since the 1990s. The United Nations and human‑rights groups labeled the actions as ethnic cleansing, prompting international condemnation and limited diplomatic pressure on Nay Pyi Taw. Bangladesh established temporary camps in Cox’s Bazar, while the crisis strained regional relations and highlighted longstanding statelessness and discrimination against the Rohingya."
2018,"Women’s rights protests, Iran",Asia,"In 2018 Iranian women staged a series of public and online protests challenging the state‑enforced hijab and broader gender restrictions. The “White Wednesday” campaign encouraged women to wear white headscarves or remove them in public, while activists posted videos on platforms such as “My Stealthy Freedom” to document voluntary unveiling. Demonstrations erupted in Tehran, Mashhad and other cities, often met with police raids that led to the arrest of hundreds of women for “indecent behavior.” The movement also pressured authorities to ease some regulations, resulting in a modest policy shift that allowed women limited access to sports stadiums. International human‑rights groups highlighted the crackdowns, and the 2018 protests marked a notable escalation in Iran’s contemporary women’s‑rights activism."
2019,Hong Kong democracy protests,Asia,"In 2019, Hong Kong experienced a series of mass protests sparked by a proposed extradition bill that would have allowed suspects to be sent to mainland China for trial. Demonstrators, organized by a loose coalition of pro‑democracy groups, demanded the bill’s withdrawal, police accountability, and broader democratic reforms, including universal suffrage. The movement escalated into weekly marches, sit‑ins at the airport and legislative council, and clashes with police employing tear gas, rubber bullets, and arrests. The government eventually suspended the bill, but protests continued, expanding into a broader challenge to Beijing’s influence. The unrest drew international attention, prompted diplomatic statements, and left a lasting impact on Hong Kong’s political landscape."
2020,Delhi riots India,Asia,"During February 2020, communal violence erupted in Delhi, India, primarily in the Northeast districts of Kashmere Gate, Jamia Nagar and Mangolpuri. The clashes followed nationwide protests against the Citizenship Amendment Act and the proposed National Register of Citizens, and pitted Hindu nationalist groups against Muslim residents. Over a week of rioting, at least 53 people were killed, more than 200 injured, and dozens of homes, shops and places of worship were torched or looted. Police imposed curfews, deployed the army, and instituted an internet shutdown, while human‑rights groups criticised excessive force and delayed response. Hundreds of arrests were made, and several judicial inquiries were launched to investigate the causes and accountability for the unrest."
2021,Myanmar coup mass resistance,Asia,"In February 2021 Myanmar’s military, the Tatmadaw, seized power by detaining elected leader Aung San Suu Kyi and other members of the National League for Democracy, claiming election fraud. The coup sparked a nationwide civil disobedience movement (CDM) that quickly grew into mass resistance, with doctors, teachers, civil servants, and millions of citizens refusing to work under military rule. Street protests erupted in major cities such as Yangon, Mandalay, and Naypyidaw, often met with lethal force, arbitrary arrests, and internet blackouts. Parallel to the CDM, ethnic armed groups intensified clashes with the army, while a shadow government, the National Unity Government, sought international recognition. By the end of 2021, the resistance had forced the military into prolonged unrest, drawing global condemnation and sanctions."
2022,Shanghai lockdown/viral videos,Asia,"In March 2022 Shanghai entered a city‑wide “zero‑COVID” lockdown, sealing off roughly 25 million residents for over two months. Residents were confined to their apartments, while mass testing, roadblocks, and curfews limited movement. The abrupt restrictions caused acute shortages of food, medicine and daily necessities, prompting long queues at ration points and confrontations with police. Viral videos captured scenes of empty supermarket shelves, residents singing from balconies, and heated exchanges with officials, spreading worldwide on platforms such as TikTok and Weibo. International media highlighted the humanitarian strain and the Chinese government’s tight information control. By early June, authorities began easing the lockdown, shifting to targeted testing—a move that foreshadowed China’s later abandonment of its strict zero‑COVID policy."
2023,India wrestlers’ protest movement,Asia,"In early 2023, Indian wrestlers launched a nationwide protest after the arrest of Wrestling Federation of India chief Brij Bhushan Sharan Singh on charges of sexual harassment filed by a female athlete. Wrestlers staged sit‑ins at the Sports Ministry, blocked major highways, and organized hunger strikes demanding a transparent investigation, the removal of implicated officials, and stronger safeguards for athletes. The movement garnered support from other sports bodies, opposition parties, and civil‑society groups, prompting a parliamentary debate and the government’s decision to order a Central Bureau of Investigation probe. The protests highlighted longstanding concerns over abuse and governance in Indian sports, leading to heightened scrutiny of the federation and calls for systemic reforms."
2024,Indonesian presidential election mass rallies,Asia,"In February 2024 Indonesia held a highly contested presidential election, prompting massive rally gatherings across the archipelago. Supporters of former‑military commander Prabowo Subianto and Jakarta governor Ganjar Pranowo convened in stadiums, public squares and university campuses, drawing crowds that often exceeded tens of thousands. The rallies featured speeches, live music, and extensive use of social‑media livestreams, while authorities deployed police and security forces to manage crowd control and prevent clashes. Minor incidents of violence and arrests were reported, particularly in Jakarta and Surabaya, but the overall atmosphere remained largely peaceful. Voter turnout reached a record high, and the election concluded with Prabowo’s narrow victory, marking a significant transition in Indonesia’s democratic trajectory."
2025,Tokyo Expo mass participation,Asia,"In 2025 the World Expo, officially Expo 2025, opened in Osaka with the theme “Designing Future Society for Our Lives.” Tokyo became a central mobilization hub, channeling millions of domestic and international visitors via expanded Shinkansen services, high‑capacity buses, and dedicated airport routes. Mass participation events—city‑wide exhibitions, cultural performances, and interactive technology showcases—drew record crowds, pushing total Expo attendance past 28 million, the highest in Expo history. The influx accelerated Japan’s infrastructure upgrades, highlighted sustainable urban design, and fostered extensive cultural exchange between Japanese regions and participating nations, cementing the Expo as a landmark moment of pan‑Asian public engagement."
2005,London bombings aftermath,Europe,"In the weeks and months after the 7 July 2005 coordinated suicide bombings on London’s transport network, British authorities launched extensive emergency responses, securing the city, conducting forensic investigations, and arresting several suspects linked to Islamist extremist networks. The attacks, which killed 52 civilians and injured over 700, prompted a national security review, leading to increased police powers, expanded CCTV surveillance, and the introduction of the Terrorism Act 2006. Public vigils and memorial services fostered a climate of solidarity, while community outreach programs aimed to counter radicalisation among British Muslims. The incident also sparked debates in Parliament over civil liberties, immigration policy, and the United Kingdom’s involvement in overseas conflicts."
2006,Denmark cartoons protests across Europe,Europe,"In early 2006, the publication of Muhammad cartoons by Denmark’s Jyllands‑Posten newspaper ignited a wave of protests across Europe, spreading from Copenhagen to cities in Norway, Sweden, the United Kingdom, France, Germany and beyond. Demonstrators—often organized by Muslim groups—ranged from peaceful rallies demanding respect for Islamic beliefs to violent clashes that targeted Danish embassies, cultural centers and media outlets, resulting in property damage, injuries and several arrests. European governments grappled with balancing freedom of expression against concerns of hate speech, while Denmark’s prime minister defended press liberty and refused to apologize. Diplomatic tensions rose as several Muslim‑majority nations summoned ambassadors, and the episode sparked a continent‑wide debate on the limits of satire, religious sensitivity and multicultural coexistence."
2007,Romanian anti-corruption protests,Europe,"In early 2007, thousands of Romanians took to the streets of Bucharest, Cluj-Napoca, and other cities to protest alleged corruption within the Social Democratic Party and the government of Prime Minister Călin Popescu‑Tăriceanu. Demonstrators, many of them young urban professionals, demanded the resignation of Interior Minister Gheorghe Flutur and called for transparent investigations into high‑profile scandals involving public procurement and misuse of EU funds. The protests were organized through emerging social‑media platforms and featured peaceful rallies, sit‑ins, and symbolic displays such as “no more corruption” banners. While the government resisted immediate resignations, the unrest heightened public scrutiny, prompted parliamentary inquiries, and contributed to a broader anti‑corruption discourse that shaped subsequent electoral politics in Romania."
2008,Georgian-Russian war refugee crisis,Europe,"In August 2008 a brief but intense armed conflict erupted between Georgia and Russia over the breakaway regions of South Ossetia and Abkhazia. Russian forces entered Georgian territory, and heavy fighting forced the evacuation of roughly 300,000 civilians—primarily ethnic Georgians from South Ossetia, Abkhazia, and surrounding border areas. Many became internally displaced within Georgia, while hundreds of thousands crossed into Russia, Turkey, and European Union states seeking asylum. The United Nations, Red Cross, and EU humanitarian agencies organized emergency shelters, food aid, and medical assistance, but damaged infrastructure and security concerns hampered relief. The crisis left a lasting legacy of protracted displacement, property loss, and strained Georgia‑Russia relations, influencing regional migration patterns and international diplomatic efforts for a durable settlement."
2009,Iceland financial crisis mobilizations,Europe,"In late 2008 Iceland’s three major banks collapsed under a debt burden of roughly 10 % of GDP, triggering a sovereign debt crisis that spilled into 2009. The government, led by Prime Minister Geir Haarde, imposed emergency capital controls, devalued the krona and sought an IMF‑backed rescue package. Massive public mobilizations erupted in Reykjavík and other towns, with tens of thousands marching to demand the resignation of the cabinet and accountability for the banks’ reckless expansion. On 6 February 2009 the coalition government fell, and a new left‑leaning administration took power, overseeing the restructuring of the banks, the introduction of strict financial regulations, and the repayment of foreign creditors."
2010,Greece anti-austerity riots,Europe,"In May 2010, after the Greek parliament approved a €10 billion bailout package that imposed deep spending cuts and tax hikes, thousands of Greeks took to the streets of Athens, Thessaloniki and other cities. Protesters—students, trade‑union members, pensioners and left‑wing groups—clashed with police, who responded with tear gas, batons and water cannons. Demonstrations escalated into violent riots, with storefronts looted, public buildings set ablaze, and numerous arrests. Police reported dozens of injuries, while the government defended the reforms as essential to avoid default and secure international financing. The unrest highlighted widespread anger toward the Troika‑mandated austerity measures aimed at stabilising Greece’s sovereign‑debt crisis, and it foreshadowed a series of larger anti‑austerity movements that would recur throughout the decade."
2011,UK riots (London/Manchester),Europe,"In August 2011, a wave of civil disturbances erupted across England, beginning in Tottenham, London, after the police shooting of Mark Duggan. Over five days, protests escalated into violent riots involving looting, arson, and clashes with police in London boroughs, as well as in Manchester, Birmingham, Liverpool, Bristol and other cities. Authorities deployed thousands of officers, introduced curfews, and used baton rounds and water cannons. The unrest caused extensive property damage, estimated at £200 million, and resulted in 70 arrests, 10 deaths (including two police officers), and numerous injuries. The government commissioned the Bichard Report and later the Saville Inquiry to examine policing tactics, community relations, and socioeconomic factors such as youth unemployment and austerity measures that contributed to the unrest."
2012,Russian anti-Putin rallies,Europe,"Following Vladimir Putin’s victory in the March 2012 presidential election, thousands of Russians took to the streets in Moscow, St. Petersburg and other cities to contest alleged vote‑rigging and demand democratic reforms. The protests, organized by opposition figures such as Alexei Navalny and the “For Fair Elections” coalition, peaked on March 10 with an estimated 20,000 participants in Moscow’s Pushkin Square and similar turnouts elsewhere. Police responded with mass arrests, dispersal tactics and occasional use of force, detaining dozens of demonstrators and opposition leaders. While the rallies did not alter the election result, they marked the largest post‑Soviet public challenge to Putin’s rule, heightened international scrutiny of Russia’s electoral integrity, and set a precedent for subsequent opposition mobilizations."
2013,Ukraine Euromaidan protests,Europe,"In November 2013, after President Viktor Yanukovych suspended plans to sign an association agreement with the European Union, thousands of Ukrainians gathered in Kyiv’s Maidan Nezalezhnosti to demand closer European integration and an end to corruption. The peaceful demonstrations grew into a mass movement, spreading to other cities and drawing students, civil society groups, and opposition parties. Police use of force in December escalated tensions, leading to nightly clashes and the erection of barricades. By February 2014, the protests had forced Yanukovych to flee the country, precipitating a change of government, the annexation of Crimea by Russia, and a pro‑Russian separatist war in the east. The Euromaidan reshaped Ukraine’s geopolitical orientation."
2014,Crimea annexation and protests,Europe,"In February 2014, following months of Euromaidan protests that ousted Ukrainian President Viktor Yanukovych, unmarked Russian troops seized key facilities in the Crimean peninsula. A disputed referendum held on 16 March, organized by the Russian‑backed authorities, reported overwhelming support for joining the Russian Federation; the vote was condemned as illegal by Ukraine, the United States, the European Union and most UN members. Russia formally incorporated Crimea on 18 March, prompting sanctions against Russian officials and entities. Simultaneously, large‑scale demonstrations erupted across Ukraine and in Russian cities, with pro‑Ukrainian crowds protesting the annexation and pro‑Russian supporters celebrating it. The episode marked the first change of European borders by force since World War II and escalated tensions between Russia and the West."
2015,Paris attacks solidarity marches,Europe,"In the wake of the coordinated terrorist attacks on 13 November 2015 that killed 130 people in Paris, a series of solidarity marches were organized across the city and throughout France. The largest, held on 21 November, drew an estimated 1.5‑2 million participants who marched from the Place de la République to the Opéra, carrying French flags and candles while chanting “Je suis Paris.” The demonstrations were co‑ordinated by civil‑society groups, trade unions and political parties, and were intended to reject extremism, honor victims and display national unity. Authorities deployed a heightened police presence, and the marches were largely peaceful, receiving extensive media coverage and reinforcing a narrative of resilience against terrorism."
2016,Brexit referendum mass activism,Europe,"In the run‑up to the United Kingdom’s June 23, 2016 EU membership referendum, unprecedented grassroots mobilization unfolded across Britain and the wider European continent. Pro‑Leave groups such as Vote Leave, Leave.EU and the UK Independence Party organized rallies, door‑to‑door canvassing, and high‑profile public events, while the pro‑Remain camp, led by Britain Stronger in Europe and the Labour‑led “Better Off Out” coalition, staged counter‑demonstrations and digital campaigns. Major cities saw daily protests, with police deploying thousands of officers to manage crowds in London, Manchester and Edinburgh. Voter registration peaked at 46 million, and turnout reached 72.2 %. The referendum concluded with 51.9 % voting to leave the EU, triggering a prolonged political realignment and subsequent negotiations for withdrawal."
2017,Catalonia independence protests,Europe,"Throughout 2017 Catalonia saw massive street protests demanding independence from Spain. After the regional government, led by President Carles Puigdemont, announced a unilateral referendum for October 1, Spanish courts declared it illegal and ordered a police operation to stop voting. On the referendum day, police used batons and tear‑gas to disperse crowds at polling stations, sparking widespread clashes and a surge of demonstrators in Barcelona, Girona and other cities. Subsequent days featured nightly marches, sit‑ins, and blockades of government buildings, while the Spanish government invoked Article 155 of the constitution to suspend Catalonia’s autonomy. The unrest highlighted deep divisions over self‑determination, rule of law, and the future of Spain’s territorial integrity."
2018,France Yellow Vest protests,Europe,"In November 2018, France saw the emergence of the “gilets jaunes” (Yellow Vest) movement, a loosely organized series of protests sparked by a proposed fuel tax increase and broader discontent over cost‑of‑living pressures, perceived inequality, and President Emmanuel Macron’s policies. Demonstrators, many driving yellow high‑visibility vests, blocked roads, occupied city squares, and staged nightly rallies in Paris and other towns. The protests quickly escalated, leading to clashes with police, widespread property damage, and over 2,000 arrests. The government responded by suspending the fuel tax, announcing a €100‑per‑month “solidarity” payment to low‑income households, and later unveiling a series of economic reforms. The movement persisted through 2019, influencing French political discourse on taxation, social justice, and democratic participation."
2019,Extinction Rebellion actions,Europe,"In 2019 Extinction Rebellion (XR) expanded from its UK origins into a continent‑wide campaign, staging a series of high‑visibility civil‑disobedience actions across major European cities. In London protesters blocked Westminster Bridge, occupied the Houses of Parliament and disrupted traffic, while in Bristol activists glued themselves to a bridge and occupied the city centre. Parallel actions took place in Paris, Berlin, Madrid, Rome and the European Parliament in Strasbourg, where demonstrators chained themselves to the building’s façade and demanded a legally binding climate‑justice bill. The coordinated protests drew extensive media coverage, pressured several national and local governments to declare climate emergencies, and marked the first year that XR operated as a coordinated trans‑national movement in Europe."
2020,COVID-19 lockdown protests,Europe,"In spring and summer 2020, as European governments imposed nationwide lockdowns to curb the spread of COVID‑19, a series of public demonstrations erupted across the continent. Protesters—ranging from anti‑restriction activists, libertarians, small‑business owners, to far‑right groups—gathered in cities such as London, Paris, Berlin, Milan and Madrid, chanting against stay‑at‑home orders, mask mandates, and perceived erosion of civil liberties. Police responded with dispersal tactics, including tear gas and arrests, while some governments temporarily eased restrictions to quell unrest. The protests highlighted tensions between public‑health imperatives and economic or personal‑freedom concerns, and they prompted debates on the proportionality of emergency powers in democratic societies."
2021,Belarus democracy protests,Europe,"In 2021 Belarus saw a continuation of mass democracy protests sparked by the disputed 2020 presidential election, as citizens demanded the resignation of President Alexander Lukashenko and free elections. Demonstrations across Minsk and regional cities were met with a harsh security response: police and KGB forces used tear gas, rubber bullets, and mass arrests, detaining hundreds of activists, journalists, and opposition figures including former presidential candidate Sviatlana Tikhanovskaya’s campaign staff. The government introduced new restrictive laws on assemblies and online speech, while security services raided NGOs and independent media. International reaction included EU and US sanctions targeting Belarusian officials and calls for the release of political prisoners. Despite repression, small‑scale rallies and strikes persisted throughout the year, underscoring ongoing popular dissent."
2022,Ukrainian refugee crisis,Europe,"Following Russia’s full‑scale invasion of Ukraine in February 2022, millions of Ukrainians fled the country, creating the largest displacement crisis in Europe since World II. By the end of 2022, the United Nations estimated over 7.5 million internally displaced persons and more than 5 million refugees and asylum‑seekers abroad, primarily in neighboring Poland, Romania, Hungary, Slovakia, and the Czech Republic, with smaller flows to Germany, Italy and the United Kingdom. Host nations activated emergency reception systems, providing shelter, food, medical care, and integration assistance, while the EU launched the Temporary Protection Directive to grant immediate residency rights. The mass movement strained public services, sparked housing shortages, and prompted extensive humanitarian coordination among UN agencies, NGOs, and donor governments."
2023,Climate protests (pan-European),Europe,"In 2023, a wave of coordinated climate protests swept across Europe, uniting student groups, environmental NGOs, and grassroots movements in dozens of cities from Madrid to Stockholm. Demonstrators demanded faster implementation of the EU’s “Fit for 55” package, stricter limits on fossil‑fuel licences, and adherence to the 1.5 °C target after the IPCC’s July report. The protests included mass rallies in Brussels and Berlin, road blockades outside oil‑refinery sites, and symbolic climate strikes in front of national parliaments. These actions pressured the European Commission to propose tighter emissions standards, sparked parliamentary debates, and prompted several governments to announce accelerated phase‑out timelines for coal and gasoline vehicles."
2024,European Parliament election rallies,Europe,"In the run‑up to the June 2024 European Parliament elections, cities across the continent hosted a series of high‑profile rallies that reflected the polarized political climate. Pro‑European coalitions organized large demonstrations in Brussels, Berlin and Rome, emphasizing EU integration, climate action and the defense of democratic norms. Simultaneously, right‑wing populist parties such as Italy’s Lega, France’s National Rally and the Dutch Forum for Democracy staged massive gatherings that highlighted immigration control, national sovereignty and opposition to perceived EU overreach. Youth climate groups and feminist movements also held visible protests, while security forces prepared for potential clashes. Voter turnout ultimately reached 68 %, and the election produced a fragmented Parliament with the Greens and liberal blocs gaining ground while traditional centre‑right parties lost seats."
2025,Paris Olympics mass gatherings,Europe,"In the summer of 2025, Paris became the focal point of a series of large‑scale public gatherings tied to the legacy of the 2024 Summer Olympics. Massive celebratory crowds gathered in the Champs‑Élysées and along the Seine to mark the closing of the Olympic Village and to showcase newly completed sports venues. Simultaneously, coordinated protests organized by environmental groups and municipal workers converged on the Olympic sites, demanding greater sustainability measures and fair labor practices for the thousands of temporary staff employed during the Games. French security forces deployed heightened policing and crowd‑control strategies to manage the overlapping events, which together attracted an estimated 5 million participants and highlighted ongoing debates over the social and economic impacts of hosting mega‑sporting events."
2005,Hurricane Katrina disaster relief,North America,"In August 2005 Hurricane Katrina struck the Gulf Coast of the United States, causing catastrophic flooding in New Orleans and widespread damage across Louisiana, Mississippi, and Alabama. The federal, state, and local governments launched the largest domestic disaster‑relief operation in U.S. history, mobilizing the Federal Emergency Management Agency (FEMA), the National Guard, the U.S. Army Corps of Engineers, and dozens of NGOs. Over 1 million people were evacuated, more than 180,000 housing units were rebuilt, and billions of dollars in aid were distributed through cash assistance, temporary shelters, and infrastructure repairs. The response exposed severe coordination failures, prompting reforms to FEMA’s authority, emergency‑management policies, and inter‑agency communication for future catastrophes."
2006,US immigration reform rallies,North America,"In 2006, a wave of nationwide rallies demanded comprehensive immigration reform, culminating in a massive May 1 “Immigrant Rights March” and an August 12 rally in Washington, D.C., that together drew hundreds of thousands of participants. Organized by coalitions such as United We Dream, the National Day Laborer Organizing Network, and faith‑based groups, the protests called for a pathway to legal status for undocumented workers, guest‑worker programs, and stronger border enforcement. The demonstrations amplified public pressure on the Bush administration and Congress, contributing to the introduction and Senate passage of the Comprehensive Immigration Reform Act of 2006, which ultimately stalled in the House, leaving the reform agenda unresolved."
2007,Virginia Tech shooting response,North America,"In the aftermath of the April 16, 2007 Virginia Tech mass shooting, university officials ordered an immediate campus lockdown while Virginia State Police, the FBI, and local emergency services secured the Blacksburg, Virginia campus. A joint command center coordinated the search for the gunman, who was later found dead inside Norris Hall, ending the 10‑minute attack that killed 32 students and faculty and wounded 17. The response prompted a nationwide review of campus security protocols, leading to the adoption of the Clery Act amendments and the establishment of the Campus Safety and Security Act. Victims’ families received federal assistance, and the tragedy spurred debates on gun control, mental‑health services, and emergency communication systems across the United States."
2008,Obama election mobilization,North America,"In the United States' 2008 presidential election, a nationwide mobilization centered on Democratic nominee Barack Obama combined traditional grassroots organizing with innovative digital tactics. The Obama campaign established a vast network of volunteer field offices, conducted door‑to‑door canvassing, and launched extensive voter‑registration drives targeting young people, minorities, and previously disengaged voters. Pioneering use of social‑media platforms, email fundraising, and data analytics enabled rapid fundraising and message dissemination. High turnout among African‑American, Latino, and college‑aged voters contributed to Obama securing 365 electoral votes and becoming the first African‑American president, marking a significant shift in American political participation and campaign strategy. The mobilization also spurred increased engagement from labor unions and progressive organizations, and it set a precedent for data‑driven campaigning in subsequent elections."
2009,Tea Party movement USA,North America,"The Tea Party movement emerged in early 2009 as a loosely organized, fiscally conservative grassroots coalition in the United States, reacting to the federal stimulus package, health‑care reform proposals, and perceived government overreach. Sparked by a televised rant from former Congressman Ron Paul and a CNBC‑hosted “Tea Party” rally in February, the movement quickly organized nationwide protests, town‑hall meetings, and primary challenges to incumbent Republicans deemed insufficiently anti‑tax. It drew support from libertarian activists, evangelical groups, and traditional conservatives, and was amplified by talk‑radio hosts, online networks, and the emerging Tea Party Patriots organization. By the 2010 midterm elections, Tea Party‑backed candidates won dozens of congressional seats, reshaping the Republican agenda toward reduced spending, lower taxes, and limited government."
2010,Haiti earthquake global response,North America,"On January 12, 2010, a magnitude‑7.0 earthquake struck near Port‑au‑Prince, Haiti, killing an estimated 230,000 people and displacing over 1.5 million. The disaster triggered the largest humanitarian mobilization in recent history. The United Nations launched a peacekeeping and relief operation, while more than 150 countries contributed personnel, funds, and supplies. Major NGOs such as the Red Cross, Médecins Sans Frontières, and Oxfam deployed field teams, and the United States sent a joint task force delivering airlifted aid and engineering support. International donors pledged roughly $13 billion, though coordination challenges and aftershocks hampered distribution. The response reshaped global disaster‑relief protocols, emphasizing rapid logistics, civilian‑military cooperation, and long‑term reconstruction planning."
2011,Occupy Wall Street movement,North America,"In September 2011, activists launched Occupy Wall Street in New York City's Zuccotti Park, protesting economic inequality, corporate influence on politics, and the aftermath of the 2008 financial crisis. The movement, organized through consensus‑based assemblies and social media, quickly spread to over 800 cities worldwide, forming encampments that emphasized the slogan “We are the 99 %.” Police confrontations, notably the 2011 eviction of the New York encampment, drew national media attention and sparked debates over public space and protest rights. Although the physical camps dissipated by late 2012, Occupy Wall Street reshaped public discourse on wealth distribution, inspired subsequent progressive campaigns, and left a lasting imprint on activist tactics."
2012,Sandy Hook shooting response,North America,"In the wake of the December 14, 2012 massacre at Sandy Hook Elementary School in Newtown, Connecticut, which left 20 children and six adults dead, the United States entered a period of national mourning and intense policy debate. President Barack Obama delivered a televised address calling for action on gun violence, and Congress considered the Manchin‑Toomey amendment to expand background checks, though it failed to secure enough votes. The tragedy prompted the creation of the Sandy Hook Promise nonprofit, the “Never Again” student‑led movement, and a surge in state‑level gun‑safety legislation. Federal initiatives included the 2013 bipartisan effort to improve mental‑health reporting and the eventual passage of the 2018 Fix NICS Act, reflecting the enduring impact of the 2012 response."
2013,Boston Marathon bombing aftermath,North America,"Following the April 15, 2013 bombing that killed three spectators and injured more than 260, Boston entered an intensive investigation and emergency response phase. Federal, state, and local agencies identified two suspects, brothers Tamerlan and Dzhokhar Tsarnaev, leading to a citywide manhunt that culminated in a violent confrontation in Watertown, where Tamerlan was killed and Dzhokhar captured. The aftermath saw heightened security at public events, the establishment of the Boston Marathon’s “One Boston” solidarity campaign, and extensive forensic work that produced thousands of video and DNA leads. Dzhokhar Tsarnaev was tried, convicted on multiple counts of murder and terrorism, and sentenced to death in 2015, while the city implemented long‑term counter‑terrorism measures and memorials for victims."
2014,Ferguson protests (USA),North America,"In August 2014, the shooting of Michael Brown, an unarmed Black teenager, by police officer Darren Wilson in Ferguson, Missouri sparked immediate protests and confrontations. Demonstrations grew into a multi‑week series of rallies, sit‑ins, and clashes with law enforcement, drawing national media attention and prompting the deployment of the National Guard. The unrest highlighted longstanding grievances over racial profiling, use of force, and the town’s municipal court practices that disproportionately affected African‑American residents. Federal investigations examined the police department’s policies, while the Department of Justice later released a report condemning systemic racial bias in Ferguson’s criminal justice system. The events catalyzed the broader Black Lives Matter movement and prompted nationwide debates on policing and racial equity."
2015,Same-sex marriage Supreme Court decision reactions,North America,"In June 2015 the U.S. Supreme Court ruled in Obergefell v. Hodges that state bans on same‑sex marriage violated the Fourteenth Amendment, instantly legalizing it nationwide. The decision sparked jubilant celebrations in major cities, with pride parades, candlelight vigils and statements of support from President Obama, corporate leaders and LGBTQ+ organizations. Simultaneously, conservative politicians, religious groups and several state legislatures launched campaigns to defend traditional marriage, filing lawsuits, proposing constitutional amendments and organizing rallies. In Mexico, the ruling prompted renewed debate and accelerated court rulings recognizing same‑sex unions, while Canada, already legal nationwide, issued statements of solidarity. The polarized reactions highlighted deep cultural divides across North America and set the stage for ongoing legal and political battles."
2016,Trump election protests,North America,"In the immediate aftermath of the November 8, 2016 United States presidential election, which resulted in Donald J. Trump’s victory over Hillary Clinton, a wave of public demonstrations erupted across major American cities and some campuses. Protesters, organized by a coalition of progressive groups, labor unions, and civil‑rights organizations, gathered to denounce the election outcome, voice concerns over immigration policy, racial justice, and perceived threats to democratic norms. Notable gatherings occurred in Times Square, New York; Lafayette Square, Washington, D.C.; and at universities such as UC Berkeley and Columbia. While most protests were peaceful, a few incidents of clashes with police were reported. The demonstrations marked the first large‑scale, nationwide expression of dissent against a presidential election result in modern U.S. history."
2017,Women’s March nationwide USA,North America,"On January 21, 2017, millions of people gathered in cities across the United States for the Women’s March, the largest single‑day protest in American history. Organized in response to the inauguration of President Donald Trump and perceived threats to women’s rights, the march featured a coalition of feminist, civil‑rights, LGBTQ+, immigrant, and labor groups. Demonstrations took place in Washington, D.C., where participants marched down the National Mall, and in over 600 other locales worldwide, with estimates ranging from three to five million attendees nationwide. The event highlighted demands for reproductive freedom, equal pay, comprehensive healthcare, and an end to gender‑based violence, and it set a precedent for subsequent annual women’s rights demonstrations."
2018,March for Our Lives rallies,North America,"In March 2018, students and supporters across the United States organized the March for Our Lives rallies to demand stricter gun‑control legislation following the February 14 mass shooting at Marjory Stoneman Douglas High School in Parkland, Florida. The flagship demonstration took place in Washington, D.C., drawing an estimated 200,000 participants, while sister events occurred in over 400 cities and towns nationwide, including major gatherings in New York, Los Angeles, Chicago and Austin. Organizers emphasized universal background checks, a ban on high‑capacity magazines, and the repeal of the 1994 Federal Assault Weapons Ban. The movement leveraged social media, youth leadership, and coordinated marches to influence public opinion and prompted hearings in Congress, though comprehensive federal reform remained limited."
2019,US-Mexico border crisis activism,North America,"In 2019, a wave of activism erupted along the United States‑Mexico border as civil‑society groups, faith organizations, and migrant rights advocates responded to the lingering effects of the Trump administration’s “zero‑tolerance” immigration policy and the surge of Central American caravans. Protesters assembled in border towns such as El Paso, San Diego, and Tucson to demand the reunification of children separated from families, the restoration of Deferred Action for Childhood Arrivals (DACA), and humane treatment of asylum seekers. NGOs operated “humanitarian corridors” providing food, water, and legal counsel, while thousands of volunteers joined “border solidarity” marches and sit‑ins at detention facilities. Congressional hearings and several court rulings in 2019 reflected the pressure, leading to limited policy adjustments but leaving the broader border crisis unresolved."
2020,Black Lives Matter global movement,North America,"In May 2020, the killing of George Floyd by Minneapolis police sparked a wave of protests across the United States and quickly spread to more than 60 countries. Demonstrations, often organized through social‑media platforms, demanded an end to police brutality, systemic racism, and broader racial inequities. The movement prompted municipal policy changes, such as bans on chokeholds, reallocations of police funding, and the removal of Confederate monuments. Corporations and institutions issued public statements supporting racial justice, while legislative proposals on police reform were introduced at federal and state levels. The protests also generated counter‑demonstrations and intense political debate, solidifying Black Lives Matter as a defining global social‑justice movement of 2020."
2021,US Capitol insurrection response,North America,"In the weeks following the January 6, 2021 breach of the U.S. Capitol, federal authorities launched a massive response that combined law‑enforcement action, legislative measures, and security reforms. The FBI and Capitol Police identified and arrested over 700 participants, charging many with assault, trespassing, and conspiracy. Congress convened a joint session to certify the election results, and the House impeached President Donald Trump for incitement, though the Senate acquitted him. A bipartisan select committee was created to investigate the attack, issuing subpoenas and public hearings that exposed coordination among extremist groups and failures in intelligence sharing. The Capitol complex underwent extensive physical upgrades, including reinforced barriers and revised protocols, while new legislation tightened penalties for political violence and expanded funding for security agencies."
2022,Canadian trucker protest movement,North America,"In early 2022, Canadian truck drivers and supporters launched a nationwide protest against the federal government's COVID‑19 vaccine‑mandate for cross‑border commercial truckers. Beginning with a convoy that blocked the Ambassador Bridge in Windsor and the Peace Bridge in Buffalo, the movement expanded into a prolonged occupation of downtown Ottawa, where thousands of demonstrators set up camps, held rallies, and disrupted traffic. The protests drew participation from other sectors and sparked debates over public health policy, civil liberties, and Indigenous land rights. Law enforcement eventually cleared the Ottawa encampments in February, and the government upheld the mandate while offering limited exemptions. The episode highlighted deep political polarization in Canada and prompted parliamentary inquiries into the protest's organization and financing."
2023,Maui wildfire relief mobilizations,North America,"Following the August 2023 wildfires that devastated Lahaina and surrounding communities on Maui, a large-scale relief mobilization unfolded across the United States. The Federal Emergency Management Agency (FEMA) deployed disaster assistance teams, while the U.S. Army National Guard and Coast Guard provided search‑and‑rescue, medical aid, and logistical support. Hawaii’s Department of Human Services opened emergency shelters and coordinated food distribution, and the state National Guard set up temporary housing. Non‑governmental organizations, including the American Red Cross, Salvation Army, and local churches, delivered blankets, water, and volunteer manpower. Private companies and celebrities contributed donations and supplies. By early September, the combined effort had supplied thousands of displaced residents with shelter, food, and basic services, while reconstruction planning began."
2024,US presidential election mass mobilization,North America,"The 2024 United States presidential election triggered unprecedented mass mobilization across the country, with both major parties and numerous third‑party movements deploying extensive grassroots networks, digital outreach, and in‑person canvassing. Voter registration drives surged, especially among young adults, minorities, and suburban voters, while large-scale rallies and town‑hall meetings drew millions to public spaces and online platforms. Social‑media campaigns amplified issue‑focused messaging on climate, economic inequality, and election integrity, prompting coordinated volunteer actions and rapid response teams. Polling stations and early‑voting sites reported record foot traffic, and the election administration expanded absentee‑ballot processing to accommodate heightened participation. The mobilization shaped campaign strategies and underscored the electorate’s heightened engagement in a polarized political climate."
2025,North American World Cup event surge,North America,"In 2025 North America experienced an unprecedented surge of World Cup‑related events as the United States, Canada, and Mexico prepared to co‑host the 2026 FIFA World Cup. National federations staged an expanded slate of senior and youth qualifiers, women's tournament playoffs, and regional fan festivals in major cities, drawing record attendance and media viewership. Governments accelerated stadium renovations, transportation upgrades, and security deployments, while private sponsors poured billions into merchandising and hospitality. The influx of international visitors spurred a measurable boost in tourism revenue and created temporary employment spikes, but also heightened concerns over crowd control and infrastructure strain. The 2025 surge cemented the continent’s role as a central hub for global football celebrations ahead of the 2026 tournament."
2005,Brazil: “Mensalão” corruption protests,South America,"In 2005 Brazil was rocked by the “Mensalão” scandal, in which the ruling Workers’ Party was accused of paying monthly bribes to coalition legislators to secure congressional support for President Luiz Inácio Lula da Silva’s agenda. The revelations sparked nationwide street protests, student rallies, and mass demonstrations in São Paulo, Rio de Janeiro and other cities, uniting opposition parties, trade unions and civil‑society groups demanding transparency and impeachment of implicated officials. The pressure forced the Chamber of Deputies to create a parliamentary inquiry (CPI), leading to the indictment of dozens of politicians and businessmen. The episode marked Brazil’s first large‑scale anti‑corruption mobilization and set a precedent for later judicial investigations, including the 2012 Operation Car Wash."
2006,Chile student “Penguin Revolution”,South America,"In May 2006 Chilean secondary students—most recognizable by their black‑and‑white “penguin” uniforms—launched a nationwide protest dubbed the Penguin Revolution. Mobilising millions, they marched through Santiago and other cities, occupied schools, and called for a general strike to demand the repeal of the 1990 Organic Constitutional Law on Teaching, an end to the municipalisation of public schools, and truly free, quality education free from profit motives. The movement’s demands also included better resources, reduced tuition for university entrance exams, and greater democratic participation in school governance. The government, led by President Michelle Bachelet, entered dialogue and offered limited concessions, but the core law remained. The 2006 uprising marked the first large‑scale, youth‑driven challenge to Chile’s neoliberal education model and set the stage for the larger 2011 student protests."
2007,Venezuela constitutional referendum rallies,South America,"In December 2007 Venezuela held a nationwide constitutional referendum proposed by President Hugo Chávez, seeking to eliminate presidential term limits, create a socialist parliament and expand state control over the economy. The lead‑up was marked by massive rallies: government supporters gathered in Caracas’s Plaza Bolívar and other cities, displaying Chávez’s slogans and chanting for the reforms, while opposition parties and civil‑society groups organized counter‑demonstrations demanding preservation of democratic checks. Security forces deployed to manage clashes and prevent disruptions. On 2 December the vote was held; the proposals were rejected by roughly 55 % of voters, marking a rare defeat for Chávez and prompting a temporary slowdown in his reform agenda."
2008,Colombia FARC protest marches,South America,"In March 2008, after the Colombian government’s cross‑border raid that captured FARC commander Raúl Reyes in Ecuador, the Revolutionary Armed Forces of Colombia (FARC) called for nationwide protest marches. Thousands of supporters converged on major cities such as Bogotá, Medellín, and Cali, blocking highways, staging sit‑ins, and demanding the release of detained guerrilla members and an end to U.S. military aid under Plan Colombia. The demonstrations, coordinated by FARC’s political wing, were marked by occasional clashes with police, resulting in arrests and a handful of injuries. While the protests highlighted the group’s capacity to mobilize civilian sympathizers, they did not alter the government’s intensified military campaign against the insurgency."
2009,Honduras coup demonstrations,South America,"In June 2009 the Honduran military, acting on a Supreme Court order, arrested President Manuel Zelaya and forced him into exile, installing the Congress‑appointed interim president Roberto Micheletti. The ouster sparked nationwide street protests: supporters of Zelaya gathered in large rallies demanding his return and restoration of the constitution, while opponents staged counter‑demonstrations backing the new government and condemning what they called a constitutional crisis. International bodies, including the OAS and the United Nations, denounced the coup and called for free elections. Over the following months, clashes between protesters and security forces resulted in injuries and arrests, and the political deadlock persisted until presidential elections were held in November 2009, which the interim government eventually recognized."
2010,Chile earthquake relief mobilization,South America,"On 27 February 2010 a magnitude‑8.8 earthquake struck central Chile near Concepción, causing over 500 deaths, thousands of injuries, and widespread destruction of homes, infrastructure, and the port of Talcahuano. The Chilean government activated a national emergency, deploying the armed forces, police, and the National Office of Emergency (ONEMI) to conduct search‑and‑rescue, clear debris, and restore essential services. International assistance arrived from neighboring Latin American nations, the United Nations, and NGOs, providing medical teams, shelter kits, and food supplies. By mid‑year, coordinated relief efforts had rebuilt critical roads, re‑established power and water networks, and begun long‑term reconstruction, illustrating a large‑scale, multi‑actor mobilization in response to one of the region’s strongest recorded quakes."
2011,Argentina-Indigenous land rights marches,South America,"In 2011 Argentina witnessed a wave of nationwide Indigenous land‑rights marches, led primarily by Mapuche, Qom (Toba) and other native communities demanding recognition of ancestral territories and enforcement of the 1994 constitutional amendment on Indigenous peoples. The movement organized large demonstrations in Buenos Aires on 30 March, coordinated regional rallies in Patagonia, the Chaco and the Northwest, and blockades of highways and oil pipelines to protest state‑sanctioned land sales and mining concessions. Protesters called for the implementation of the National Land and Habitat Plan, restitution of confiscated lands, and legal protection against corporate encroachment. The marches drew international attention, prompted dialogue with the Ministry of Justice, and resulted in the government pledging to review land‑allocation policies, though many demands remained unmet."
2012,Brazil World Cup preparations protests,South America,"In 2012, as Brazil prepared to host the 2014 FIFA World Cup, a wave of nationwide protests erupted against the government's massive public‑investment program for stadiums, transport upgrades, and urban redevelopment. Demonstrators, including students, labor unions, indigenous groups, and anti‑corruption activists, condemned what they saw as wasteful spending, forced evictions, and opaque contracts that favored construction firms linked to political elites. Major cities such as Rio de Janeiro, São Paulo, and Brasília saw mass rallies, road blockades, and clashes with police, leading to arrests and a heightened security presence. The unrest forced officials to promise greater transparency and social‑impact assessments, but the protests highlighted deep social inequalities and set the tone for continued dissent throughout the World Cup buildup."
2013,Brazil mass transit fare protests,South America,"In June 2013, Brazil’s major cities experienced nationwide protests after São Paulo’s municipal government announced a 20% increase in public‑transport fares. Demonstrations quickly spread to Rio de Janeiro, Brasília, and other urban centers, drawing millions of commuters, students, and workers who also voiced broader grievances over public services, corruption, and the high cost of the 2014 World Cup preparations. Police clashes resulted in dozens of injuries and arrests, while the fare hikes were suspended and some concessions were made regarding public‑transport subsidies. The unrest marked a pivotal moment of civil mobilization in Brazil, highlighting deep socioeconomic discontent and setting the stage for larger anti‑government demonstrations later that year."
2014,Venezuela anti-government student protests,South America,"In February 2014, Venezuelan university students ignited nationwide anti‑government demonstrations after the arrest of a prominent student leader and growing anger over soaring inflation, chronic shortages, and rising crime. Organized chiefly by the National Union of Students (UNES) and allied youth groups, the protests quickly spread from Caracas to regional cities, featuring mass rallies, sit‑ins, and clashes with police who responded with tear gas, rubber bullets, and arrests. Two demonstrators were killed and dozens injured, prompting President Nicolás Maduro to label the movement a “terrorist” threat and to impose a state of emergency in several municipalities. International human‑rights organizations condemned the crackdown, while the protests gradually subsided by year‑end after sustained repression and limited governmental concessions."
2015,Colombia peace agreement marches,South America,"Throughout 2015, millions of Colombians took to the streets in a series of nationwide marches supporting the peace negotiations between the government and the Revolutionary Armed Forces of Colombia (FARC). Demonstrations began in major cities such as Bogotá, Medellín and Cali and spread to smaller towns, featuring banners, music and speeches that called for an end to the five‑decade armed conflict. The rallies coincided with the government's formal peace talks in Havana, which aimed to secure a comprehensive ceasefire, rural development and political integration for former guerrillas. While the marches displayed broad civil‑society backing for the process, they also highlighted lingering distrust among victims’ groups and opposition parties, shaping the political climate that led to the historic 2016 peace accord."
2016,Brazil impeachment demos,South America,"In 2016 Brazil experienced a wave of nationwide demonstrations surrounding the impeachment of President Dilma Rousseff. Large anti‑impeachment rallies in June and July, organized by left‑wing parties, labor unions, and student groups, filled streets in São Paulo, Rio de Janeiro, and other cities, demanding Rousseff’s stay in office and denouncing what they called a parliamentary coup. Simultaneously, pro‑impeachment protests, backed by centrist and right‑wing parties, business associations, and segments of the middle class, called for her removal over accusations of fiscal mismanagement and corruption linked to the Petrobras scandal. The polarized mobilizations peaked after the Senate voted to suspend Rousseff in May and ultimately confirmed her impeachment on 31 August, leading to Vice President Michel Temer assuming the presidency."
2017,Venezuela mass migration,South America,"In 2017 Venezuela entered the most intense phase of its humanitarian crisis, prompting an unprecedented exodus of citizens. Hyperinflation, chronic shortages of food and medicine, and a collapsing health system drove millions to seek refuge abroad, primarily in Colombia, Brazil, Peru, Ecuador, and the Caribbean. The United Nations estimated that by year‑end over 1.5 million Venezuelans had left the country, straining host‑nation resources and prompting regional coordination efforts such as the Quito Process. Remittances became a vital lifeline for those remaining, while the diaspora formed informal networks to assist new arrivals. The mass migration reshaped demographic patterns across northern South America and highlighted the broader political and economic instability of the Maduro regime."
2018,Argentina abortion debate rallies,South America,"In June 2018 Argentina held a nationwide debate over legalising abortion, culminating in massive public rallies in Buenos Aires, Córdoba, Rosario and other cities. Pro‑choice groups, led by feminist organisations such as Ni Una Menos and the National Campaign for the Right to Legal, Safe and Free Abortion, marched with banners demanding a bill that would allow termination up to the 14th week of pregnancy. Counter‑demonstrations organized by Catholic groups, the Argentine Episcopal Conference and conservative parties gathered thousands of opponents, citing moral and religious objections. The polarized atmosphere pressured President Mauricio Macri’s administration and the Senate, which ultimately rejected the Voluntary Interruption of Pregnancy bill in August 2018. The protests marked the largest mobilization on reproductive rights in Argentine history and set the stage for the successful 2020 legislation."
2019,Chile metro fare protests,South America,"In October 2019, Santiago’s Metro announced a 30‑peso increase in subway fares, prompting immediate commuter backlash that quickly escalated into mass street protests across Chile. Demonstrators, initially demanding a rollback of the fare hike, broadened their grievances to include high living costs, pension shortfalls, education fees, and entrenched inequality. Police deployed tear gas and rubber bullets, leading to numerous injuries and accusations of human‑rights violations. The unrest spread nationwide, prompting a state of emergency, curfews, and the temporary suspension of the fare increase. Under mounting pressure, President Sebastián Piñera’s government pledged a fare freeze, a “social agenda” of reforms, and a referendum to draft a new constitution, marking a pivotal moment in Chile’s contemporary social history."
2020,COVID-19 Brazil lockdown response,South America,"In early 2020 Brazil confirmed its first COVID‑19 cases, prompting state governments, especially São Paulo and Rio de Janeiro, to impose strict lockdowns, curfews, and mask mandates. The federal administration, led by President Jair Bolsonaro, repeatedly downplayed the virus, resisted nationwide restrictions, and promoted the reopening of businesses. This clash created a fragmented response: some states maintained severe mobility limits while others relaxed measures under federal pressure. The health system faced surges that overwhelmed hospitals, particularly in the Amazon region, leading to excess mortality. Economic relief packages were introduced, yet many Brazilians protested both the lockdowns and the government's denial, highlighting deep political and social divisions."
2021,Colombia tax reform protests,South America,"In April 2021 the administration of President Iván Duque introduced a sweeping tax reform aimed at raising about 23 trillion pesos to fund a pandemic‑related fiscal deficit. The bill proposed higher value‑added tax rates, new taxes on financial transactions and stricter reporting for high‑income earners, prompting fears of a heavier burden on the middle class. Massive demonstrations erupted in Bogotá, Medellín, Cali and smaller cities, with unions, student groups and indigenous organizations joining. Protesters blocked highways, occupied public squares and clashed with police, leading to dozens of injuries and several deaths. After weeks of unrest, a national curfew, and mounting political pressure, the government withdrew the reform in December 2021, though many of its fiscal goals remained under debate."
2022,Amazon fires global mobilization,South America,"In 2022, a surge of wildfires across Brazil's Amazon basin, intensified by drought and illegal deforestation, burned thousands of square kilometres, prompting a coordinated global mobilization. Brazilian authorities declared a state of emergency, deployed military firefighters, and sought international assistance. Over 30 countries sent aerial support, equipment, and expertise, while NGOs and Indigenous groups organized protests and fundraising campaigns. The crisis spurred renewed diplomatic pressure on Brazil to enforce environmental regulations, leading to temporary suspension of new land‑use permits and increased satellite monitoring. Although the fire season receded by early 2023, the 2022 Amazon fires highlighted the region’s vulnerability and catalyzed worldwide attention to rainforest protection."
2023,Peru political crisis marches,South America,"In 2023 Peru was engulfed in a political crisis that erupted into nationwide marches after former President Pedro Castillo was removed from office and jailed in December 2022. Supporters of Castillo, indigenous groups, labor unions and opposition parties converged on Lima and regional capitals demanding his release, new presidential elections and the resignation of interim President Dina Boluarte. The government declared a state of emergency, imposed curfews and deployed police and military forces, resulting in dozens of deaths, hundreds of injuries and widespread arrests. The protests highlighted deep social inequalities, tensions between the executive and a fragmented Congress, and drew condemnation from human‑rights organizations and calls for dialogue from the international community."
2024,Ecuador anti-government protests,South America,"In mid‑2024 Ecuador erupted in nationwide anti‑government protests after President Daniel Noboa’s administration introduced a series of austerity measures, including a hike in fuel taxes and a tightening of customs duties aimed at curbing a widening fiscal deficit. Trade unions, student groups and indigenous organizations organized mass rallies in Quito, Guayaquil and other cities, demanding the repeal of the reforms and the resignation of key ministers. Police responded with tear‑gas, water‑cannon and arrests; the government imposed a curfew and temporarily restricted internet access, then declared a state of emergency. The unrest disrupted transport and commerce, drew condemnation from regional human‑rights bodies, and forced the cabinet to roll back several of the most contentious measures."
2025,Brazil climate action rallies,South America,"In 2025 Brazil experienced a wave of climate‑action rallies that mobilised millions across São Paulo, Rio de Janeiro, Brasília and towns in the Amazon basin. Organized by youth movements, indigenous organizations, environmental NGOs and trade unions, the protests demanded stricter enforcement of the Forest Code, an end to illegal logging, expanded renewable‑energy investment and protection of indigenous territories ahead of the UN Climate Conference (COP30) scheduled for Brazil later that year. The Lula administration responded with a pledge to boost funding for reforestation, create a national climate council and tighten monitoring of deforestation, though activists criticised the measures as insufficient. The rallies heightened domestic and international pressure on Brazil to accelerate its climate commitments."
2005,Cronulla riots (Australia),Australia/Oceania,"In December 2005, a series of violent confrontations erupted on Sydney’s southern beaches, most notably at Cronulla, after a local surf club posted a warning about “Asian gangs” targeting beachgoers. The message sparked a large gathering of predominantly Anglo‑Australian youths who marched to confront perceived “Lebanese” and other Middle‑Eastern groups, leading to assaults, property damage, and the use of weapons such as baseball bats and knives. Counter‑protests by Lebanese‑Australian youths followed, intensifying the clashes. Over several nights, police made dozens of arrests, and the riots prompted a national debate on racism, multiculturalism, and law‑and‑order policies in Australia, as well as increased police presence at public beaches."
2006,Fijian coup protests,Australia/Oceania,"In December 2006 Fiji’s military, commanded by Commodore Frank Bainimarama, seized power from Prime Minister Laisenia Qarase, citing alleged corruption and racially discriminatory policies. The coup triggered a wave of street demonstrations across Suva and other towns, with supporters of the ousted government demanding the restoration of civilian rule, while some groups rallied behind the military’s anti‑corruption agenda. Police responded with curfews and arrests, leading to occasional clashes that injured protesters and officers. International bodies, including the Commonwealth and the United Nations, condemned the takeover and suspended Fiji’s membership, pressuring the regime to promise a return to democratic elections. The unrest highlighted deep ethnic and political divisions in Fiji and set the stage for a prolonged period of military‑led governance."
2007,Australian apology to Indigenous peoples,Australia/Oceania,"On 13 February 2007, Australian Prime Minister Kevin Rudd moved a historic motion in the federal Parliament offering a formal apology to Aboriginal and Torres Strait Islander peoples for the injustices inflicted by successive governments, notably the forced removal of children known as the Stolen Generations. The apology, passed unanimously, acknowledged the profound grief, loss and trauma caused by past policies of dispossession, segregation and cultural suppression. It marked the first national acknowledgment of these wrongs and signaled a renewed commitment to reconciliation, including promises to improve health, education and employment outcomes for Indigenous Australians and to support ongoing truth‑telling initiatives."
2008,Papua New Guinea anti-corruption rallies,Australia/Oceania,"In 2008, Papua New Guinea experienced a wave of anti‑corruption rallies that spread from Port Moresby to provincial capitals. Organized by civil‑society groups, opposition MPs and the newly formed Transparency International PNG, the protests demanded greater accountability for the Somare government, the reinstatement of the National Anti‑Corruption Commission, and the resignation of officials implicated in the “Kikori” mining scandal and other alleged graft cases. Demonstrators blocked major roads, held mass sit‑ins, and presented petitions calling for legislative reforms and transparent public‑service hiring. While most gatherings remained peaceful, police used tear gas and batons in several clashes, resulting in dozens of arrests. The rallies heightened domestic pressure for anti‑corruption legislation and contributed to subsequent reforms of PNG’s public‑sector oversight mechanisms."
2009,Samoa tsunami relief mobilization,Australia/Oceania,"In late September 2009 a magnitude‑8.1 under‑sea earthquake struck near the Samoan Islands, generating a tsunami that devastated coastal communities in Samoa, American Samoa, and Tonga. Within hours, New Zealand’s Defence Force deployed naval and air assets, while Australia sent the HMAS Adelaide and medical teams. The United States Pacific Command coordinated aid flights, and the United Nations Office for the Coordination of Humanitarian Affairs organized a joint appeal that mobilized NGOs such as the Red Cross and Oxfam. By early October, emergency shelters, clean‑water supplies, and temporary medical clinics were established for over 30 000 displaced persons, and reconstruction planning began under the Pacific Islands Forum’s regional recovery framework."
2010,Queensland floods: mass volunteerism,Australia/Oceania,"During the 2010–2011 Queensland flood season, unprecedented rainfall caused rivers to breach banks, inundating Brisbane, the Lockyer Valley and other regions, displacing over 30,000 residents and damaging infrastructure worth billions of dollars. In response, a large‑scale volunteer movement emerged: community groups, charities, the Australian Red Cross, and thousands of ordinary citizens organized sandbagging, rescue operations, food distribution, and clean‑up crews. Social‑media platforms coordinated efforts, while the Queensland Government and emergency services integrated volunteers into official response plans. By early 2011, more than 100,000 volunteers had contributed an estimated 1.5 million hours, significantly augmenting relief capacity and shaping subsequent disaster‑management policies in Australia."
2011,Christchurch earthquake NZ,Australia/Oceania,"On 22 February 2011, a magnitude 6.3 shallow thrust earthquake struck the Canterbury region of New Zealand, with its epicenter just 2 km west of Christchurch’s central business district. The quake caused catastrophic damage to historic buildings, residential blocks, and infrastructure, leading to the collapse of the iconic Canterbury Cathedral and the Christchurch Arts Centre. Emergency services rescued thousands, while the death toll reached 185, making it the deadliest New Zealand disaster since the 1931 Hawke’s Bay quake. The event prompted a massive national and international humanitarian response, extensive urban rebuilding, and a review of building codes that subsequently strengthened seismic resilience across the country."
2012,Pacific Islands climate change protests,Australia/Oceania,"In 2012, citizens and leaders from Kiribati, Tuvalu, the Marshall Islands, Fiji, Samoa and other Pacific nations staged coordinated street protests and public rallies across their capitals and in diaspora communities. The demonstrations coincided with the lead‑up to the United Nations climate conference in Doha, demanding that the international community adopt legally binding emissions cuts and establish a fund to compensate islands already suffering loss and damage from sea‑level rise. Protesters used traditional symbols, displayed banners warning of disappearing shorelines, and pressed regional bodies such as the Pacific Islands Forum to amplify their voice. The movement helped place small‑state vulnerability at the centre of global climate negotiations that year."
2013,Australia bushfire disaster response,Australia/Oceania,"In early 2013, a series of severe bushfires swept across New South Wales, Victoria and Queensland, burning tens of thousands of hectares, destroying homes, and prompting evacuations of thousands. State governments declared emergencies; the Australian Federal Government activated the National Disaster Relief and Recovery Fund and dispatched the Australian Defence Force to provide aerial water bombing, logistics and personnel. Fire and rescue agencies coordinated with local volunteers, the Rural Fire Service and the New South Wales Rural Fire Service, while the Australian Red Cross delivered shelter and supplies. Post‑fire, a federal‑state inquiry examined response coordination, leading to reforms in inter‑agency communication, the expansion of the National Bushfire Management Policy and increased funding for community preparedness."
2014,NZ Flag Referendum mass participation,Australia/Oceania,"In 2014 New Zealand launched a nationwide flag‑change initiative that sparked unprecedented public involvement. A government‑appointed Flag Consideration Panel invited all citizens to submit design ideas, receiving over 10,000 entries. An online poll allowed the public to rank the shortlisted designs, drawing more than 2.5 million votes—roughly half the adult population. Simultaneously, a petition urging a binding referendum gathered around 300,000 signatures, prompting the government to commit to a two‑stage referendum process. The mass participation reflected strong civic engagement and debate over national identity, setting the stage for the subsequent 2015‑2016 referendums that ultimately retained the existing flag."
2015,Vanuatu Cyclone Pam global response,Australia/Oceania,"In March 2015 Cyclone Pam, a Category 5 storm, devastated Vanuatu’s islands, especially Espiritu Santo, destroying homes, schools and infrastructure and killing at least 15 people while displacing over 45,000. The disaster prompted one of the largest coordinated humanitarian responses in the Pacific. New Zealand and Australia dispatched naval vessels, aircraft and emergency supplies; France, the United Kingdom and Japan contributed funds and relief kits. The United Nations Office for the Coordination of Humanitarian Affairs led a joint appeal that raised more than US$100 million, while the Red Cross, UNICEF and the World Health Organization provided medical care, clean water and shelter. Recovery efforts focused on rebuilding housing, restoring power and strengthening disaster‑risk management to reduce vulnerability to future cyclones."
2016,Manus Island detention protests,Australia/Oceania,"Manus Island detention centre in Papua New Guinea, operated by the Australian government for boat‑arriving asylum seekers, became the focus of large‑scale unrest in 2016. After the 2015 killing of Iranian detainee Reza Barati by a guard, inmates organized a coordinated protest in February, setting fire to sections of the facility, chanting for an end to indefinite detention and demanding the release of the guard. Australian authorities responded with police, tear‑gas and force, relocating some detainees to other offshore sites. The episode attracted global media attention, prompted criticism from human‑rights groups, and intensified domestic debate over Australia’s offshore processing policy."
2017,Australian marriage equality campaign,Australia/Oceania,"In 2017 Australia conducted a nationwide postal survey to gauge public support for legalising same‑sex marriage. Launched on 12 September and closed on 7 November, the Australian Marriage Equality campaign (the “Yes” side) mobilised volunteers, media ads, and community events to encourage participation, while a coordinated “No” campaign presented religious and traditionalist arguments. The Australian Bureau of Statistics oversaw the vote, which saw a 79 % turnout and a 61.6 % majority in favour. The result prompted Parliament to pass the Marriage Amendment (Definition and Religious Freedoms) Act 2017 on 8 December, amending the Marriage Act to recognise marriage between two consenting adults regardless of gender, thereby legalising marriage equality nationwide."
2018,Tongan evacuation after volcanic eruption,Australia/Oceania,"On 20 December 2018 the submarine volcano Hunga Tonga‑Hunga Haʻapai erupted explosively, sending a massive ash plume and generating a tsunami that struck the Haʻapai archipelago. The Tongan government ordered the evacuation of roughly 2,000 residents from the affected islands, relocating them to the capital Nukuʻalofa and neighboring islands. New Zealand, Australia, Fiji and the United States dispatched emergency supplies, medical teams and transport vessels to assist the displaced population. The eruption destroyed homes, damaged the main airport on Tongatapu, and disrupted communications and power across the kingdom. By early January 2019 most evacuees had returned, but recovery of infrastructure and livelihoods continued for months."
2019,Sydney climate strikes,Australia/Oceania,"In August 2019, Sydney became a focal point of the global school‑strike movement inspired by Greta Thunberg’s Fridays for Future. Tens of thousands of students, teachers, and climate activists gathered in the city’s central business district and marched to the New South Wales Parliament, demanding stronger government action on carbon emissions, a transition to renewable energy, and adherence to the Paris Agreement targets. The protests featured speeches, banners, and coordinated actions with other Australian cities, highlighting concerns over the nation’s reliance on coal and gas. While the strikes received extensive media coverage and prompted public debate, the state and federal governments offered limited policy concessions, underscoring the ongoing tension between youth climate activism and established political agendas."
2020,COVID-19 lockdown and border closures,Australia/Oceania,"In March 2020 Australia imposed its first nationwide restrictions, closing international airports to non‑residents and mandating 14‑day quarantine for returning citizens. State and territory governments introduced stay‑at‑home orders, limiting gatherings, shuttering non‑essential businesses, and deploying police to enforce curfews. Border closures extended to New Zealand and other Pacific nations, halting passenger flights and cruise ships, which devastated tourism‑dependent economies across the region. Domestic travel was restricted through a system of travel permits, while remote Indigenous communities received additional health safeguards. By mid‑year the measures had suppressed community transmission to low levels, but prolonged isolation strained supply chains, mental‑health services, and prompted extensive fiscal stimulus packages."
2021,Papua volcano eruption response,Australia/Oceania,"In December 2021, Mount Manam in Papua New Guinea erupted explosively, sending ash plumes up to 15 km and triggering pyroclastic flows that devastated villages on the island’s western flank. The PNG government declared a state of emergency, evacuating over 13,000 residents to temporary shelters in Rabaul and surrounding districts. International agencies, including the UN Office for the Coordination of Humanitarian Affairs and the Red Cross, mobilized emergency supplies, medical teams, and water purification kits. Australian and New Zealand disaster‑relief units provided logistical support, airlifting aid and assisting with damage assessments. By early 2022, the response had stabilized basic services, though many homes remained destroyed and reconstruction efforts continued under coordinated national and regional assistance."
2022,Fiji cyclone mass evacuations,Australia/Oceania,"In February 2022, Fiji’s Meteorological Service issued severe warnings as Cyclone Dovi approached the archipelago, prompting the government and the Fiji National Disaster Management Office to order large‑scale evacuations across the northern and eastern islands. Over 30,000 residents were moved from vulnerable coastal villages on Vanua Levu, Taveuni, and the Lau group to designated shelters and schools, with the military and Red Cross assisting in transport and provision of food, water, and medical aid. Dovi’s winds reached 150 km/h, causing extensive roof damage, power outages, and flooding of low‑lying areas. Although the cyclone’s core passed east of the main islands, the pre‑emptive evacuations limited loss of life, while recovery efforts focused on rebuilding homes and restoring infrastructure in the weeks that followed."
2023,Indigenous Voice to Parliament activism (Australia),Australia/Oceania,"Throughout 2023, Australia saw a nationwide surge of activism surrounding the proposed Indigenous Voice to Parliament, a constitutional amendment intended to create an elected body advising lawmakers on Aboriginal and Torres Strait Islander affairs. Indigenous leaders, community groups, and the Australian Labor Party campaigned for a “Yes” vote, organizing rallies, town‑hall meetings and a high‑profile media push. Opponents, including some conservative politicians, business groups and segments of the public, warned of bureaucratic overreach and called for a “No” vote, staging counter‑protests and legal challenges. The campaign intensified ahead of the October 14 referendum, which ultimately resulted in a majority “No” across all states, leaving the Voice proposal unimplemented."
2024,Pacific Islands anti-mining protests,Australia/Oceania,"In 2024, island communities across the Pacific—including Fiji, Vanuatu, the Solomon Islands, and the Marshall Islands—mounted coordinated protests against proposed deep‑sea and on‑shore mining projects backed by multinational firms such as The Metals Company (later DeepGreen) and Australian mining interests. Indigenous leaders, youth groups, and regional NGOs highlighted risks of coral damage, marine biodiversity loss, and displacement of traditional livelihoods, while invoking climate‑justice arguments. Demonstrations ranged from coastal blockades to mass rallies in capital cities, prompting several governments to announce temporary moratoria on seabed mining licenses and to call for a Pacific‑wide precautionary framework under the United Nations Convention on the Law of the Sea. The movement also spurred the Pacific Islands Forum to adopt a joint declaration urging stricter environmental assessments and greater community consent for future extractive activities."
2025,Brisbane Olympics preparations mass gatherings,Australia/Oceania,"In 2025, Brisbane, Queensland, became the focal point of extensive public gatherings as the city accelerated preparations for the 2032 Summer Olympics. Government agencies, construction firms, and sport bodies coordinated large‑scale site‑clearing, venue upgrades, and transport projects, drawing tens of thousands of residents to open‑house tours, volunteer sign‑ups, and civic forums. Simultaneously, Indigenous groups, environmental NGOs, and housing advocates organized protests and rallies demanding greater consultation, protection of sacred sites, and mitigation of carbon emissions linked to the Games’ infrastructure. Police reported several peaceful demonstrations and occasional clashes over crowd control. The dual dynamics of enthusiastic community participation and organized dissent highlighted the social and political stakes of hosting a major international sporting event."
